LEAGUE,DIVISION,TEAM_NAME,SCHEDULE_LINK

CPL,Boys U8 Division 1,Lakota Futbol Club Lakota FC B18/19 Black,https://system.gotsport.com/org_event/events/55642/schedules?team=4171575
CPL,Boys U8 Division 1,Cincy SC Cincy SC B18-19 Premier,https://system.gotsport.com/org_event/events/55642/schedules?team=4188080
CPL,Boys U8 Division 1,Mercury Mercury B2018/19 Red,https://system.gotsport.com/org_event/events/55642/schedules?team=4191821
CPL,Boys U8 Division 1,Madeira FC Madeira FC BU8 Orange,https://system.gotsport.com/org_event/events/55642/schedules?team=4175465
CPL,Boys U8 Division 1,Cincy Galaxy SC Cincy Galaxy U8B Academy,https://system.gotsport.com/org_event/events/55642/schedules?team=4191862
CPL,Boys U8 Division 2,Cincinnati West CWSC BU7/U8 Academy Elite,https://system.gotsport.com/org_event/events/55642/schedules?team=4139229
CPL,Boys U8 Division 2,Oak Hills Youth Athletics Oak Hills Premier Boys U8,https://system.gotsport.com/org_event/events/55642/schedules?team=4189136
CPL,Boys U8 Division 2,Cincy SC Cincy SC B18-19 Elite,https://system.gotsport.com/org_event/events/55642/schedules?team=4188159
CPL,Boys U8 Division 2,Kolping SC Kolping SC B37 Orange,https://system.gotsport.com/org_event/events/55642/schedules?team=4191182
CPL,Boys U8 Division 2,Lakota Futbol Club Lakota FC B18/19 Red,https://system.gotsport.com/org_event/events/55642/schedules?team=4165787
CPL,Boys U8 Division 2,Mercury B2018/19 West,https://system.gotsport.com/org_event/events/55642/schedules?team=4270378
CPL,Boys U8 Division 2,Northwest Cincy Soccer Coalition Northwest Cincy SC B18/19,https://system.gotsport.com/org_event/events/55642/schedules?team=4190287
CPL,Boys U8 Division 1,Lakota Futbol Club Lakota FC B18/19 Black,https://system.gotsport.com/org_event/events/55642/schedules?team=4171575
CPL,Boys U8 Division 1,Cincy SC Cincy SC B18-19 Premier,https://system.gotsport.com/org_event/events/55642/schedules?team=4188080
CPL,Boys U8 Division 1,Mercury Mercury B2018/19 Red,https://system.gotsport.com/org_event/events/55642/schedules?team=4191821
CPL,Boys U8 Division 1,Madeira FC Madeira FC BU8 Orange,https://system.gotsport.com/org_event/events/55642/schedules?team=4175465
CPL,Boys U8 Division 1,Cincy Galaxy SC Cincy Galaxy U8B Academy,https://system.gotsport.com/org_event/events/55642/schedules?team=4191862
CPL,Boys U8 Division 2,Cincinnati West CWSC BU7/U8 Academy Elite,https://system.gotsport.com/org_event/events/55642/schedules?team=4139229
CPL,Boys U8 Division 2,Oak Hills Youth Athletics Oak Hills Premier Boys U8,https://system.gotsport.com/org_event/events/55642/schedules?team=4189136
CPL,Boys U8 Division 2,Cincy SC Cincy SC B18-19 Elite,https://system.gotsport.com/org_event/events/55642/schedules?team=4188159
CPL,Boys U8 Division 2,Kolping SC Kolping SC B37 Orange,https://system.gotsport.com/org_event/events/55642/schedules?team=4191182
CPL,Boys U8 Division 2,Lakota Futbol Club Lakota FC B18/19 Red,https://system.gotsport.com/org_event/events/55642/schedules?team=4165787
CPL,Boys U8 Division 2,Mercury B2018/19 West,https://system.gotsport.com/org_event/events/55642/schedules?team=4270378
CPL,Boys U8 Division 2,Northwest Cincy Soccer Coalition Northwest Cincy SC B18/19,https://system.gotsport.com/org_event/events/55642/schedules?team=4190287
CPL,Boys U9 Division 1,Mercury Westside FC 2017/2018,https://system.gotsport.com/org_event/events/55642/schedules?team=4079944
CPL,Boys U9 Division 1,Kings Hammer Cincinnati KHA NKY BU9 Red,https://system.gotsport.com/org_event/events/55642/schedules?team=4137790
CPL,Boys U9 Division 1,Cincinnati United Soccer Club CUSC BU9 North LM Aston Villa,https://system.gotsport.com/org_event/events/55642/schedules?team=4159764
CPL,Boys U9 Division 1,Cincinnati United Soccer Club CUSC BU9 North SM Aberdeen,https://system.gotsport.com/org_event/events/55642/schedules?team=4159736
CPL,Boys U9 Division 1,Cincinnati United Soccer Club CUSC BU9 South Argentinos Jrs,https://system.gotsport.com/org_event/events/55642/schedules?team=4192067
CPL,Boys U9 Division 1,FC Storm FC Storm BU9 Loveland Orange,https://system.gotsport.com/org_event/events/55642/schedules?team=4161047
CPL,Boys U9 Division 2,Cincinnati United Soccer Club CUSC BU9 South Boca Jrs,https://system.gotsport.com/org_event/events/55642/schedules?team=4192072
CPL,Boys U9 Division 2,Lakota Futbol Club Lakota FC B17/18 Black,https://system.gotsport.com/org_event/events/55642/schedules?team=4165713
CPL,Boys U9 Division 2,Fairfield Optimist Soccer Club FOSC B17/18 Elite,https://system.gotsport.com/org_event/events/55642/schedules?team=4191127
CPL,Boys U9 Division 2,FC Storm FC Storm BU9 IH Orange,https://system.gotsport.com/org_event/events/55642/schedules?team=4161862
CPL,Boys U9 Division 2,Madeira FC Madeira FC BU9 Orange,https://system.gotsport.com/org_event/events/55642/schedules?team=4175520
CPL,Boys U9 Division 2,Cincy SC Cincy SC B17-18 Premier,https://system.gotsport.com/org_event/events/55642/schedules?team=4189724
CPL,Boys U9 Division 3,NWC Alliance Soccer Club NWC Alliance 2036 Boys Arsenal,https://system.gotsport.com/org_event/events/55642/schedules?team=4100566
CPL,Boys U9 Division 3,Kings Hammer Cincinnati KHA Sycamore BU9 Green,https://system.gotsport.com/org_event/events/55642/schedules?team=4155911
CPL,Boys U9 Division 3,Cincinnati United Soccer Club CUSC BU9 North LM Brentford,https://system.gotsport.com/org_event/events/55642/schedules?team=4159767
CPL,Boys U9 Division 3,Independence SC ISC U9B Kentucky Strikers,https://system.gotsport.com/org_event/events/55642/schedules?team=4186498
CPL,Boys U9 Division 3,STAR Rush Cincinnati STAR Rush BU9 Blue,https://system.gotsport.com/org_event/events/55642/schedules?team=4190627
CPL,Boys U9 Division 3,Cincy Galaxy SC Cincy Galaxy U9B Academy Blue,https://system.gotsport.com/org_event/events/55642/schedules?team=4191848
CPL,Boys U9 Division 3,Cincinnati United Soccer Club CUSC BU9 South Club America,https://system.gotsport.com/org_event/events/55642/schedules?team=4192075
CPL,Boys U9 Division 3,Real Soccer FC Real Soccer FC B2018,https://system.gotsport.com/org_event/events/55642/schedules?team=4256029
CPL,Boys U9 Division 3,Cincinnati United Soccer Club CUSC BU9 North SM Bournemouth,https://system.gotsport.com/org_event/events/55642/schedules?team=4159754
CPL,Boys U9 Division 4,NKY Gunners Athletic Club NKY Gunners Athletic Club B17/18,https://system.gotsport.com/org_event/events/55642/schedules?team=4122534
CPL,Boys U9 Division 4,Kings Hammer Cincinnati KHA NKY BU9 Black,https://system.gotsport.com/org_event/events/55642/schedules?team=4138105
CPL,Boys U9 Division 4,Cincinnati United Soccer Club CUSC BU9 North SM Coventry City,https://system.gotsport.com/org_event/events/55642/schedules?team=4159759
CPL,Boys U9 Division 4,Cincinnati Elite FC Cincinnati Elite FC BU09 Gold (2017/18),https://system.gotsport.com/org_event/events/55642/schedules?team=4170684
CPL,Boys U9 Division 4,FC Dayton FC Dayton U9 Boys Elite,https://system.gotsport.com/org_event/events/55642/schedules?team=4171704
CPL,Boys U9 Division 4,Cincy SC Cincy SC B17-18 Elite,https://system.gotsport.com/org_event/events/55642/schedules?team=4189759
CPL,Boys U9 Division 4,Cincinnati United Soccer Club CUSC BU9 South Defensor,https://system.gotsport.com/org_event/events/55642/schedules?team=4192078
CPL,Boys U9 Division 5,FC Storm FC Storm BU9 Loveland White,https://system.gotsport.com/org_event/events/55642/schedules?team=4161052
CPL,Boys U9 Division 5,Madeira FC Madeira FC BU9 Blue,https://system.gotsport.com/org_event/events/55642/schedules?team=4175524
CPL,Boys U9 Division 5,Cincinnati Grand Futbol Cincinnati Grand Futbol Club Boys (U9),https://system.gotsport.com/org_event/events/55642/schedules?team=4190378
CPL,Boys U9 Division 5,Oak Hills Youth Athletics Oak Hills Premier Boys U9,https://system.gotsport.com/org_event/events/55642/schedules?team=4190490
CPL,Boys U9 Division 5,Kolping SC Kolping SC B36 Orange,https://system.gotsport.com/org_event/events/55642/schedules?team=4191191
CPL,Boys U9 Division 5,Cincinnati United Soccer Club CUSC BU9 South Estudiantes,https://system.gotsport.com/org_event/events/55642/schedules?team=4192080
CPL,Boys U9 Division 5,Cincinnati United Soccer Club CUSC BU9 WEST AJAX,https://system.gotsport.com/org_event/events/55642/schedules?team=4205061
CPL,Boys U9 Division 5,Mercury Mercury B2017/18 West,https://system.gotsport.com/org_event/events/55642/schedules?team=4192191
CPL,Boys U9 Division 6,Little Miami FC LMFC U9 Boys Elite,https://system.gotsport.com/org_event/events/55642/schedules?team=4134614
CPL,Boys U9 Division 6,Kings Hammer Cincinnati KHA NKY BU9 Gray,https://system.gotsport.com/org_event/events/55642/schedules?team=4138127
CPL,Boys U9 Division 6,Cincinnati United Soccer Club CUSC BU9 North LM Crystal Palace,https://system.gotsport.com/org_event/events/55642/schedules?team=4159771
CPL,Boys U9 Division 6,FC Storm FC Storm BU9 IH White,https://system.gotsport.com/org_event/events/55642/schedules?team=4161863
CPL,Boys U9 Division 6,Inner Cincinnati SA Inner Cincinnati U9,https://system.gotsport.com/org_event/events/55642/schedules?team=4175054
CPL,Boys U9 Division 6,Cincinnati United Soccer Club CUSC BU9 North SM Dundee United,https://system.gotsport.com/org_event/events/55642/schedules?team=4188931
CPL,Boys U9 Division 6,Cincy SC Cincy SC B17-18 Navy,https://system.gotsport.com/org_event/events/55642/schedules?team=4189851
CPL,Boys U9 Division 6,Fairfield Optimist Soccer Club FOSC Lebanon Warrior Premier B17/18 Maroon,https://system.gotsport.com/org_event/events/55642/schedules?team=4192174
CPL,Boys U9 Division 7,NWC Alliance Soccer Club NWC Alliance 2036 Boys Chelsea,https://system.gotsport.com/org_event/events/55642/schedules?team=4100576
CPL,Boys U9 Division 7,Total Futbol Academy (OH) TFA B2017-18 Premier,https://system.gotsport.com/org_event/events/55642/schedules?team=4145718
CPL,Boys U9 Division 7,Total Ginga Academy Total Ginga Academy U9B Blue (KY),https://system.gotsport.com/org_event/events/55642/schedules?team=4159501
CPL,Boys U9 Division 7,FC Dayton FC Dayton U9 Boys Navy,https://system.gotsport.com/org_event/events/55642/schedules?team=4171838
CPL,Boys U9 Division 7,On Goal Passion FC Passion FC 2017/2018B Gray,https://system.gotsport.com/org_event/events/55642/schedules?team=4169969
CPL,Boys U9 Division 7,Lakota Futbol Club Lakota FC B17/18 Red,https://system.gotsport.com/org_event/events/55642/schedules?team=4178401
CPL,Boys U9 Division 7,Cincy SC Cincy SC B17-18 Orange,https://system.gotsport.com/org_event/events/55642/schedules?team=4189853
CPL,Boys U9 Division 7,Campbell Soccer Club (CSC) CampbellSC U9B Stadtmiller,https://system.gotsport.com/org_event/events/55642/schedules?team=4175193
CPL,Boys U9 Division 8,Kings Hammer Cincinnati KHA Sycamore BU9 Black,https://system.gotsport.com/org_event/events/55642/schedules?team=4155914
CPL,Boys U9 Division 8,Elevate FC Elevate FC BU9 Blue,https://system.gotsport.com/org_event/events/55642/schedules?team=4158176
CPL,Boys U9 Division 8,Total Ginga Academy Total Ginga Academy U9B (OH),https://system.gotsport.com/org_event/events/55642/schedules?team=4159546
CPL,Boys U9 Division 8,FC Storm FC Storm BU9 Loveland Black,https://system.gotsport.com/org_event/events/55642/schedules?team=4161055
CPL,Boys U9 Division 8,Lord's Gym Price Hill Lord's Gym F.C. BU9,https://system.gotsport.com/org_event/events/55642/schedules?team=4175479
CPL,Boys U9 Division 8,Cincinnati West CWSC BU9 Academy Elite,https://system.gotsport.com/org_event/events/55642/schedules?team=4229824
CPL,Boys U9 Division 8,Cincy SC Cincy SC B17-18 White,https://system.gotsport.com/org_event/events/55642/schedules?team=4189857
CPL,Boys U9 Division 8,Fairfield Optimist Soccer Club FOSC Lebanon Warrior Premier B17/18 White,https://system.gotsport.com/org_event/events/55642/schedules?team=4191351
CPL,Boys U9 Division 8,Independence SC ISC U9B Cobras,https://system.gotsport.com/org_event/events/55642/schedules?team=4186544
CPL,Boys U9 Division 9,Cincinnati United Soccer Club CUSC BU9 South Flamengo,https://system.gotsport.com/org_event/events/55642/schedules?team=4192083
CPL,Boys U9 Division 9,Alliance Cincinnati SC ACSC Boys U9 Academy,https://system.gotsport.com/org_event/events/55642/schedules?team=4192318
CPL,Boys U9 Division 9,Impact GFC Valhalla FC BU9 Blue,https://system.gotsport.com/org_event/events/55642/schedules?team=4192857
CPL,Boys U9 Division 9,Mercury BSC Premier B17/18,https://system.gotsport.com/org_event/events/55642/schedules?team=4099015
CPL,Boys U9 Division 9,Lakota Futbol Club Lakota FC B17/18 Gray,https://system.gotsport.com/org_event/events/55642/schedules?team=4166238
CPL,Boys U9 Division 9,Total Ginga Academy Total Ginga Academy U9B Black (KY),https://system.gotsport.com/org_event/events/55642/schedules?team=4159506
CPL,Boys U9 Division 10,Little Miami FC LMFC U9 Boys Gold,https://system.gotsport.com/org_event/events/55642/schedules?team=4134615
CPL,Boys U9 Division 10,Kings Hammer Cincinnati KHA NKY BU9 White,https://system.gotsport.com/org_event/events/55642/schedules?team=4138156
CPL,Boys U9 Division 10,Campbell Soccer Club (CSC) CampbellSC U9B Neises,https://system.gotsport.com/org_event/events/55642/schedules?team=4175180
CPL,Boys U9 Division 10,Kings Hammer Cincinnati KHA Sycamore BU9 Gray,https://system.gotsport.com/org_event/events/55642/schedules?team=4239641
CPL,Boys U9 Division 10,STAR Rush Cincinnati STAR Rush BU9 White,https://system.gotsport.com/org_event/events/55642/schedules?team=4190661
CPL,Boys U9 Division 10,Kolping SC Kolping SC B36 Black,https://system.gotsport.com/org_event/events/55642/schedules?team=4191194
CPL,Boys U9 Division 10,Eclipse FC Eclipse FC Lil Mambas U9 B,https://system.gotsport.com/org_event/events/55642/schedules?team=4192233
CPL,Boys U9 Division 10,Edgewood Premier FC EPFC U8 Boys,https://system.gotsport.com/org_event/events/55642/schedules?team=4192135
CPL,Boys U9 Division 1,Mercury Westside FC 2017/2018,https://system.gotsport.com/org_event/events/55642/schedules?team=4079944
CPL,Boys U9 Division 1,Kings Hammer Cincinnati KHA NKY BU9 Red,https://system.gotsport.com/org_event/events/55642/schedules?team=4137790
CPL,Boys U9 Division 1,Cincinnati United Soccer Club CUSC BU9 North LM Aston Villa,https://system.gotsport.com/org_event/events/55642/schedules?team=4159764
CPL,Boys U9 Division 1,Cincinnati United Soccer Club CUSC BU9 North SM Aberdeen,https://system.gotsport.com/org_event/events/55642/schedules?team=4159736
CPL,Boys U9 Division 1,Cincinnati United Soccer Club CUSC BU9 South Argentinos Jrs,https://system.gotsport.com/org_event/events/55642/schedules?team=4192067
CPL,Boys U9 Division 1,FC Storm FC Storm BU9 Loveland Orange,https://system.gotsport.com/org_event/events/55642/schedules?team=4161047
CPL,Boys U9 Division 2,Cincinnati United Soccer Club CUSC BU9 South Boca Jrs,https://system.gotsport.com/org_event/events/55642/schedules?team=4192072
CPL,Boys U9 Division 2,Lakota Futbol Club Lakota FC B17/18 Black,https://system.gotsport.com/org_event/events/55642/schedules?team=4165713
CPL,Boys U9 Division 2,Fairfield Optimist Soccer Club FOSC B17/18 Elite,https://system.gotsport.com/org_event/events/55642/schedules?team=4191127
CPL,Boys U9 Division 2,FC Storm FC Storm BU9 IH Orange,https://system.gotsport.com/org_event/events/55642/schedules?team=4161862
CPL,Boys U9 Division 2,Madeira FC Madeira FC BU9 Orange,https://system.gotsport.com/org_event/events/55642/schedules?team=4175520
CPL,Boys U9 Division 2,Cincy SC Cincy SC B17-18 Premier,https://system.gotsport.com/org_event/events/55642/schedules?team=4189724
CPL,Boys U9 Division 3,NWC Alliance Soccer Club NWC Alliance 2036 Boys Arsenal,https://system.gotsport.com/org_event/events/55642/schedules?team=4100566
CPL,Boys U9 Division 3,Kings Hammer Cincinnati KHA Sycamore BU9 Green,https://system.gotsport.com/org_event/events/55642/schedules?team=4155911
CPL,Boys U9 Division 3,Cincinnati United Soccer Club CUSC BU9 North LM Brentford,https://system.gotsport.com/org_event/events/55642/schedules?team=4159767
CPL,Boys U9 Division 3,Independence SC ISC U9B Kentucky Strikers,https://system.gotsport.com/org_event/events/55642/schedules?team=4186498
CPL,Boys U9 Division 3,STAR Rush Cincinnati STAR Rush BU9 Blue,https://system.gotsport.com/org_event/events/55642/schedules?team=4190627
CPL,Boys U9 Division 3,Cincy Galaxy SC Cincy Galaxy U9B Academy Blue,https://system.gotsport.com/org_event/events/55642/schedules?team=4191848
CPL,Boys U9 Division 3,Cincinnati United Soccer Club CUSC BU9 South Club America,https://system.gotsport.com/org_event/events/55642/schedules?team=4192075
CPL,Boys U9 Division 3,Real Soccer FC Real Soccer FC B2018,https://system.gotsport.com/org_event/events/55642/schedules?team=4256029
CPL,Boys U9 Division 3,Cincinnati United Soccer Club CUSC BU9 North SM Bournemouth,https://system.gotsport.com/org_event/events/55642/schedules?team=4159754
CPL,Boys U9 Division 4,NKY Gunners Athletic Club NKY Gunners Athletic Club B17/18,https://system.gotsport.com/org_event/events/55642/schedules?team=4122534
CPL,Boys U9 Division 4,Kings Hammer Cincinnati KHA NKY BU9 Black,https://system.gotsport.com/org_event/events/55642/schedules?team=4138105
CPL,Boys U9 Division 4,Cincinnati United Soccer Club CUSC BU9 North SM Coventry City,https://system.gotsport.com/org_event/events/55642/schedules?team=4159759
CPL,Boys U9 Division 4,Cincinnati Elite FC Cincinnati Elite FC BU09 Gold (2017/18),https://system.gotsport.com/org_event/events/55642/schedules?team=4170684
CPL,Boys U9 Division 4,FC Dayton FC Dayton U9 Boys Elite,https://system.gotsport.com/org_event/events/55642/schedules?team=4171704
CPL,Boys U9 Division 4,Cincy SC Cincy SC B17-18 Elite,https://system.gotsport.com/org_event/events/55642/schedules?team=4189759
CPL,Boys U9 Division 4,Cincinnati United Soccer Club CUSC BU9 South Defensor,https://system.gotsport.com/org_event/events/55642/schedules?team=4192078
CPL,Boys U9 Division 5,FC Storm FC Storm BU9 Loveland White,https://system.gotsport.com/org_event/events/55642/schedules?team=4161052
CPL,Boys U9 Division 5,Madeira FC Madeira FC BU9 Blue,https://system.gotsport.com/org_event/events/55642/schedules?team=4175524
CPL,Boys U9 Division 5,Cincinnati Grand Futbol Cincinnati Grand Futbol Club Boys (U9),https://system.gotsport.com/org_event/events/55642/schedules?team=4190378
CPL,Boys U9 Division 5,Oak Hills Youth Athletics Oak Hills Premier Boys U9,https://system.gotsport.com/org_event/events/55642/schedules?team=4190490
CPL,Boys U9 Division 5,Kolping SC Kolping SC B36 Orange,https://system.gotsport.com/org_event/events/55642/schedules?team=4191191
CPL,Boys U9 Division 5,Cincinnati United Soccer Club CUSC BU9 South Estudiantes,https://system.gotsport.com/org_event/events/55642/schedules?team=4192080
CPL,Boys U9 Division 5,Cincinnati United Soccer Club CUSC BU9 WEST AJAX,https://system.gotsport.com/org_event/events/55642/schedules?team=4205061
CPL,Boys U9 Division 5,Mercury Mercury B2017/18 West,https://system.gotsport.com/org_event/events/55642/schedules?team=4192191
CPL,Boys U9 Division 6,Little Miami FC LMFC U9 Boys Elite,https://system.gotsport.com/org_event/events/55642/schedules?team=4134614
CPL,Boys U9 Division 6,Kings Hammer Cincinnati KHA NKY BU9 Gray,https://system.gotsport.com/org_event/events/55642/schedules?team=4138127
CPL,Boys U9 Division 6,Cincinnati United Soccer Club CUSC BU9 North LM Crystal Palace,https://system.gotsport.com/org_event/events/55642/schedules?team=4159771
CPL,Boys U9 Division 6,FC Storm FC Storm BU9 IH White,https://system.gotsport.com/org_event/events/55642/schedules?team=4161863
CPL,Boys U9 Division 6,Inner Cincinnati SA Inner Cincinnati U9,https://system.gotsport.com/org_event/events/55642/schedules?team=4175054
CPL,Boys U9 Division 6,Cincinnati United Soccer Club CUSC BU9 North SM Dundee United,https://system.gotsport.com/org_event/events/55642/schedules?team=4188931
CPL,Boys U9 Division 6,Cincy SC Cincy SC B17-18 Navy,https://system.gotsport.com/org_event/events/55642/schedules?team=4189851
CPL,Boys U9 Division 6,Fairfield Optimist Soccer Club FOSC Lebanon Warrior Premier B17/18 Maroon,https://system.gotsport.com/org_event/events/55642/schedules?team=4192174
CPL,Boys U9 Division 7,NWC Alliance Soccer Club NWC Alliance 2036 Boys Chelsea,https://system.gotsport.com/org_event/events/55642/schedules?team=4100576
CPL,Boys U9 Division 7,Total Futbol Academy (OH) TFA B2017-18 Premier,https://system.gotsport.com/org_event/events/55642/schedules?team=4145718
CPL,Boys U9 Division 7,Total Ginga Academy Total Ginga Academy U9B Blue (KY),https://system.gotsport.com/org_event/events/55642/schedules?team=4159501
CPL,Boys U9 Division 7,FC Dayton FC Dayton U9 Boys Navy,https://system.gotsport.com/org_event/events/55642/schedules?team=4171838
CPL,Boys U9 Division 7,On Goal Passion FC Passion FC 2017/2018B Gray,https://system.gotsport.com/org_event/events/55642/schedules?team=4169969
CPL,Boys U9 Division 7,Lakota Futbol Club Lakota FC B17/18 Red,https://system.gotsport.com/org_event/events/55642/schedules?team=4178401
CPL,Boys U9 Division 7,Cincy SC Cincy SC B17-18 Orange,https://system.gotsport.com/org_event/events/55642/schedules?team=4189853
CPL,Boys U9 Division 7,Campbell Soccer Club (CSC) CampbellSC U9B Stadtmiller,https://system.gotsport.com/org_event/events/55642/schedules?team=4175193
CPL,Boys U9 Division 8,Kings Hammer Cincinnati KHA Sycamore BU9 Black,https://system.gotsport.com/org_event/events/55642/schedules?team=4155914
CPL,Boys U9 Division 8,Elevate FC Elevate FC BU9 Blue,https://system.gotsport.com/org_event/events/55642/schedules?team=4158176
CPL,Boys U9 Division 8,Total Ginga Academy Total Ginga Academy U9B (OH),https://system.gotsport.com/org_event/events/55642/schedules?team=4159546
CPL,Boys U9 Division 8,FC Storm FC Storm BU9 Loveland Black,https://system.gotsport.com/org_event/events/55642/schedules?team=4161055
CPL,Boys U9 Division 8,Lord's Gym Price Hill Lord's Gym F.C. BU9,https://system.gotsport.com/org_event/events/55642/schedules?team=4175479
CPL,Boys U9 Division 8,Cincinnati West CWSC BU9 Academy Elite,https://system.gotsport.com/org_event/events/55642/schedules?team=4229824
CPL,Boys U9 Division 8,Cincy SC Cincy SC B17-18 White,https://system.gotsport.com/org_event/events/55642/schedules?team=4189857
CPL,Boys U9 Division 8,Fairfield Optimist Soccer Club FOSC Lebanon Warrior Premier B17/18 White,https://system.gotsport.com/org_event/events/55642/schedules?team=4191351
CPL,Boys U9 Division 8,Independence SC ISC U9B Cobras,https://system.gotsport.com/org_event/events/55642/schedules?team=4186544
CPL,Boys U9 Division 9,Cincinnati United Soccer Club CUSC BU9 South Flamengo,https://system.gotsport.com/org_event/events/55642/schedules?team=4192083
CPL,Boys U9 Division 9,Alliance Cincinnati SC ACSC Boys U9 Academy,https://system.gotsport.com/org_event/events/55642/schedules?team=4192318
CPL,Boys U9 Division 9,Impact GFC Valhalla FC BU9 Blue,https://system.gotsport.com/org_event/events/55642/schedules?team=4192857
CPL,Boys U9 Division 9,Mercury BSC Premier B17/18,https://system.gotsport.com/org_event/events/55642/schedules?team=4099015
CPL,Boys U9 Division 9,Lakota Futbol Club Lakota FC B17/18 Gray,https://system.gotsport.com/org_event/events/55642/schedules?team=4166238
CPL,Boys U9 Division 9,Total Ginga Academy Total Ginga Academy U9B Black (KY),https://system.gotsport.com/org_event/events/55642/schedules?team=4159506
CPL,Boys U9 Division 10,Little Miami FC LMFC U9 Boys Gold,https://system.gotsport.com/org_event/events/55642/schedules?team=4134615
CPL,Boys U9 Division 10,Kings Hammer Cincinnati KHA NKY BU9 White,https://system.gotsport.com/org_event/events/55642/schedules?team=4138156
CPL,Boys U9 Division 10,Campbell Soccer Club (CSC) CampbellSC U9B Neises,https://system.gotsport.com/org_event/events/55642/schedules?team=4175180
CPL,Boys U9 Division 10,Kings Hammer Cincinnati KHA Sycamore BU9 Gray,https://system.gotsport.com/org_event/events/55642/schedules?team=4239641
CPL,Boys U9 Division 10,STAR Rush Cincinnati STAR Rush BU9 White,https://system.gotsport.com/org_event/events/55642/schedules?team=4190661
CPL,Boys U9 Division 10,Kolping SC Kolping SC B36 Black,https://system.gotsport.com/org_event/events/55642/schedules?team=4191194
CPL,Boys U9 Division 10,Eclipse FC Eclipse FC Lil Mambas U9 B,https://system.gotsport.com/org_event/events/55642/schedules?team=4192233
CPL,Boys U9 Division 10,Edgewood Premier FC EPFC U8 Boys,https://system.gotsport.com/org_event/events/55642/schedules?team=4192135
CPL,Boys U10 Division 1,Lawrenceburg Greendale Soccer Club LGSC Red Hawks,https://system.gotsport.com/org_event/events/55642/schedules?team=4116615
CPL,Boys U10 Division 1,Kings Hammer Cincinnati KHA Sycamore BU10 Green,https://system.gotsport.com/org_event/events/55642/schedules?team=4155825
CPL,Boys U10 Division 1,Kings Hammer Cincinnati KHA NKY BU10 Red,https://system.gotsport.com/org_event/events/55642/schedules?team=4120319
CPL,Boys U10 Division 1,Cincinnati United Soccer Club CUSC BU10 South Boca Jrs,https://system.gotsport.com/org_event/events/55642/schedules?team=4192088
CPL,Boys U10 Division 1,Cincinnati United Soccer Club CUSC BU10 North SM Bournemouth,https://system.gotsport.com/org_event/events/55642/schedules?team=4159777
CPL,Boys U10 Division 1,FC Storm FC Storm BU10 Loveland Orange,https://system.gotsport.com/org_event/events/55642/schedules?team=4161066
CPL,Boys U10 Division 1,Cincinnati Elite FC Cincinnati Elite FC BU10 Elite (2016/17),https://system.gotsport.com/org_event/events/55642/schedules?team=4170699
CPL,Boys U10 Division 1,Madeira FC Madeira FC B2017 Orange,https://system.gotsport.com/org_event/events/55642/schedules?team=4172927
CPL,Boys U10 Division 2,NWC Alliance Soccer Club NWC Alliance 2035 Boys Elite,https://system.gotsport.com/org_event/events/55642/schedules?team=4100346
CPL,Boys U10 Division 2,Cincinnati West CWSC BU10 Academy Elite,https://system.gotsport.com/org_event/events/55642/schedules?team=4124496
CPL,Boys U10 Division 2,Total Futbol Academy (OH) TFA Pre-ECNL B2017-18 Elite,https://system.gotsport.com/org_event/events/55642/schedules?team=4145469
CPL,Boys U10 Division 2,Fairfield Optimist Soccer Club FOSC B16/17 Elite,https://system.gotsport.com/org_event/events/55642/schedules?team=4191102
CPL,Boys U10 Division 2,Mercury Mercury B2016/17 Pre ECNL West,https://system.gotsport.com/org_event/events/55642/schedules?team=4191566
CPL,Boys U10 Division 2,Cincinnati United Soccer Club CUSC BU10 South Club America,https://system.gotsport.com/org_event/events/55642/schedules?team=4192102
CPL,Boys U10 Division 2,Kings Hammer Cincinnati KHA NKY GU10 Red-A,https://system.gotsport.com/org_event/events/55642/schedules?team=4206688
CPL,Boys U10 Division 2,Cincinnati United Soccer Club CUSC BU10 North SM Coventry City,https://system.gotsport.com/org_event/events/55642/schedules?team=4159791
CPL,Boys U10 Division 2,Real Soccer FC Real Soccer FC B2017,https://system.gotsport.com/org_event/events/55642/schedules?team=4256012
CPL,Boys U10 Division 3,Cincinnati United Soccer Club CUSC BU10 South Defensor,https://system.gotsport.com/org_event/events/55642/schedules?team=4192109
CPL,Boys U10 Division 3,STAR Rush Cincinnati STAR Rush BU10 Blue,https://system.gotsport.com/org_event/events/55642/schedules?team=4190546
CPL,Boys U10 Division 3,Cincinnati United Soccer Club CUSC BU10 North LM Brentford,https://system.gotsport.com/org_event/events/55642/schedules?team=4159799
CPL,Boys U10 Division 3,FC Dayton FC Dayton U10 Boys Elite,https://system.gotsport.com/org_event/events/55642/schedules?team=4172207
CPL,Boys U10 Division 3,FC Storm FC Storm BU10 IH Orange,https://system.gotsport.com/org_event/events/55642/schedules?team=4161867
CPL,Boys U10 Division 3,Kolping SC Kolping SC B35 Orange,https://system.gotsport.com/org_event/events/55642/schedules?team=4191199
CPL,Boys U10 Division 4,Kings Hammer Cincinnati KHA NKY BU10 Black,https://system.gotsport.com/org_event/events/55642/schedules?team=4120340
CPL,Boys U10 Division 4,Cincy SC Cincy SC B16-17 Navy,https://system.gotsport.com/org_event/events/55642/schedules?team=4144840
CPL,Boys U10 Division 4,Total Futbol Academy (OH) TFA B2016-17 Premier,https://system.gotsport.com/org_event/events/55642/schedules?team=4145724
CPL,Boys U10 Division 4,FC Storm FC Storm BU10 Loveland White,https://system.gotsport.com/org_event/events/55642/schedules?team=4161070
CPL,Boys U10 Division 4,Mercury Mercury SJB B16 Blue Jays,https://system.gotsport.com/org_event/events/55642/schedules?team=4164155
CPL,Boys U10 Division 4,Cincinnati Elite FC Cincinnati Elite FC BU10 Gold (2016/17),https://system.gotsport.com/org_event/events/55642/schedules?team=4170723
CPL,Boys U10 Division 4,Fusion FC NKY Fusion FC BU10 Green,https://system.gotsport.com/org_event/events/55642/schedules?team=4183681
CPL,Boys U10 Division 4,Lakota Futbol Club Lakota FC B16/17 Gray,https://system.gotsport.com/org_event/events/55642/schedules?team=4152086
CPL,Boys U10 Division 5,Cincinnati United Soccer Club CUSC BU10 North SM Dundee United,https://system.gotsport.com/org_event/events/55642/schedules?team=4159794
CPL,Boys U10 Division 5,Cincinnati United Soccer Club CUSC BU10 North LM Crystal Palace,https://system.gotsport.com/org_event/events/55642/schedules?team=4159802
CPL,Boys U10 Division 5,Campbell Soccer Club (CSC) CampbellSC U10B Enzweiler,https://system.gotsport.com/org_event/events/55642/schedules?team=4175270
CPL,Boys U10 Division 5,Madeira FC Madeira FC B2017 Blue,https://system.gotsport.com/org_event/events/55642/schedules?team=4181037
CPL,Boys U10 Division 5,Cincy SC Cincy SC B16-17 Orange,https://system.gotsport.com/org_event/events/55642/schedules?team=4189740
CPL,Boys U10 Division 5,Kings Hammer Cincinnati KHA Warren County BU10 Blue,https://system.gotsport.com/org_event/events/55642/schedules?team=4155983
CPL,Boys U10 Division 5,Cincinnati United Soccer Club CUSC BU10 South Estudiantes,https://system.gotsport.com/org_event/events/55642/schedules?team=4192116
CPL,Boys U10 Division 5,Cincinnati United Soccer Club CUSC BU10 WEST AJAX,https://system.gotsport.com/org_event/events/55642/schedules?team=4205133
CPL,Boys U10 Division 5,Alliance Cincinnati SC ACSC Boys U10 Gold Academy,https://system.gotsport.com/org_event/events/55642/schedules?team=4192266
CPL,Boys U10 Division 5,Cincy Galaxy SC Cincy Galaxy U10B,https://system.gotsport.com/org_event/events/55642/schedules?team=4192046
CPL,Boys U10 Division 6,NWC Alliance Soccer Club NWC Alliance 2035 Boys Premier,https://system.gotsport.com/org_event/events/55642/schedules?team=4100414
CPL,Boys U10 Division 6,Kings Hammer Cincinnati KHA NKY BU10 Gray,https://system.gotsport.com/org_event/events/55642/schedules?team=4120358
CPL,Boys U10 Division 6,Little Miami FC LMFC U10 Boys Elite,https://system.gotsport.com/org_event/events/55642/schedules?team=4134407
CPL,Boys U10 Division 6,Fairfield Optimist Soccer Club FOSC B16/17 Premier,https://system.gotsport.com/org_event/events/55642/schedules?team=4191107
CPL,Boys U10 Division 6,Cincinnati Elite FC Cincinnati Elite FC BU10 Premier (2016/17),https://system.gotsport.com/org_event/events/55642/schedules?team=4170738
CPL,Boys U10 Division 6,Campbell Soccer Club (CSC) CampbellSC U10B Willoughby,https://system.gotsport.com/org_event/events/55642/schedules?team=4175320
CPL,Boys U10 Division 6,Lord's Gym Price Hill Lord's Gym F.C. BU10,https://system.gotsport.com/org_event/events/55642/schedules?team=4175349
CPL,Boys U10 Division 6,Eclipse FC Eclipse FC Lil Mambas U10 B,https://system.gotsport.com/org_event/events/55642/schedules?team=4192243
CPL,Boys U10 Division 6,Fairfield Optimist Soccer Club FOSC Lebanon Warrior Premier B16/17 Maroon,https://system.gotsport.com/org_event/events/55642/schedules?team=4191364
CPL,Boys U10 Division 7,Invictus SC Invictus SC B2016/17,https://system.gotsport.com/org_event/events/55642/schedules?team=4225656
CPL,Boys U10 Division 7,Mercury BSC Premier B16/17,https://system.gotsport.com/org_event/events/55642/schedules?team=4099021
CPL,Boys U10 Division 7,Kings Hammer Cincinnati KHA Sycamore BU10 Black,https://system.gotsport.com/org_event/events/55642/schedules?team=4155874
CPL,Boys U10 Division 7,FC Storm FC Storm BU10 Loveland Black,https://system.gotsport.com/org_event/events/55642/schedules?team=4161866
CPL,Boys U10 Division 7,Campbell Soccer Club (CSC) CampbellSC U10B Lobaugh,https://system.gotsport.com/org_event/events/55642/schedules?team=4175310
CPL,Boys U10 Division 7,Fusion FC NKY Fusion FC BU10 Black,https://system.gotsport.com/org_event/events/55642/schedules?team=4183655
CPL,Boys U10 Division 7,Independence SC ISC U10B Lightning,https://system.gotsport.com/org_event/events/55642/schedules?team=4186782
CPL,Boys U10 Division 7,Cincy SC Cincy SC B16-17 White,https://system.gotsport.com/org_event/events/55642/schedules?team=4189751
CPL,Boys U10 Division 7,Cincinnati United Soccer Club CUSC BU10 South Flamengo,https://system.gotsport.com/org_event/events/55642/schedules?team=4192119
CPL,Boys U10 Division 7,Mercury Mercury B2016/17 West,https://system.gotsport.com/org_event/events/55642/schedules?team=4191784
CPL,Boys U10 Division 8,Lawrenceburg Greendale Soccer Club LGSC Tiger Fury,https://system.gotsport.com/org_event/events/55642/schedules?team=4119688
CPL,Boys U10 Division 8,NKY Gunners Athletic Club NKY Gunners Athletic Club B16/17,https://system.gotsport.com/org_event/events/55642/schedules?team=4122542
CPL,Boys U10 Division 8,Cincinnati West CWSC BU10 Academy Red,https://system.gotsport.com/org_event/events/55642/schedules?team=4137777
CPL,Boys U10 Division 8,FC Storm FC Storm BU10 IH White,https://system.gotsport.com/org_event/events/55642/schedules?team=4161073
CPL,Boys U10 Division 8,Independence SC ISC U10B Schawe,https://system.gotsport.com/org_event/events/55642/schedules?team=4186629
CPL,Boys U10 Division 8,Alliance Cincinnati SC ACSC Boys U10 Blue Academy,https://system.gotsport.com/org_event/events/55642/schedules?team=4192244
CPL,Boys U10 Division 8,Monroe Premier FC Monroe Premier FC U10B,https://system.gotsport.com/org_event/events/55642/schedules?team=4228189
CPL,Boys U10 Division 8,On Goal Passion FC Passion FC 2016/2017B Gray,https://system.gotsport.com/org_event/events/55642/schedules?team=4169964
CPL,Boys U10 Division 8,Oak Hills Youth Athletics Oak Hills Premier Boys U10 Black,https://system.gotsport.com/org_event/events/55642/schedules?team=4190623
CPL,Boys U10 Division 9,Kolping SC Kolping SC B35 Black,https://system.gotsport.com/org_event/events/55642/schedules?team=4191248
CPL,Boys U10 Division 9,Lakota Futbol Club Lakota FC B16/17 White,https://system.gotsport.com/org_event/events/55642/schedules?team=4152172
CPL,Boys U10 Division 9,Kings Hammer Cincinnati KHA Warren County BU10 Black,https://system.gotsport.com/org_event/events/55642/schedules?team=4155994
CPL,Boys U10 Division 9,Ohio United FC Ohio United FC B16/17 Academy,https://system.gotsport.com/org_event/events/55642/schedules?team=4192769
CPL,Boys U10 Division 9,Total Ginga Academy Total Ginga Academy U10B (KY),https://system.gotsport.com/org_event/events/55642/schedules?team=4159492
CPL,Boys U10 Division 9,Kings Hammer Cincinnati KHA NKY BU10 White,https://system.gotsport.com/org_event/events/55642/schedules?team=4120397
CPL,Boys U10 Division 9,Impact GFC Valhalla FC BU10 Blue,https://system.gotsport.com/org_event/events/55642/schedules?team=4192802
CPL,Boys U10 Division 9,STAR Rush Cincinnati STAR Rush BU10 White,https://system.gotsport.com/org_event/events/55642/schedules?team=4190601
CPL,Boys U10 Division 10,Lawrenceburg Greendale Soccer Club LGSC Predators,https://system.gotsport.com/org_event/events/55642/schedules?team=4111078
CPL,Boys U10 Division 10,Kings Hammer Cincinnati KHA NKY BU10 Teal,https://system.gotsport.com/org_event/events/55642/schedules?team=4120407
CPL,Boys U10 Division 10,Little Miami FC LMFC U10 Boys Gold,https://system.gotsport.com/org_event/events/55642/schedules?team=4134632
CPL,Boys U10 Division 10,Elevate FC Elevate FC BU10 Blue,https://system.gotsport.com/org_event/events/55642/schedules?team=4137913
CPL,Boys U10 Division 10,Lakota Futbol Club Lakota FC B16/17 Silver,https://system.gotsport.com/org_event/events/55642/schedules?team=4152197
CPL,Boys U10 Division 10,Taylor Creek Youth Organization TCFC Hotshots B2017,https://system.gotsport.com/org_event/events/55642/schedules?team=4194749
CPL,Boys U10 Division 10,Oak Hills Youth Athletics Oak Hills Premier Boys U10 Red,https://system.gotsport.com/org_event/events/55642/schedules?team=4190641
CPL,Boys U10 Division 10,Fairfield Optimist Soccer Club FOSC B16/17 Black,https://system.gotsport.com/org_event/events/55642/schedules?team=4191115
CPL,Boys U10 Division 10,Oxford United FC(OH) Oxford United B2016/2017,https://system.gotsport.com/org_event/events/55642/schedules?team=4189077
CPL,Boys U10 Division 1,Lawrenceburg Greendale Soccer Club LGSC Red Hawks,https://system.gotsport.com/org_event/events/55642/schedules?team=4116615
CPL,Boys U10 Division 1,Kings Hammer Cincinnati KHA Sycamore BU10 Green,https://system.gotsport.com/org_event/events/55642/schedules?team=4155825
CPL,Boys U10 Division 1,Kings Hammer Cincinnati KHA NKY BU10 Red,https://system.gotsport.com/org_event/events/55642/schedules?team=4120319
CPL,Boys U10 Division 1,Cincinnati United Soccer Club CUSC BU10 South Boca Jrs,https://system.gotsport.com/org_event/events/55642/schedules?team=4192088
CPL,Boys U10 Division 1,Cincinnati United Soccer Club CUSC BU10 North SM Bournemouth,https://system.gotsport.com/org_event/events/55642/schedules?team=4159777
CPL,Boys U10 Division 1,FC Storm FC Storm BU10 Loveland Orange,https://system.gotsport.com/org_event/events/55642/schedules?team=4161066
CPL,Boys U10 Division 1,Cincinnati Elite FC Cincinnati Elite FC BU10 Elite (2016/17),https://system.gotsport.com/org_event/events/55642/schedules?team=4170699
CPL,Boys U10 Division 1,Madeira FC Madeira FC B2017 Orange,https://system.gotsport.com/org_event/events/55642/schedules?team=4172927
CPL,Boys U10 Division 2,NWC Alliance Soccer Club NWC Alliance 2035 Boys Elite,https://system.gotsport.com/org_event/events/55642/schedules?team=4100346
CPL,Boys U10 Division 2,Cincinnati West CWSC BU10 Academy Elite,https://system.gotsport.com/org_event/events/55642/schedules?team=4124496
CPL,Boys U10 Division 2,Total Futbol Academy (OH) TFA Pre-ECNL B2017-18 Elite,https://system.gotsport.com/org_event/events/55642/schedules?team=4145469
CPL,Boys U10 Division 2,Fairfield Optimist Soccer Club FOSC B16/17 Elite,https://system.gotsport.com/org_event/events/55642/schedules?team=4191102
CPL,Boys U10 Division 2,Mercury Mercury B2016/17 Pre ECNL West,https://system.gotsport.com/org_event/events/55642/schedules?team=4191566
CPL,Boys U10 Division 2,Cincinnati United Soccer Club CUSC BU10 South Club America,https://system.gotsport.com/org_event/events/55642/schedules?team=4192102
CPL,Boys U10 Division 2,Kings Hammer Cincinnati KHA NKY GU10 Red-A,https://system.gotsport.com/org_event/events/55642/schedules?team=4206688
CPL,Boys U10 Division 2,Cincinnati United Soccer Club CUSC BU10 North SM Coventry City,https://system.gotsport.com/org_event/events/55642/schedules?team=4159791
CPL,Boys U10 Division 2,Real Soccer FC Real Soccer FC B2017,https://system.gotsport.com/org_event/events/55642/schedules?team=4256012
CPL,Boys U10 Division 3,Cincinnati United Soccer Club CUSC BU10 South Defensor,https://system.gotsport.com/org_event/events/55642/schedules?team=4192109
CPL,Boys U10 Division 3,STAR Rush Cincinnati STAR Rush BU10 Blue,https://system.gotsport.com/org_event/events/55642/schedules?team=4190546
CPL,Boys U10 Division 3,Cincinnati United Soccer Club CUSC BU10 North LM Brentford,https://system.gotsport.com/org_event/events/55642/schedules?team=4159799
CPL,Boys U10 Division 3,FC Dayton FC Dayton U10 Boys Elite,https://system.gotsport.com/org_event/events/55642/schedules?team=4172207
CPL,Boys U10 Division 3,FC Storm FC Storm BU10 IH Orange,https://system.gotsport.com/org_event/events/55642/schedules?team=4161867
CPL,Boys U10 Division 3,Kolping SC Kolping SC B35 Orange,https://system.gotsport.com/org_event/events/55642/schedules?team=4191199
CPL,Boys U10 Division 4,Kings Hammer Cincinnati KHA NKY BU10 Black,https://system.gotsport.com/org_event/events/55642/schedules?team=4120340
CPL,Boys U10 Division 4,Cincy SC Cincy SC B16-17 Navy,https://system.gotsport.com/org_event/events/55642/schedules?team=4144840
CPL,Boys U10 Division 4,Total Futbol Academy (OH) TFA B2016-17 Premier,https://system.gotsport.com/org_event/events/55642/schedules?team=4145724
CPL,Boys U10 Division 4,FC Storm FC Storm BU10 Loveland White,https://system.gotsport.com/org_event/events/55642/schedules?team=4161070
CPL,Boys U10 Division 4,Mercury Mercury SJB B16 Blue Jays,https://system.gotsport.com/org_event/events/55642/schedules?team=4164155
CPL,Boys U10 Division 4,Cincinnati Elite FC Cincinnati Elite FC BU10 Gold (2016/17),https://system.gotsport.com/org_event/events/55642/schedules?team=4170723
CPL,Boys U10 Division 4,Fusion FC NKY Fusion FC BU10 Green,https://system.gotsport.com/org_event/events/55642/schedules?team=4183681
CPL,Boys U10 Division 4,Lakota Futbol Club Lakota FC B16/17 Gray,https://system.gotsport.com/org_event/events/55642/schedules?team=4152086
CPL,Boys U10 Division 5,Cincinnati United Soccer Club CUSC BU10 North SM Dundee United,https://system.gotsport.com/org_event/events/55642/schedules?team=4159794
CPL,Boys U10 Division 5,Cincinnati United Soccer Club CUSC BU10 North LM Crystal Palace,https://system.gotsport.com/org_event/events/55642/schedules?team=4159802
CPL,Boys U10 Division 5,Campbell Soccer Club (CSC) CampbellSC U10B Enzweiler,https://system.gotsport.com/org_event/events/55642/schedules?team=4175270
CPL,Boys U10 Division 5,Madeira FC Madeira FC B2017 Blue,https://system.gotsport.com/org_event/events/55642/schedules?team=4181037
CPL,Boys U10 Division 5,Cincy SC Cincy SC B16-17 Orange,https://system.gotsport.com/org_event/events/55642/schedules?team=4189740
CPL,Boys U10 Division 5,Kings Hammer Cincinnati KHA Warren County BU10 Blue,https://system.gotsport.com/org_event/events/55642/schedules?team=4155983
CPL,Boys U10 Division 5,Cincinnati United Soccer Club CUSC BU10 South Estudiantes,https://system.gotsport.com/org_event/events/55642/schedules?team=4192116
CPL,Boys U10 Division 5,Cincinnati United Soccer Club CUSC BU10 WEST AJAX,https://system.gotsport.com/org_event/events/55642/schedules?team=4205133
CPL,Boys U10 Division 5,Alliance Cincinnati SC ACSC Boys U10 Gold Academy,https://system.gotsport.com/org_event/events/55642/schedules?team=4192266
CPL,Boys U10 Division 5,Cincy Galaxy SC Cincy Galaxy U10B,https://system.gotsport.com/org_event/events/55642/schedules?team=4192046
CPL,Boys U10 Division 6,NWC Alliance Soccer Club NWC Alliance 2035 Boys Premier,https://system.gotsport.com/org_event/events/55642/schedules?team=4100414
CPL,Boys U10 Division 6,Kings Hammer Cincinnati KHA NKY BU10 Gray,https://system.gotsport.com/org_event/events/55642/schedules?team=4120358
CPL,Boys U10 Division 6,Little Miami FC LMFC U10 Boys Elite,https://system.gotsport.com/org_event/events/55642/schedules?team=4134407
CPL,Boys U10 Division 6,Fairfield Optimist Soccer Club FOSC B16/17 Premier,https://system.gotsport.com/org_event/events/55642/schedules?team=4191107
CPL,Boys U10 Division 6,Cincinnati Elite FC Cincinnati Elite FC BU10 Premier (2016/17),https://system.gotsport.com/org_event/events/55642/schedules?team=4170738
CPL,Boys U10 Division 6,Campbell Soccer Club (CSC) CampbellSC U10B Willoughby,https://system.gotsport.com/org_event/events/55642/schedules?team=4175320
CPL,Boys U10 Division 6,Lord's Gym Price Hill Lord's Gym F.C. BU10,https://system.gotsport.com/org_event/events/55642/schedules?team=4175349
CPL,Boys U10 Division 6,Eclipse FC Eclipse FC Lil Mambas U10 B,https://system.gotsport.com/org_event/events/55642/schedules?team=4192243
CPL,Boys U10 Division 6,Fairfield Optimist Soccer Club FOSC Lebanon Warrior Premier B16/17 Maroon,https://system.gotsport.com/org_event/events/55642/schedules?team=4191364
CPL,Boys U10 Division 7,Invictus SC Invictus SC B2016/17,https://system.gotsport.com/org_event/events/55642/schedules?team=4225656
CPL,Boys U10 Division 7,Mercury BSC Premier B16/17,https://system.gotsport.com/org_event/events/55642/schedules?team=4099021
CPL,Boys U10 Division 7,Kings Hammer Cincinnati KHA Sycamore BU10 Black,https://system.gotsport.com/org_event/events/55642/schedules?team=4155874
CPL,Boys U10 Division 7,FC Storm FC Storm BU10 Loveland Black,https://system.gotsport.com/org_event/events/55642/schedules?team=4161866
CPL,Boys U10 Division 7,Campbell Soccer Club (CSC) CampbellSC U10B Lobaugh,https://system.gotsport.com/org_event/events/55642/schedules?team=4175310
CPL,Boys U10 Division 7,Fusion FC NKY Fusion FC BU10 Black,https://system.gotsport.com/org_event/events/55642/schedules?team=4183655
CPL,Boys U10 Division 7,Independence SC ISC U10B Lightning,https://system.gotsport.com/org_event/events/55642/schedules?team=4186782
CPL,Boys U10 Division 7,Cincy SC Cincy SC B16-17 White,https://system.gotsport.com/org_event/events/55642/schedules?team=4189751
CPL,Boys U10 Division 7,Cincinnati United Soccer Club CUSC BU10 South Flamengo,https://system.gotsport.com/org_event/events/55642/schedules?team=4192119
CPL,Boys U10 Division 7,Mercury Mercury B2016/17 West,https://system.gotsport.com/org_event/events/55642/schedules?team=4191784
CPL,Boys U10 Division 8,Lawrenceburg Greendale Soccer Club LGSC Tiger Fury,https://system.gotsport.com/org_event/events/55642/schedules?team=4119688
CPL,Boys U10 Division 8,NKY Gunners Athletic Club NKY Gunners Athletic Club B16/17,https://system.gotsport.com/org_event/events/55642/schedules?team=4122542
CPL,Boys U10 Division 8,Cincinnati West CWSC BU10 Academy Red,https://system.gotsport.com/org_event/events/55642/schedules?team=4137777
CPL,Boys U10 Division 8,FC Storm FC Storm BU10 IH White,https://system.gotsport.com/org_event/events/55642/schedules?team=4161073
CPL,Boys U10 Division 8,Independence SC ISC U10B Schawe,https://system.gotsport.com/org_event/events/55642/schedules?team=4186629
CPL,Boys U10 Division 8,Alliance Cincinnati SC ACSC Boys U10 Blue Academy,https://system.gotsport.com/org_event/events/55642/schedules?team=4192244
CPL,Boys U10 Division 8,Monroe Premier FC Monroe Premier FC U10B,https://system.gotsport.com/org_event/events/55642/schedules?team=4228189
CPL,Boys U10 Division 8,On Goal Passion FC Passion FC 2016/2017B Gray,https://system.gotsport.com/org_event/events/55642/schedules?team=4169964
CPL,Boys U10 Division 8,Oak Hills Youth Athletics Oak Hills Premier Boys U10 Black,https://system.gotsport.com/org_event/events/55642/schedules?team=4190623
CPL,Boys U10 Division 9,Kolping SC Kolping SC B35 Black,https://system.gotsport.com/org_event/events/55642/schedules?team=4191248
CPL,Boys U10 Division 9,Lakota Futbol Club Lakota FC B16/17 White,https://system.gotsport.com/org_event/events/55642/schedules?team=4152172
CPL,Boys U10 Division 9,Kings Hammer Cincinnati KHA Warren County BU10 Black,https://system.gotsport.com/org_event/events/55642/schedules?team=4155994
CPL,Boys U10 Division 9,Ohio United FC Ohio United FC B16/17 Academy,https://system.gotsport.com/org_event/events/55642/schedules?team=4192769
CPL,Boys U10 Division 9,Total Ginga Academy Total Ginga Academy U10B (KY),https://system.gotsport.com/org_event/events/55642/schedules?team=4159492
CPL,Boys U10 Division 9,Kings Hammer Cincinnati KHA NKY BU10 White,https://system.gotsport.com/org_event/events/55642/schedules?team=4120397
CPL,Boys U10 Division 9,Impact GFC Valhalla FC BU10 Blue,https://system.gotsport.com/org_event/events/55642/schedules?team=4192802
CPL,Boys U10 Division 9,STAR Rush Cincinnati STAR Rush BU10 White,https://system.gotsport.com/org_event/events/55642/schedules?team=4190601
CPL,Boys U10 Division 10,Lawrenceburg Greendale Soccer Club LGSC Predators,https://system.gotsport.com/org_event/events/55642/schedules?team=4111078
CPL,Boys U10 Division 10,Kings Hammer Cincinnati KHA NKY BU10 Teal,https://system.gotsport.com/org_event/events/55642/schedules?team=4120407
CPL,Boys U10 Division 10,Little Miami FC LMFC U10 Boys Gold,https://system.gotsport.com/org_event/events/55642/schedules?team=4134632
CPL,Boys U10 Division 10,Elevate FC Elevate FC BU10 Blue,https://system.gotsport.com/org_event/events/55642/schedules?team=4137913
CPL,Boys U10 Division 10,Lakota Futbol Club Lakota FC B16/17 Silver,https://system.gotsport.com/org_event/events/55642/schedules?team=4152197
CPL,Boys U10 Division 10,Taylor Creek Youth Organization TCFC Hotshots B2017,https://system.gotsport.com/org_event/events/55642/schedules?team=4194749
CPL,Boys U10 Division 10,Oak Hills Youth Athletics Oak Hills Premier Boys U10 Red,https://system.gotsport.com/org_event/events/55642/schedules?team=4190641
CPL,Boys U10 Division 10,Fairfield Optimist Soccer Club FOSC B16/17 Black,https://system.gotsport.com/org_event/events/55642/schedules?team=4191115
CPL,Boys U10 Division 10,Oxford United FC(OH) Oxford United B2016/2017,https://system.gotsport.com/org_event/events/55642/schedules?team=4189077
CPL,Boys U11 Division 1,Lakota Futbol Club Lakota FC B16/17 Black,https://system.gotsport.com/org_event/events/55642/schedules?team=4090989
CPL,Boys U11 Division 1,Cincinnati United Soccer Club CUSC BU10 North LM Aston Villa,https://system.gotsport.com/org_event/events/55642/schedules?team=4159796
CPL,Boys U11 Division 1,Cincinnati United Soccer Club CUSC BU11 North Elite 2,https://system.gotsport.com/org_event/events/55642/schedules?team=4159804
CPL,Boys U11 Division 1,Forest Hills FC Forest Hills FC Blue,https://system.gotsport.com/org_event/events/55642/schedules?team=4189319
CPL,Boys U11 Division 1,Impact GFC Valhalla FC BU11 Blue,https://system.gotsport.com/org_event/events/55642/schedules?team=4192808
CPL,Boys U11 Division 1,Kolping SC Kolping SC B34 Orange,https://system.gotsport.com/org_event/events/55642/schedules?team=4191256
CPL,Boys U11 Division 2,Real Soccer FC Real Soccer FC B2016,https://system.gotsport.com/org_event/events/55642/schedules?team=4255996
CPL,Boys U11 Division 2,LSO United LSO United B2015/16,https://system.gotsport.com/org_event/events/55642/schedules?team=4139558
CPL,Boys U11 Division 2,Campbell Soccer Club (CSC) CampbellSC U11B Ireland,https://system.gotsport.com/org_event/events/55642/schedules?team=4175410
CPL,Boys U11 Division 2,Cincy SC Cincy SC B16-17 Premier,https://system.gotsport.com/org_event/events/55642/schedules?team=4178370
CPL,Boys U11 Division 2,Fusion FC NKY Fusion FC BU11 Green,https://system.gotsport.com/org_event/events/55642/schedules?team=4183765
CPL,Boys U11 Division 2,Cincy SC Cincy SC B15-16 Gray,https://system.gotsport.com/org_event/events/55642/schedules?team=4189767
CPL,Boys U11 Division 2,Eclipse FC Eclipse East Premier,https://system.gotsport.com/org_event/events/55642/schedules?team=4189976
CPL,Boys U11 Division 2,Cincinnati United Soccer Club CUSC BU11 South Yellow,https://system.gotsport.com/org_event/events/55642/schedules?team=4192126
CPL,Boys U11 Division 2,Kolping SC Kolping SC B34 Black,https://system.gotsport.com/org_event/events/55642/schedules?team=4191263
CPL,Boys U11 Division 3,Madeira FC Madeira FC B2016 Blue,https://system.gotsport.com/org_event/events/55642/schedules?team=4101855
CPL,Boys U11 Division 3,Lakota Futbol Club Lakota FC B16/17 Red,https://system.gotsport.com/org_event/events/55642/schedules?team=4131266
CPL,Boys U11 Division 3,Mercury Mercury B2015/16 West,https://system.gotsport.com/org_event/events/55642/schedules?team=4191791
CPL,Boys U11 Division 3,Cincinnati Elite FC Cincinnati Elite FC BU11 Gold (2015/16),https://system.gotsport.com/org_event/events/55642/schedules?team=4170710
CPL,Boys U11 Division 3,Cincy SC Cincy SC B15-16 Navy,https://system.gotsport.com/org_event/events/55642/schedules?team=4189771
CPL,Boys U11 Division 3,Cincy SC Cincy SC B16-17 Elite,https://system.gotsport.com/org_event/events/55642/schedules?team=4178491
CPL,Boys U11 Division 3,Eclipse FC Eclipse FC Lil Mambas,https://system.gotsport.com/org_event/events/55642/schedules?team=4189964
CPL,Boys U11 Division 3,STAR Rush Cincinnati STAR Rush BU11 White,https://system.gotsport.com/org_event/events/55642/schedules?team=4190518
CPL,Boys U11 Division 3,Kings Hammer Cincinnati KHA NKY BU11 Red,https://system.gotsport.com/org_event/events/55642/schedules?team=4120413
CPL,Boys U11 Division 4,Campbell Soccer Club (CSC) CampbellSC U11B Fotsch,https://system.gotsport.com/org_event/events/55642/schedules?team=4175355
CPL,Boys U11 Division 4,Independence SC ISC U11B Sammons,https://system.gotsport.com/org_event/events/55642/schedules?team=4187777
CPL,Boys U11 Division 4,Cincinnati United Soccer Club CUSC BU11 North Yellow,https://system.gotsport.com/org_event/events/55642/schedules?team=4159808
CPL,Boys U11 Division 4,Cincinnati United Soccer Club CUSC BU11 South Green,https://system.gotsport.com/org_event/events/55642/schedules?team=4192136
CPL,Boys U11 Division 4,Cincinnati West CWSC BU11 Academy Elite,https://system.gotsport.com/org_event/events/55642/schedules?team=4164409
CPL,Boys U11 Division 4,Cincy SC Cincy SC B15-16 Orange,https://system.gotsport.com/org_event/events/55642/schedules?team=4189777
CPL,Boys U11 Division 4,On Goal Passion FC Passion FC 2015/2016B Gray,https://system.gotsport.com/org_event/events/55642/schedules?team=4139040
CPL,Boys U11 Division 4,Lawrenceburg Greendale Soccer Club LGSC Lockdown,https://system.gotsport.com/org_event/events/55642/schedules?team=4125736
CPL,Boys U11 Division 4,Lakota Futbol Club Lakota FC B15/16 Gray,https://system.gotsport.com/org_event/events/55642/schedules?team=4074845
CPL,Boys U11 Division 5,Fairfield Optimist Soccer Club FOSC B15/16 Elite,https://system.gotsport.com/org_event/events/55642/schedules?team=4191098
CPL,Boys U11 Division 5,Cincy SC Cincy SC B15-16 White,https://system.gotsport.com/org_event/events/55642/schedules?team=4189779
CPL,Boys U11 Division 5,Fusion FC NKY Fusion FC BU11 Black,https://system.gotsport.com/org_event/events/55642/schedules?team=4183743
CPL,Boys U11 Division 5,Independence SC ISC U11B Hawks,https://system.gotsport.com/org_event/events/55642/schedules?team=4187765
CPL,Boys U11 Division 5,Kings Hammer Cincinnati KHA NKY BU11 Black,https://system.gotsport.com/org_event/events/55642/schedules?team=4120432
CPL,Boys U11 Division 5,Kings Hammer Cincinnati KHA Sycamore BU11 Green,https://system.gotsport.com/org_event/events/55642/schedules?team=4155883
CPL,Boys U11 Division 5,Little Miami FC LMFC U11 Boys Elite,https://system.gotsport.com/org_event/events/55642/schedules?team=4134633
CPL,Boys U11 Division 6,Forest Hills FC Forest Hills FC B2016 Kuhn,https://system.gotsport.com/org_event/events/55642/schedules?team=4192448
CPL,Boys U11 Division 6,Inner Cincinnati SA Inner Cincinnati U11,https://system.gotsport.com/org_event/events/55642/schedules?team=4175017
CPL,Boys U11 Division 6,NWC Alliance Soccer Club NWC Alliance 2034 Boys Premier 2,https://system.gotsport.com/org_event/events/55642/schedules?team=4100162
CPL,Boys U11 Division 6,Cincinnati United Soccer Club CUSC BU11 South White,https://system.gotsport.com/org_event/events/55642/schedules?team=4192138
CPL,Boys U11 Division 6,Cincinnati United Soccer Club CUSC BU11 WEST YELLOW,https://system.gotsport.com/org_event/events/55642/schedules?team=4205213
CPL,Boys U11 Division 6,FC Storm FC Storm BU11 Orange,https://system.gotsport.com/org_event/events/55642/schedules?team=4166629
CPL,Boys U11 Division 6,Madeira FC Madeira FC B2016 White,https://system.gotsport.com/org_event/events/55642/schedules?team=4180651
CPL,Boys U11 Division 7,Manu Ledesma Academy Manu Ledesma Academy,https://system.gotsport.com/org_event/events/55642/schedules?team=4085669
CPL,Boys U11 Division 7,Cincinnati West CWSC BU11 Academy Red,https://system.gotsport.com/org_event/events/55642/schedules?team=4138020
CPL,Boys U11 Division 7,Oxford United FC(OH) Oxford United B2015/2016,https://system.gotsport.com/org_event/events/55642/schedules?team=4189074
CPL,Boys U11 Division 7,Alliance Cincinnati SC ACSC Boys U11 Academy,https://system.gotsport.com/org_event/events/55642/schedules?team=4192284
CPL,Boys U11 Division 7,Butler Fury Soccer Club Butler Fury Youth Soccer Club Boys 2015/2016,https://system.gotsport.com/org_event/events/55642/schedules?team=4135613
CPL,Boys U11 Division 7,Elevate FC Elevate FC BU11 Blue,https://system.gotsport.com/org_event/events/55642/schedules?team=4158174
CPL,Boys U11 Division 7,FC Dayton FC Dayton U11 Boys Navy,https://system.gotsport.com/org_event/events/55642/schedules?team=4172229
CPL,Boys U11 Division 7,Fairfield Optimist Soccer Club FOSC Lebanon Warrior Premier B15/16 White,https://system.gotsport.com/org_event/events/55642/schedules?team=4191373
CPL,Boys U11 Division 8,Campbell Soccer Club (CSC) CampbellSC U11B Kramer,https://system.gotsport.com/org_event/events/55642/schedules?team=4175423
CPL,Boys U11 Division 8,Edgewood Premier FC EPFC U11 Boys,https://system.gotsport.com/org_event/events/55642/schedules?team=4192127
CPL,Boys U11 Division 8,Franklin Youth Soccer Association Franklin Premier FC U11 Boys,https://system.gotsport.com/org_event/events/55642/schedules?team=4182689
CPL,Boys U11 Division 8,Northwest Cincy Soccer Coalition Northwest Cincy SC B15/16,https://system.gotsport.com/org_event/events/55642/schedules?team=4190391
CPL,Boys U11 Division 8,Ohio United FC Ohio United FC B15/16 Academy,https://system.gotsport.com/org_event/events/55642/schedules?team=4192754
CPL,Boys U11 Division 8,On Goal Passion FC Passion FC 2015/2016B Blue,https://system.gotsport.com/org_event/events/55642/schedules?team=4169953
CPL,Boys U11 Division 8,STAR Rush Cincinnati STAR Rush BU11 Grey,https://system.gotsport.com/org_event/events/55642/schedules?team=4190532
CPL,Boys U11 Division 8,Total Futbol Academy (OH) TFA B2015-16 Premier,https://system.gotsport.com/org_event/events/55642/schedules?team=4185647
CPL,Boys U11 Division 1,Lakota Futbol Club Lakota FC B16/17 Black,https://system.gotsport.com/org_event/events/55642/schedules?team=4090989
CPL,Boys U11 Division 1,Cincinnati United Soccer Club CUSC BU10 North LM Aston Villa,https://system.gotsport.com/org_event/events/55642/schedules?team=4159796
CPL,Boys U11 Division 1,Cincinnati United Soccer Club CUSC BU11 North Elite 2,https://system.gotsport.com/org_event/events/55642/schedules?team=4159804
CPL,Boys U11 Division 1,Forest Hills FC Forest Hills FC Blue,https://system.gotsport.com/org_event/events/55642/schedules?team=4189319
CPL,Boys U11 Division 1,Impact GFC Valhalla FC BU11 Blue,https://system.gotsport.com/org_event/events/55642/schedules?team=4192808
CPL,Boys U11 Division 1,Kolping SC Kolping SC B34 Orange,https://system.gotsport.com/org_event/events/55642/schedules?team=4191256
CPL,Boys U11 Division 2,Real Soccer FC Real Soccer FC B2016,https://system.gotsport.com/org_event/events/55642/schedules?team=4255996
CPL,Boys U11 Division 2,LSO United LSO United B2015/16,https://system.gotsport.com/org_event/events/55642/schedules?team=4139558
CPL,Boys U11 Division 2,Campbell Soccer Club (CSC) CampbellSC U11B Ireland,https://system.gotsport.com/org_event/events/55642/schedules?team=4175410
CPL,Boys U11 Division 2,Cincy SC Cincy SC B16-17 Premier,https://system.gotsport.com/org_event/events/55642/schedules?team=4178370
CPL,Boys U11 Division 2,Fusion FC NKY Fusion FC BU11 Green,https://system.gotsport.com/org_event/events/55642/schedules?team=4183765
CPL,Boys U11 Division 2,Cincy SC Cincy SC B15-16 Gray,https://system.gotsport.com/org_event/events/55642/schedules?team=4189767
CPL,Boys U11 Division 2,Eclipse FC Eclipse East Premier,https://system.gotsport.com/org_event/events/55642/schedules?team=4189976
CPL,Boys U11 Division 2,Cincinnati United Soccer Club CUSC BU11 South Yellow,https://system.gotsport.com/org_event/events/55642/schedules?team=4192126
CPL,Boys U11 Division 2,Kolping SC Kolping SC B34 Black,https://system.gotsport.com/org_event/events/55642/schedules?team=4191263
CPL,Boys U11 Division 3,Madeira FC Madeira FC B2016 Blue,https://system.gotsport.com/org_event/events/55642/schedules?team=4101855
CPL,Boys U11 Division 3,Lakota Futbol Club Lakota FC B16/17 Red,https://system.gotsport.com/org_event/events/55642/schedules?team=4131266
CPL,Boys U11 Division 3,Mercury Mercury B2015/16 West,https://system.gotsport.com/org_event/events/55642/schedules?team=4191791
CPL,Boys U11 Division 3,Cincinnati Elite FC Cincinnati Elite FC BU11 Gold (2015/16),https://system.gotsport.com/org_event/events/55642/schedules?team=4170710
CPL,Boys U11 Division 3,Cincy SC Cincy SC B15-16 Navy,https://system.gotsport.com/org_event/events/55642/schedules?team=4189771
CPL,Boys U11 Division 3,Cincy SC Cincy SC B16-17 Elite,https://system.gotsport.com/org_event/events/55642/schedules?team=4178491
CPL,Boys U11 Division 3,Eclipse FC Eclipse FC Lil Mambas,https://system.gotsport.com/org_event/events/55642/schedules?team=4189964
CPL,Boys U11 Division 3,STAR Rush Cincinnati STAR Rush BU11 White,https://system.gotsport.com/org_event/events/55642/schedules?team=4190518
CPL,Boys U11 Division 3,Kings Hammer Cincinnati KHA NKY BU11 Red,https://system.gotsport.com/org_event/events/55642/schedules?team=4120413
CPL,Boys U11 Division 4,Campbell Soccer Club (CSC) CampbellSC U11B Fotsch,https://system.gotsport.com/org_event/events/55642/schedules?team=4175355
CPL,Boys U11 Division 4,Independence SC ISC U11B Sammons,https://system.gotsport.com/org_event/events/55642/schedules?team=4187777
CPL,Boys U11 Division 4,Cincinnati United Soccer Club CUSC BU11 North Yellow,https://system.gotsport.com/org_event/events/55642/schedules?team=4159808
CPL,Boys U11 Division 4,Cincinnati United Soccer Club CUSC BU11 South Green,https://system.gotsport.com/org_event/events/55642/schedules?team=4192136
CPL,Boys U11 Division 4,Cincinnati West CWSC BU11 Academy Elite,https://system.gotsport.com/org_event/events/55642/schedules?team=4164409
CPL,Boys U11 Division 4,Cincy SC Cincy SC B15-16 Orange,https://system.gotsport.com/org_event/events/55642/schedules?team=4189777
CPL,Boys U11 Division 4,On Goal Passion FC Passion FC 2015/2016B Gray,https://system.gotsport.com/org_event/events/55642/schedules?team=4139040
CPL,Boys U11 Division 4,Lawrenceburg Greendale Soccer Club LGSC Lockdown,https://system.gotsport.com/org_event/events/55642/schedules?team=4125736
CPL,Boys U11 Division 4,Lakota Futbol Club Lakota FC B15/16 Gray,https://system.gotsport.com/org_event/events/55642/schedules?team=4074845
CPL,Boys U11 Division 5,Fairfield Optimist Soccer Club FOSC B15/16 Elite,https://system.gotsport.com/org_event/events/55642/schedules?team=4191098
CPL,Boys U11 Division 5,Cincy SC Cincy SC B15-16 White,https://system.gotsport.com/org_event/events/55642/schedules?team=4189779
CPL,Boys U11 Division 5,Fusion FC NKY Fusion FC BU11 Black,https://system.gotsport.com/org_event/events/55642/schedules?team=4183743
CPL,Boys U11 Division 5,Independence SC ISC U11B Hawks,https://system.gotsport.com/org_event/events/55642/schedules?team=4187765
CPL,Boys U11 Division 5,Kings Hammer Cincinnati KHA NKY BU11 Black,https://system.gotsport.com/org_event/events/55642/schedules?team=4120432
CPL,Boys U11 Division 5,Kings Hammer Cincinnati KHA Sycamore BU11 Green,https://system.gotsport.com/org_event/events/55642/schedules?team=4155883
CPL,Boys U11 Division 5,Little Miami FC LMFC U11 Boys Elite,https://system.gotsport.com/org_event/events/55642/schedules?team=4134633
CPL,Boys U11 Division 6,Forest Hills FC Forest Hills FC B2016 Kuhn,https://system.gotsport.com/org_event/events/55642/schedules?team=4192448
CPL,Boys U11 Division 6,Inner Cincinnati SA Inner Cincinnati U11,https://system.gotsport.com/org_event/events/55642/schedules?team=4175017
CPL,Boys U11 Division 6,NWC Alliance Soccer Club NWC Alliance 2034 Boys Premier 2,https://system.gotsport.com/org_event/events/55642/schedules?team=4100162
CPL,Boys U11 Division 6,Cincinnati United Soccer Club CUSC BU11 South White,https://system.gotsport.com/org_event/events/55642/schedules?team=4192138
CPL,Boys U11 Division 6,Cincinnati United Soccer Club CUSC BU11 WEST YELLOW,https://system.gotsport.com/org_event/events/55642/schedules?team=4205213
CPL,Boys U11 Division 6,FC Storm FC Storm BU11 Orange,https://system.gotsport.com/org_event/events/55642/schedules?team=4166629
CPL,Boys U11 Division 6,Madeira FC Madeira FC B2016 White,https://system.gotsport.com/org_event/events/55642/schedules?team=4180651
CPL,Boys U11 Division 7,Manu Ledesma Academy Manu Ledesma Academy,https://system.gotsport.com/org_event/events/55642/schedules?team=4085669
CPL,Boys U11 Division 7,Cincinnati West CWSC BU11 Academy Red,https://system.gotsport.com/org_event/events/55642/schedules?team=4138020
CPL,Boys U11 Division 7,Oxford United FC(OH) Oxford United B2015/2016,https://system.gotsport.com/org_event/events/55642/schedules?team=4189074
CPL,Boys U11 Division 7,Alliance Cincinnati SC ACSC Boys U11 Academy,https://system.gotsport.com/org_event/events/55642/schedules?team=4192284
CPL,Boys U11 Division 7,Butler Fury Soccer Club Butler Fury Youth Soccer Club Boys 2015/2016,https://system.gotsport.com/org_event/events/55642/schedules?team=4135613
CPL,Boys U11 Division 7,Elevate FC Elevate FC BU11 Blue,https://system.gotsport.com/org_event/events/55642/schedules?team=4158174
CPL,Boys U11 Division 7,FC Dayton FC Dayton U11 Boys Navy,https://system.gotsport.com/org_event/events/55642/schedules?team=4172229
CPL,Boys U11 Division 7,Fairfield Optimist Soccer Club FOSC Lebanon Warrior Premier B15/16 White,https://system.gotsport.com/org_event/events/55642/schedules?team=4191373
CPL,Boys U11 Division 8,Campbell Soccer Club (CSC) CampbellSC U11B Kramer,https://system.gotsport.com/org_event/events/55642/schedules?team=4175423
CPL,Boys U11 Division 8,Edgewood Premier FC EPFC U11 Boys,https://system.gotsport.com/org_event/events/55642/schedules?team=4192127
CPL,Boys U11 Division 8,Franklin Youth Soccer Association Franklin Premier FC U11 Boys,https://system.gotsport.com/org_event/events/55642/schedules?team=4182689
CPL,Boys U11 Division 8,Northwest Cincy Soccer Coalition Northwest Cincy SC B15/16,https://system.gotsport.com/org_event/events/55642/schedules?team=4190391
CPL,Boys U11 Division 8,Ohio United FC Ohio United FC B15/16 Academy,https://system.gotsport.com/org_event/events/55642/schedules?team=4192754
CPL,Boys U11 Division 8,On Goal Passion FC Passion FC 2015/2016B Blue,https://system.gotsport.com/org_event/events/55642/schedules?team=4169953
CPL,Boys U11 Division 8,STAR Rush Cincinnati STAR Rush BU11 Grey,https://system.gotsport.com/org_event/events/55642/schedules?team=4190532
CPL,Boys U11 Division 8,Total Futbol Academy (OH) TFA B2015-16 Premier,https://system.gotsport.com/org_event/events/55642/schedules?team=4185647
CPL,Boys U12 Division 1,Cincinnati United Soccer Club CUSC BU12 South Yellow,https://system.gotsport.com/org_event/events/55642/schedules?team=4192148
CPL,Boys U12 Division 1,Real Soccer FC Real Soccer FC B2015,https://system.gotsport.com/org_event/events/55642/schedules?team=4253095
CPL,Boys U12 Division 1,Kings Hammer Cincinnati KHA Sycamore BU12 Green,https://system.gotsport.com/org_event/events/55642/schedules?team=4155891
CPL,Boys U12 Division 1,LSO United LSO United B2014/15,https://system.gotsport.com/org_event/events/55642/schedules?team=4113415
CPL,Boys U12 Division 1,Total Futbol Academy (OH) TFA Pre-ECNL B2014-15 Elite 2,https://system.gotsport.com/org_event/events/55642/schedules?team=4185650
CPL,Boys U12 Division 1,Total Futbol Academy (OH) TFA Pre-ECNL B2015-16 Elite,https://system.gotsport.com/org_event/events/55642/schedules?team=4142329
CPL,Boys U12 Division 2,Cincinnati United Soccer Club CUSC BU12 South Green,https://system.gotsport.com/org_event/events/55642/schedules?team=4192158
CPL,Boys U12 Division 2,Inner Cincinnati SA Inner Cincinnati U12,https://system.gotsport.com/org_event/events/55642/schedules?team=4174968
CPL,Boys U12 Division 2,Kolping SC Kolping SC B33 Orange,https://system.gotsport.com/org_event/events/55642/schedules?team=4191278
CPL,Boys U12 Division 2,Lawrenceburg Greendale Soccer Club LGSC Tigers Black,https://system.gotsport.com/org_event/events/55642/schedules?team=4130594
CPL,Boys U12 Division 2,Kings Hammer Cincinnati KHA NKY BU12 Red.,https://system.gotsport.com/org_event/events/55642/schedules?team=4138179
CPL,Boys U12 Division 2,Cincinnati West CWSC BU12 Academy Elite,https://system.gotsport.com/org_event/events/55642/schedules?team=4138079
CPL,Boys U12 Division 3,Cincinnati Grand Futbol Cincinnati Grand Futbol Boys (U12),https://system.gotsport.com/org_event/events/55642/schedules?team=4190364
CPL,Boys U12 Division 3,Cincy SC Cincy SC B14-15 Navy,https://system.gotsport.com/org_event/events/55642/schedules?team=4144626
CPL,Boys U12 Division 3,Alliance Cincinnati SC ACSC Boys U12 Academy Gold,https://system.gotsport.com/org_event/events/55642/schedules?team=4192290
CPL,Boys U12 Division 3,Madeira FC Madeira FC B2015 Blue,https://system.gotsport.com/org_event/events/55642/schedules?team=4113374
CPL,Boys U12 Division 3,Mercury BSC Premier B14/15,https://system.gotsport.com/org_event/events/55642/schedules?team=4099057
CPL,Boys U12 Division 3,Lakota Futbol Club Lakota FC B14/15 Gray,https://system.gotsport.com/org_event/events/55642/schedules?team=4181972
CPL,Boys U12 Division 3,Oxford United FC(OH) Oxford United B 2014/2015,https://system.gotsport.com/org_event/events/55642/schedules?team=4189061
CPL,Boys U12 Division 3,Cincinnati Elite FC Cincinnati Elite FC BU12 Gold (2015/16),https://system.gotsport.com/org_event/events/55642/schedules?team=4170764
CPL,Boys U12 Division 3,Mercury mercury B2014/15 west 1,https://system.gotsport.com/org_event/events/55642/schedules?team=4326178
CPL,Boys U12 Division 4,Cincinnati United Soccer Club CUSC BU12 North Yellow,https://system.gotsport.com/org_event/events/55642/schedules?team=4159985
CPL,Boys U12 Division 4,Cincinnati United Soccer Club CUSC BU12 WEST YELLOW,https://system.gotsport.com/org_event/events/55642/schedules?team=4205234
CPL,Boys U12 Division 4,Independence SC ISC U12B Green Hornets,https://system.gotsport.com/org_event/events/55642/schedules?team=4187804
CPL,Boys U12 Division 4,Mercury BSC Premier B15/16,https://system.gotsport.com/org_event/events/55642/schedules?team=4099034
CPL,Boys U12 Division 4,Monroe Premier FC Monroe Premier FC U12B,https://system.gotsport.com/org_event/events/55642/schedules?team=4107089
CPL,Boys U12 Division 4,Oak Hills Youth Athletics Oak Hills Premier Boys U12,https://system.gotsport.com/org_event/events/55642/schedules?team=4190678
CPL,Boys U12 Division 4,Total Futbol Academy (OH) TFA B2014-15 Premier,https://system.gotsport.com/org_event/events/55642/schedules?team=4185651
CPL,Boys U12 Division 4,Total Ginga Academy Total Ginga Academy U12B (KY),https://system.gotsport.com/org_event/events/55642/schedules?team=4159685
CPL,Boys U12 Division 4,Kings Hammer Cincinnati KHA NKY BU12 Black,https://system.gotsport.com/org_event/events/55642/schedules?team=4138202
CPL,Boys U12 Division 5,Cincinnati United Soccer Club CUSC BU12 North Green,https://system.gotsport.com/org_event/events/55642/schedules?team=4159989
CPL,Boys U12 Division 5,Cincy SC Cincy SC B14-15 Orange,https://system.gotsport.com/org_event/events/55642/schedules?team=4144569
CPL,Boys U12 Division 5,Elevate FC Elevate FC BU12 Blue1,https://system.gotsport.com/org_event/events/55642/schedules?team=4158284
CPL,Boys U12 Division 5,Kings Hammer Cincinnati KHA Warren County BU12 Black,https://system.gotsport.com/org_event/events/55642/schedules?team=4156383
CPL,Boys U12 Division 5,Mercury Mercury B2014/15 West 2,https://system.gotsport.com/org_event/events/55642/schedules?team=4191809
CPL,Boys U12 Division 5,STAR Rush Cincinnati STAR Rush BU12 White,https://system.gotsport.com/org_event/events/55642/schedules?team=4190507
CPL,Boys U12 Division 5,Kings Hammer Cincinnati KHA NKY BU12 Gray,https://system.gotsport.com/org_event/events/55642/schedules?team=4138214
CPL,Boys U12 Division 5,FC Dayton FC Dayton U12 Boys Navy,https://system.gotsport.com/org_event/events/55642/schedules?team=4172248
CPL,Boys U12 Division 5,Campbell Soccer Club (CSC) CampbellSC U12B IAdkins,https://system.gotsport.com/org_event/events/55642/schedules?team=4175476
CPL,Boys U12 Division 6,Taylor Creek Youth Organization TCFC Red Bulls B2015,https://system.gotsport.com/org_event/events/55642/schedules?team=4193970
CPL,Boys U12 Division 6,On Goal Passion FC Passion FC 2014/2015B Gray,https://system.gotsport.com/org_event/events/55642/schedules?team=4139006
CPL,Boys U12 Division 6,Campbell Soccer Club (CSC) CampbellSC U12B CAdkins,https://system.gotsport.com/org_event/events/55642/schedules?team=4175462
CPL,Boys U12 Division 6,Fusion FC NKY Fusion FC BU12 Black,https://system.gotsport.com/org_event/events/55642/schedules?team=4183857
CPL,Boys U12 Division 6,Cincinnati Elite FC Cincinnati Elite FC BU12 Premier (2014/15),https://system.gotsport.com/org_event/events/55642/schedules?team=4170755
CPL,Boys U12 Division 6,Lakota Futbol Club Lakota FC B14/15 White,https://system.gotsport.com/org_event/events/55642/schedules?team=4101454
CPL,Boys U12 Division 6,Mercury SJB Premier B15 Blue Jays,https://system.gotsport.com/org_event/events/55642/schedules?team=4073186
CPL,Boys U12 Division 6,NWC Alliance Soccer Club NWC Alliance 2033 Boys Premier,https://system.gotsport.com/org_event/events/55642/schedules?team=4098642
CPL,Boys U12 Division 6,Northwest Cincy Soccer Coalition Northwest Cincy SC B14/15 Strike,https://system.gotsport.com/org_event/events/55642/schedules?team=4192253
CPL,Boys U12 Division 7,Bellbrook Soccer Association Ohio Fusion SC BU12 Black,https://system.gotsport.com/org_event/events/55642/schedules?team=4187415
CPL,Boys U12 Division 7,Campbell Soccer Club (CSC) CampbellSC U12B Kafel,https://system.gotsport.com/org_event/events/55642/schedules?team=4175486
CPL,Boys U12 Division 7,Elevate FC Elevate FC U12 Blue2,https://system.gotsport.com/org_event/events/55642/schedules?team=4158184
CPL,Boys U12 Division 7,FC Storm FC Storm BU12 White,https://system.gotsport.com/org_event/events/55642/schedules?team=4166658
CPL,Boys U12 Division 7,Fairfield Optimist Soccer Club FOSC B14/15 Premier,https://system.gotsport.com/org_event/events/55642/schedules?team=4191091
CPL,Boys U12 Division 7,Fairfield Optimist Soccer Club FOSC Lebanon Warrior Premier B14/15,https://system.gotsport.com/org_event/events/55642/schedules?team=4192195
CPL,Boys U12 Division 7,Kings Hammer Cincinnati KHA NKY BU12 White,https://system.gotsport.com/org_event/events/55642/schedules?team=4138233
CPL,Boys U12 Division 7,Kolping SC Kolping SC B33 Black,https://system.gotsport.com/org_event/events/55642/schedules?team=4191283
CPL,Boys U12 Division 7,Ohio United FC Ohio United FC B14/15 Academy,https://system.gotsport.com/org_event/events/55642/schedules?team=4192783
CPL,Boys U12 Division 1,Cincinnati United Soccer Club CUSC BU12 South Yellow,https://system.gotsport.com/org_event/events/55642/schedules?team=4192148
CPL,Boys U12 Division 1,Real Soccer FC Real Soccer FC B2015,https://system.gotsport.com/org_event/events/55642/schedules?team=4253095
CPL,Boys U12 Division 1,Kings Hammer Cincinnati KHA Sycamore BU12 Green,https://system.gotsport.com/org_event/events/55642/schedules?team=4155891
CPL,Boys U12 Division 1,LSO United LSO United B2014/15,https://system.gotsport.com/org_event/events/55642/schedules?team=4113415
CPL,Boys U12 Division 1,Total Futbol Academy (OH) TFA Pre-ECNL B2014-15 Elite 2,https://system.gotsport.com/org_event/events/55642/schedules?team=4185650
CPL,Boys U12 Division 1,Total Futbol Academy (OH) TFA Pre-ECNL B2015-16 Elite,https://system.gotsport.com/org_event/events/55642/schedules?team=4142329
CPL,Boys U12 Division 2,Cincinnati United Soccer Club CUSC BU12 South Green,https://system.gotsport.com/org_event/events/55642/schedules?team=4192158
CPL,Boys U12 Division 2,Inner Cincinnati SA Inner Cincinnati U12,https://system.gotsport.com/org_event/events/55642/schedules?team=4174968
CPL,Boys U12 Division 2,Kolping SC Kolping SC B33 Orange,https://system.gotsport.com/org_event/events/55642/schedules?team=4191278
CPL,Boys U12 Division 2,Lawrenceburg Greendale Soccer Club LGSC Tigers Black,https://system.gotsport.com/org_event/events/55642/schedules?team=4130594
CPL,Boys U12 Division 2,Kings Hammer Cincinnati KHA NKY BU12 Red.,https://system.gotsport.com/org_event/events/55642/schedules?team=4138179
CPL,Boys U12 Division 2,Cincinnati West CWSC BU12 Academy Elite,https://system.gotsport.com/org_event/events/55642/schedules?team=4138079
CPL,Boys U12 Division 3,Cincinnati Grand Futbol Cincinnati Grand Futbol Boys (U12),https://system.gotsport.com/org_event/events/55642/schedules?team=4190364
CPL,Boys U12 Division 3,Cincy SC Cincy SC B14-15 Navy,https://system.gotsport.com/org_event/events/55642/schedules?team=4144626
CPL,Boys U12 Division 3,Alliance Cincinnati SC ACSC Boys U12 Academy Gold,https://system.gotsport.com/org_event/events/55642/schedules?team=4192290
CPL,Boys U12 Division 3,Madeira FC Madeira FC B2015 Blue,https://system.gotsport.com/org_event/events/55642/schedules?team=4113374
CPL,Boys U12 Division 3,Mercury BSC Premier B14/15,https://system.gotsport.com/org_event/events/55642/schedules?team=4099057
CPL,Boys U12 Division 3,Lakota Futbol Club Lakota FC B14/15 Gray,https://system.gotsport.com/org_event/events/55642/schedules?team=4181972
CPL,Boys U12 Division 3,Oxford United FC(OH) Oxford United B 2014/2015,https://system.gotsport.com/org_event/events/55642/schedules?team=4189061
CPL,Boys U12 Division 3,Cincinnati Elite FC Cincinnati Elite FC BU12 Gold (2015/16),https://system.gotsport.com/org_event/events/55642/schedules?team=4170764
CPL,Boys U12 Division 3,Mercury mercury B2014/15 west 1,https://system.gotsport.com/org_event/events/55642/schedules?team=4326178
CPL,Boys U12 Division 4,Cincinnati United Soccer Club CUSC BU12 North Yellow,https://system.gotsport.com/org_event/events/55642/schedules?team=4159985
CPL,Boys U12 Division 4,Cincinnati United Soccer Club CUSC BU12 WEST YELLOW,https://system.gotsport.com/org_event/events/55642/schedules?team=4205234
CPL,Boys U12 Division 4,Independence SC ISC U12B Green Hornets,https://system.gotsport.com/org_event/events/55642/schedules?team=4187804
CPL,Boys U12 Division 4,Mercury BSC Premier B15/16,https://system.gotsport.com/org_event/events/55642/schedules?team=4099034
CPL,Boys U12 Division 4,Monroe Premier FC Monroe Premier FC U12B,https://system.gotsport.com/org_event/events/55642/schedules?team=4107089
CPL,Boys U12 Division 4,Oak Hills Youth Athletics Oak Hills Premier Boys U12,https://system.gotsport.com/org_event/events/55642/schedules?team=4190678
CPL,Boys U12 Division 4,Total Futbol Academy (OH) TFA B2014-15 Premier,https://system.gotsport.com/org_event/events/55642/schedules?team=4185651
CPL,Boys U12 Division 4,Total Ginga Academy Total Ginga Academy U12B (KY),https://system.gotsport.com/org_event/events/55642/schedules?team=4159685
CPL,Boys U12 Division 4,Kings Hammer Cincinnati KHA NKY BU12 Black,https://system.gotsport.com/org_event/events/55642/schedules?team=4138202
CPL,Boys U12 Division 5,Cincinnati United Soccer Club CUSC BU12 North Green,https://system.gotsport.com/org_event/events/55642/schedules?team=4159989
CPL,Boys U12 Division 5,Cincy SC Cincy SC B14-15 Orange,https://system.gotsport.com/org_event/events/55642/schedules?team=4144569
CPL,Boys U12 Division 5,Elevate FC Elevate FC BU12 Blue1,https://system.gotsport.com/org_event/events/55642/schedules?team=4158284
CPL,Boys U12 Division 5,Kings Hammer Cincinnati KHA Warren County BU12 Black,https://system.gotsport.com/org_event/events/55642/schedules?team=4156383
CPL,Boys U12 Division 5,Mercury Mercury B2014/15 West 2,https://system.gotsport.com/org_event/events/55642/schedules?team=4191809
CPL,Boys U12 Division 5,STAR Rush Cincinnati STAR Rush BU12 White,https://system.gotsport.com/org_event/events/55642/schedules?team=4190507
CPL,Boys U12 Division 5,Kings Hammer Cincinnati KHA NKY BU12 Gray,https://system.gotsport.com/org_event/events/55642/schedules?team=4138214
CPL,Boys U12 Division 5,FC Dayton FC Dayton U12 Boys Navy,https://system.gotsport.com/org_event/events/55642/schedules?team=4172248
CPL,Boys U12 Division 5,Campbell Soccer Club (CSC) CampbellSC U12B IAdkins,https://system.gotsport.com/org_event/events/55642/schedules?team=4175476
CPL,Boys U12 Division 6,Taylor Creek Youth Organization TCFC Red Bulls B2015,https://system.gotsport.com/org_event/events/55642/schedules?team=4193970
CPL,Boys U12 Division 6,On Goal Passion FC Passion FC 2014/2015B Gray,https://system.gotsport.com/org_event/events/55642/schedules?team=4139006
CPL,Boys U12 Division 6,Campbell Soccer Club (CSC) CampbellSC U12B CAdkins,https://system.gotsport.com/org_event/events/55642/schedules?team=4175462
CPL,Boys U12 Division 6,Fusion FC NKY Fusion FC BU12 Black,https://system.gotsport.com/org_event/events/55642/schedules?team=4183857
CPL,Boys U12 Division 6,Cincinnati Elite FC Cincinnati Elite FC BU12 Premier (2014/15),https://system.gotsport.com/org_event/events/55642/schedules?team=4170755
CPL,Boys U12 Division 6,Lakota Futbol Club Lakota FC B14/15 White,https://system.gotsport.com/org_event/events/55642/schedules?team=4101454
CPL,Boys U12 Division 6,Mercury SJB Premier B15 Blue Jays,https://system.gotsport.com/org_event/events/55642/schedules?team=4073186
CPL,Boys U12 Division 6,NWC Alliance Soccer Club NWC Alliance 2033 Boys Premier,https://system.gotsport.com/org_event/events/55642/schedules?team=4098642
CPL,Boys U12 Division 6,Northwest Cincy Soccer Coalition Northwest Cincy SC B14/15 Strike,https://system.gotsport.com/org_event/events/55642/schedules?team=4192253
CPL,Boys U12 Division 7,Bellbrook Soccer Association Ohio Fusion SC BU12 Black,https://system.gotsport.com/org_event/events/55642/schedules?team=4187415
CPL,Boys U12 Division 7,Campbell Soccer Club (CSC) CampbellSC U12B Kafel,https://system.gotsport.com/org_event/events/55642/schedules?team=4175486
CPL,Boys U12 Division 7,Elevate FC Elevate FC U12 Blue2,https://system.gotsport.com/org_event/events/55642/schedules?team=4158184
CPL,Boys U12 Division 7,FC Storm FC Storm BU12 White,https://system.gotsport.com/org_event/events/55642/schedules?team=4166658
CPL,Boys U12 Division 7,Fairfield Optimist Soccer Club FOSC B14/15 Premier,https://system.gotsport.com/org_event/events/55642/schedules?team=4191091
CPL,Boys U12 Division 7,Fairfield Optimist Soccer Club FOSC Lebanon Warrior Premier B14/15,https://system.gotsport.com/org_event/events/55642/schedules?team=4192195
CPL,Boys U12 Division 7,Kings Hammer Cincinnati KHA NKY BU12 White,https://system.gotsport.com/org_event/events/55642/schedules?team=4138233
CPL,Boys U12 Division 7,Kolping SC Kolping SC B33 Black,https://system.gotsport.com/org_event/events/55642/schedules?team=4191283
CPL,Boys U12 Division 7,Ohio United FC Ohio United FC B14/15 Academy,https://system.gotsport.com/org_event/events/55642/schedules?team=4192783
CPL,Boys U13 Division 1,Monroe Premier FC Monroe Premier FC U13B,https://system.gotsport.com/org_event/events/55642/schedules?team=4072437
CPL,Boys U13 Division 1,Oak Hills Youth Athletics Oak Hills Premier Boys U13 Black,https://system.gotsport.com/org_event/events/55642/schedules?team=4190722
CPL,Boys U13 Division 1,Kings Hammer Cincinnati KHA NKY BU13 Black,https://system.gotsport.com/org_event/events/55642/schedules?team=4181099
CPL,Boys U13 Division 1,Lakota Futbol Club Lakota FC B13/14 Gray,https://system.gotsport.com/org_event/events/55642/schedules?team=4183523
CPL,Boys U13 Division 1,Cincinnati United Soccer Club CUSC BU14 South Green,https://system.gotsport.com/org_event/events/55642/schedules?team=4192180
CPL,Boys U13 Division 2,Cincinnati Elite FC Cincinnati Elite FC BU13 Gold (2013/14),https://system.gotsport.com/org_event/events/55642/schedules?team=4170783
CPL,Boys U13 Division 2,Cincinnati United Soccer Club CUSC BU13 North Yellow,https://system.gotsport.com/org_event/events/55642/schedules?team=4160014
CPL,Boys U13 Division 2,Cincinnati United Soccer Club CUSC BU13 South Green,https://system.gotsport.com/org_event/events/55642/schedules?team=4192171
CPL,Boys U13 Division 2,Oxford United FC(OH) Oxford United B2013/2014,https://system.gotsport.com/org_event/events/55642/schedules?team=4189056
CPL,Boys U13 Division 2,FC Storm FC Storm BU13 Orange,https://system.gotsport.com/org_event/events/55642/schedules?team=4166685
CPL,Boys U13 Division 3,Kolping SC Kolping SC B32 Black,https://system.gotsport.com/org_event/events/55642/schedules?team=4191288
CPL,Boys U13 Division 3,Forest Hills FC Forest Hills Fútbol Club,https://system.gotsport.com/org_event/events/55642/schedules?team=4189332
CPL,Boys U13 Division 3,STAR Rush Cincinnati STAR Rush BU13 White,https://system.gotsport.com/org_event/events/55642/schedules?team=4190499
CPL,Boys U13 Division 3,Cincy SC Cincy SC B13-14 Navy,https://system.gotsport.com/org_event/events/55642/schedules?team=4144393
CPL,Boys U13 Division 3,Northwest Cincy Soccer Coalition Northwest Cincy SC B13/14,https://system.gotsport.com/org_event/events/55642/schedules?team=4192340
CPL,Boys U13 Division 4,Fairfield Optimist Soccer Club FOSC B13/14 Premier,https://system.gotsport.com/org_event/events/55642/schedules?team=4191088
CPL,Boys U13 Division 4,Fusion FC NKY Fusion FC BU13 White,https://system.gotsport.com/org_event/events/55642/schedules?team=4183999
CPL,Boys U13 Division 4,Independence SC ISC U13B Warrior FC,https://system.gotsport.com/org_event/events/55642/schedules?team=4187819
CPL,Boys U13 Division 4,Oak Hills Youth Athletics Oak Hills Premier Boys U13 Red,https://system.gotsport.com/org_event/events/55642/schedules?team=4190734
CPL,Boys U13 Division 4,Ohio Galaxies FC Ohio Galaxies FC u13 Boys Red,https://system.gotsport.com/org_event/events/55642/schedules?team=4191118
CPL,Boys U13 Division 4,Bellbrook Soccer Association Ohio Fusion SC BU13 Black,https://system.gotsport.com/org_event/events/55642/schedules?team=4178796
CPL,Boys U13 Division 4,Cincy SC Cincy SC B13-14 Orange,https://system.gotsport.com/org_event/events/55642/schedules?team=4144380
CPL,Boys U13 Division 5,On Goal Passion FC Passion FC 2013/2014B Blue,https://system.gotsport.com/org_event/events/55642/schedules?team=4147942
CPL,Boys U13 Division 5,Bellbrook Soccer Association Ohio Fusion SC BU13 White,https://system.gotsport.com/org_event/events/55642/schedules?team=4156677
CPL,Boys U13 Division 5,Alliance Cincinnati SC ACSC Boys U13 Academy,https://system.gotsport.com/org_event/events/55642/schedules?team=4192298
CPL,Boys U13 Division 5,Lawrenceburg Greendale Soccer Club LGSC GMS TIGERS,https://system.gotsport.com/org_event/events/55642/schedules?team=4224116
CPL,Boys U13 Division 5,Waynesville FC Waynesville FC U13B,https://system.gotsport.com/org_event/events/55642/schedules?team=4189968
CPL,Boys U13 Division 5,Edgewood Premier FC EPFC U13 Boys,https://system.gotsport.com/org_event/events/55642/schedules?team=4192105
CPL,Boys U13 Division 1,Monroe Premier FC Monroe Premier FC U13B,https://system.gotsport.com/org_event/events/55642/schedules?team=4072437
CPL,Boys U13 Division 1,Oak Hills Youth Athletics Oak Hills Premier Boys U13 Black,https://system.gotsport.com/org_event/events/55642/schedules?team=4190722
CPL,Boys U13 Division 1,Kings Hammer Cincinnati KHA NKY BU13 Black,https://system.gotsport.com/org_event/events/55642/schedules?team=4181099
CPL,Boys U13 Division 1,Lakota Futbol Club Lakota FC B13/14 Gray,https://system.gotsport.com/org_event/events/55642/schedules?team=4183523
CPL,Boys U13 Division 1,Cincinnati United Soccer Club CUSC BU14 South Green,https://system.gotsport.com/org_event/events/55642/schedules?team=4192180
CPL,Boys U13 Division 2,Cincinnati Elite FC Cincinnati Elite FC BU13 Gold (2013/14),https://system.gotsport.com/org_event/events/55642/schedules?team=4170783
CPL,Boys U13 Division 2,Cincinnati United Soccer Club CUSC BU13 North Yellow,https://system.gotsport.com/org_event/events/55642/schedules?team=4160014
CPL,Boys U13 Division 2,Cincinnati United Soccer Club CUSC BU13 South Green,https://system.gotsport.com/org_event/events/55642/schedules?team=4192171
CPL,Boys U13 Division 2,Oxford United FC(OH) Oxford United B2013/2014,https://system.gotsport.com/org_event/events/55642/schedules?team=4189056
CPL,Boys U13 Division 2,FC Storm FC Storm BU13 Orange,https://system.gotsport.com/org_event/events/55642/schedules?team=4166685
CPL,Boys U13 Division 3,Kolping SC Kolping SC B32 Black,https://system.gotsport.com/org_event/events/55642/schedules?team=4191288
CPL,Boys U13 Division 3,Forest Hills FC Forest Hills Fútbol Club,https://system.gotsport.com/org_event/events/55642/schedules?team=4189332
CPL,Boys U13 Division 3,STAR Rush Cincinnati STAR Rush BU13 White,https://system.gotsport.com/org_event/events/55642/schedules?team=4190499
CPL,Boys U13 Division 3,Cincy SC Cincy SC B13-14 Navy,https://system.gotsport.com/org_event/events/55642/schedules?team=4144393
CPL,Boys U13 Division 3,Northwest Cincy Soccer Coalition Northwest Cincy SC B13/14,https://system.gotsport.com/org_event/events/55642/schedules?team=4192340
CPL,Boys U13 Division 4,Fairfield Optimist Soccer Club FOSC B13/14 Premier,https://system.gotsport.com/org_event/events/55642/schedules?team=4191088
CPL,Boys U13 Division 4,Fusion FC NKY Fusion FC BU13 White,https://system.gotsport.com/org_event/events/55642/schedules?team=4183999
CPL,Boys U13 Division 4,Independence SC ISC U13B Warrior FC,https://system.gotsport.com/org_event/events/55642/schedules?team=4187819
CPL,Boys U13 Division 4,Oak Hills Youth Athletics Oak Hills Premier Boys U13 Red,https://system.gotsport.com/org_event/events/55642/schedules?team=4190734
CPL,Boys U13 Division 4,Ohio Galaxies FC Ohio Galaxies FC u13 Boys Red,https://system.gotsport.com/org_event/events/55642/schedules?team=4191118
CPL,Boys U13 Division 4,Bellbrook Soccer Association Ohio Fusion SC BU13 Black,https://system.gotsport.com/org_event/events/55642/schedules?team=4178796
CPL,Boys U13 Division 4,Cincy SC Cincy SC B13-14 Orange,https://system.gotsport.com/org_event/events/55642/schedules?team=4144380
CPL,Boys U13 Division 5,On Goal Passion FC Passion FC 2013/2014B Blue,https://system.gotsport.com/org_event/events/55642/schedules?team=4147942
CPL,Boys U13 Division 5,Bellbrook Soccer Association Ohio Fusion SC BU13 White,https://system.gotsport.com/org_event/events/55642/schedules?team=4156677
CPL,Boys U13 Division 5,Alliance Cincinnati SC ACSC Boys U13 Academy,https://system.gotsport.com/org_event/events/55642/schedules?team=4192298
CPL,Boys U13 Division 5,Lawrenceburg Greendale Soccer Club LGSC GMS TIGERS,https://system.gotsport.com/org_event/events/55642/schedules?team=4224116
CPL,Boys U13 Division 5,Waynesville FC Waynesville FC U13B,https://system.gotsport.com/org_event/events/55642/schedules?team=4189968
CPL,Boys U13 Division 5,Edgewood Premier FC EPFC U13 Boys,https://system.gotsport.com/org_event/events/55642/schedules?team=4192105
CPL,Boys U14 Division 1,Fairfield Optimist Soccer Club FOSC B12/13 Premier,https://system.gotsport.com/org_event/events/55642/schedules?team=4192271
CPL,Boys U14 Division 1,Independence SC ISC U14B Green Fury,https://system.gotsport.com/org_event/events/55642/schedules?team=4187903
CPL,Boys U14 Division 1,Kolping SC Kolping SC B31 Orange,https://system.gotsport.com/org_event/events/55642/schedules?team=4191308
CPL,Boys U14 Division 1,Total Ginga Academy Total Ginga Academy U14B (KY),https://system.gotsport.com/org_event/events/55642/schedules?team=4159707
CPL,Boys U14 Division 1,Oak Hills Youth Athletics Oak Hills Premier Boys U14,https://system.gotsport.com/org_event/events/55642/schedules?team=4190748
CPL,Boys U14 Division 2,Butler Fury Soccer Club Butler Fury Youth Soccer Club Boys U14 Red,https://system.gotsport.com/org_event/events/55642/schedules?team=4158828
CPL,Boys U14 Division 2,Cincinnati United Soccer Club CUSC BU14 North Yellow,https://system.gotsport.com/org_event/events/55642/schedules?team=4160015
CPL,Boys U14 Division 2,Cincinnati West CWSC BU14 Academy Red,https://system.gotsport.com/org_event/events/55642/schedules?team=4138050
CPL,Boys U14 Division 2,Cincy SC Cincy SC B12-13 Navy,https://system.gotsport.com/org_event/events/55642/schedules?team=4144360
CPL,Boys U14 Division 2,Lakota Futbol Club Lakota FC B12/13 Gray,https://system.gotsport.com/org_event/events/55642/schedules?team=4181994
CPL,Boys U14 DIVISION 3,LSO United LSO United B2012/13,https://system.gotsport.com/org_event/events/55642/schedules?team=4200394
CPL,Boys U14 DIVISION 3,Northwest Cincy Soccer Coalition Northwest Cincy SC B12/13,https://system.gotsport.com/org_event/events/55642/schedules?team=4192336
CPL,Boys U14 DIVISION 3,Campbell Soccer Club (CSC) CampbellSC U14B Ewald,https://system.gotsport.com/org_event/events/55642/schedules?team=4175558
CPL,Boys U14 DIVISION 3,Campbell Soccer Club (CSC) CampbellSC U14B McGrath,https://system.gotsport.com/org_event/events/55642/schedules?team=4175543
CPL,Boys U14 DIVISION 3,Cincinnati United Soccer Club CUSC BU14 WEST YELLOW,https://system.gotsport.com/org_event/events/55642/schedules?team=4205267
CPL,Boys U14 DIVISION 3,Eclipse FC Eclipse FC Firehawks,https://system.gotsport.com/org_event/events/55642/schedules?team=4188371
CPL,Boys U14 DIVISION 3,STAR Rush Cincinnati STAR Rush BU14 White,https://system.gotsport.com/org_event/events/55642/schedules?team=4190476
CPL,Boys U14 Division 4,Alliance Cincinnati SC ACSC Boys U14 Academy,https://system.gotsport.com/org_event/events/55642/schedules?team=4192309
CPL,Boys U14 Division 4,Kolping SC Kolping SC B31 Black,https://system.gotsport.com/org_event/events/55642/schedules?team=4191312
CPL,Boys U14 Division 4,Little Miami FC LMFC U14 Boys Gold,https://system.gotsport.com/org_event/events/55642/schedules?team=4134634
CPL,Boys U14 Division 4,Monroe Premier FC Monroe Premier FC U14 Boys Navy,https://system.gotsport.com/org_event/events/55642/schedules?team=4154503
CPL,Boys U14 Division 4,NWC Alliance Soccer Club NWC Alliance 2031 Boys Premier,https://system.gotsport.com/org_event/events/55642/schedules?team=4095354
CPL,Boys U14 Division 4,Independence SC ISC U14B Pumas,https://system.gotsport.com/org_event/events/55642/schedules?team=4321612
CPL,Boys U14 Division 1,Fairfield Optimist Soccer Club FOSC B12/13 Premier,https://system.gotsport.com/org_event/events/55642/schedules?team=4192271
CPL,Boys U14 Division 1,Independence SC ISC U14B Green Fury,https://system.gotsport.com/org_event/events/55642/schedules?team=4187903
CPL,Boys U14 Division 1,Kolping SC Kolping SC B31 Orange,https://system.gotsport.com/org_event/events/55642/schedules?team=4191308
CPL,Boys U14 Division 1,Total Ginga Academy Total Ginga Academy U14B (KY),https://system.gotsport.com/org_event/events/55642/schedules?team=4159707
CPL,Boys U14 Division 1,Oak Hills Youth Athletics Oak Hills Premier Boys U14,https://system.gotsport.com/org_event/events/55642/schedules?team=4190748
CPL,Boys U14 Division 2,Butler Fury Soccer Club Butler Fury Youth Soccer Club Boys U14 Red,https://system.gotsport.com/org_event/events/55642/schedules?team=4158828
CPL,Boys U14 Division 2,Cincinnati United Soccer Club CUSC BU14 North Yellow,https://system.gotsport.com/org_event/events/55642/schedules?team=4160015
CPL,Boys U14 Division 2,Cincinnati West CWSC BU14 Academy Red,https://system.gotsport.com/org_event/events/55642/schedules?team=4138050
CPL,Boys U14 Division 2,Cincy SC Cincy SC B12-13 Navy,https://system.gotsport.com/org_event/events/55642/schedules?team=4144360
CPL,Boys U14 Division 2,Lakota Futbol Club Lakota FC B12/13 Gray,https://system.gotsport.com/org_event/events/55642/schedules?team=4181994
CPL,Boys U14 DIVISION 3,LSO United LSO United B2012/13,https://system.gotsport.com/org_event/events/55642/schedules?team=4200394
CPL,Boys U14 DIVISION 3,Northwest Cincy Soccer Coalition Northwest Cincy SC B12/13,https://system.gotsport.com/org_event/events/55642/schedules?team=4192336
CPL,Boys U14 DIVISION 3,Campbell Soccer Club (CSC) CampbellSC U14B Ewald,https://system.gotsport.com/org_event/events/55642/schedules?team=4175558
CPL,Boys U14 DIVISION 3,Campbell Soccer Club (CSC) CampbellSC U14B McGrath,https://system.gotsport.com/org_event/events/55642/schedules?team=4175543
CPL,Boys U14 DIVISION 3,Cincinnati United Soccer Club CUSC BU14 WEST YELLOW,https://system.gotsport.com/org_event/events/55642/schedules?team=4205267
CPL,Boys U14 DIVISION 3,Eclipse FC Eclipse FC Firehawks,https://system.gotsport.com/org_event/events/55642/schedules?team=4188371
CPL,Boys U14 DIVISION 3,STAR Rush Cincinnati STAR Rush BU14 White,https://system.gotsport.com/org_event/events/55642/schedules?team=4190476
CPL,Boys U14 Division 4,Alliance Cincinnati SC ACSC Boys U14 Academy,https://system.gotsport.com/org_event/events/55642/schedules?team=4192309
CPL,Boys U14 Division 4,Kolping SC Kolping SC B31 Black,https://system.gotsport.com/org_event/events/55642/schedules?team=4191312
CPL,Boys U14 Division 4,Little Miami FC LMFC U14 Boys Gold,https://system.gotsport.com/org_event/events/55642/schedules?team=4134634
CPL,Boys U14 Division 4,Monroe Premier FC Monroe Premier FC U14 Boys Navy,https://system.gotsport.com/org_event/events/55642/schedules?team=4154503
CPL,Boys U14 Division 4,NWC Alliance Soccer Club NWC Alliance 2031 Boys Premier,https://system.gotsport.com/org_event/events/55642/schedules?team=4095354
CPL,Boys U14 Division 4,Independence SC ISC U14B Pumas,https://system.gotsport.com/org_event/events/55642/schedules?team=4321612
CPL,Boys U15/16 Division 1,Butler Fury Soccer Club Butler Fury - U16 Boys,https://system.gotsport.com/org_event/events/55642/schedules?team=4158822
CPL,Boys U15/16 Division 1,Fairfield Optimist Soccer Club FOSC Lebanon Warrior Premier B12/13,https://system.gotsport.com/org_event/events/55642/schedules?team=4191409
CPL,Boys U15/16 Division 1,Lawrenceburg Greendale Soccer Club LGSC GMS,https://system.gotsport.com/org_event/events/55642/schedules?team=4224048
CPL,Boys U15/16 Division 1,FC Storm FC Storm BU15/16 Orange,https://system.gotsport.com/org_event/events/55642/schedules?team=4329590
CPL,Boys U15/16 Division 1,Taylor Creek Youth Organization TCFC B2012 Red,https://system.gotsport.com/org_event/events/55642/schedules?team=4193032
CPL,Boys U15/16 Division 1,Butler Fury Soccer Club Butler Fury - U16 Boys,https://system.gotsport.com/org_event/events/55642/schedules?team=4158822
CPL,Boys U15/16 Division 1,Fairfield Optimist Soccer Club FOSC Lebanon Warrior Premier B12/13,https://system.gotsport.com/org_event/events/55642/schedules?team=4191409
CPL,Boys U15/16 Division 1,Lawrenceburg Greendale Soccer Club LGSC GMS,https://system.gotsport.com/org_event/events/55642/schedules?team=4224048
CPL,Boys U15/16 Division 1,FC Storm FC Storm BU15/16 Orange,https://system.gotsport.com/org_event/events/55642/schedules?team=4329590
CPL,Boys U15/16 Division 1,Taylor Creek Youth Organization TCFC B2012 Red,https://system.gotsport.com/org_event/events/55642/schedules?team=4193032
CPL,Girls U8 Division 1,Cincinnati West CWSC GU7/U8 Academy Elite,https://system.gotsport.com/org_event/events/55642/schedules?team=4139215
CPL,Girls U8 Division 1,Cincy SC Cincy SC G18-19 Premier,https://system.gotsport.com/org_event/events/55642/schedules?team=4189283
CPL,Girls U8 Division 1,Kolping SC Kolping SC G37 Orange,https://system.gotsport.com/org_event/events/55642/schedules?team=4191129
CPL,Girls U8 Division 1,Oak Hills Youth Athletics Oak Hills Premier Girls U8,https://system.gotsport.com/org_event/events/55642/schedules?team=4190805
CPL,Girls U8 Division 1,Mercury Mercury G2018/19 7v7,https://system.gotsport.com/org_event/events/55642/schedules?team=4191558
CPL,Girls U8 Division 1,Cincinnati West CWSC GU7/U8 Academy Elite,https://system.gotsport.com/org_event/events/55642/schedules?team=4139215
CPL,Girls U8 Division 1,Cincy SC Cincy SC G18-19 Premier,https://system.gotsport.com/org_event/events/55642/schedules?team=4189283
CPL,Girls U8 Division 1,Kolping SC Kolping SC G37 Orange,https://system.gotsport.com/org_event/events/55642/schedules?team=4191129
CPL,Girls U8 Division 1,Oak Hills Youth Athletics Oak Hills Premier Girls U8,https://system.gotsport.com/org_event/events/55642/schedules?team=4190805
CPL,Girls U8 Division 1,Mercury Mercury G2018/19 7v7,https://system.gotsport.com/org_event/events/55642/schedules?team=4191558
CPL,Girls U9 Division 1,Mercury Mercury G2017/18 Pre ECNL 1,https://system.gotsport.com/org_event/events/55642/schedules?team=4191084
CPL,Girls U9 Division 1,Lakota Futbol Club Lakota FC G17/18 Black,https://system.gotsport.com/org_event/events/55642/schedules?team=4138342
CPL,Girls U9 Division 1,Cincinnati United Soccer Club CUSC GU9 North SM Aston Villa,https://system.gotsport.com/org_event/events/55642/schedules?team=4160021
CPL,Girls U9 Division 1,Cincinnati United Soccer Club CUSC GU9 South Angel City,https://system.gotsport.com/org_event/events/55642/schedules?team=4191945
CPL,Girls U9 Division 1,Cincy SC Cincy SC G17-18 Premier,https://system.gotsport.com/org_event/events/55642/schedules?team=4189190
CPL,Girls U9 Division 1,Kings Hammer Cincinnati KHA NKY GU9 Red,https://system.gotsport.com/org_event/events/55642/schedules?team=4122822
CPL,Girls U9 Division 2,Fairfield Optimist Soccer Club FOSC G17/18 Elite,https://system.gotsport.com/org_event/events/55642/schedules?team=4191055
CPL,Girls U9 Division 2,Little Miami FC LMFC U9 Girls Elite,https://system.gotsport.com/org_event/events/55642/schedules?team=4134392
CPL,Girls U9 Division 2,Cincinnati United Soccer Club CUSC GU9 North LM Arsenal,https://system.gotsport.com/org_event/events/55642/schedules?team=4160038
CPL,Girls U9 Division 2,FC Storm FC Storm GU9 Loveland Orange,https://system.gotsport.com/org_event/events/55642/schedules?team=4161062
CPL,Girls U9 Division 2,Cincinnati United Soccer Club CUSC GU9 South Bay FC,https://system.gotsport.com/org_event/events/55642/schedules?team=4191963
CPL,Girls U9 Division 2,Total Futbol Academy (OH) TFA Pre-ECNL G2017-18 Elite 2,https://system.gotsport.com/org_event/events/55642/schedules?team=4168797
CPL,Girls U9 Division 2,NWC Alliance Soccer Club NWC Alliance 2036 Girls Elite,https://system.gotsport.com/org_event/events/55642/schedules?team=4102916
CPL,Girls U9 Division 3,Impact GFC Impact GFC GU9 Blue,https://system.gotsport.com/org_event/events/55642/schedules?team=4191097
CPL,Girls U9 Division 3,FC Dayton FC Dayton U9 Girls Elite,https://system.gotsport.com/org_event/events/55642/schedules?team=4171629
CPL,Girls U9 Division 3,Cincy SC Cincy SC G17-18 Elite,https://system.gotsport.com/org_event/events/55642/schedules?team=4189197
CPL,Girls U9 Division 3,Mercury Mercury G2017/18 West,https://system.gotsport.com/org_event/events/55642/schedules?team=4191242
CPL,Girls U9 Division 3,Mercury Mercury G2017/18 North,https://system.gotsport.com/org_event/events/55642/schedules?team=4191096
CPL,Girls U9 Division 3,Kolping SC Kolping SC G36 Orange,https://system.gotsport.com/org_event/events/55642/schedules?team=4191140
CPL,Girls U9 Division 4,Kings Hammer Cincinnati KHA NKY GU9 Black,https://system.gotsport.com/org_event/events/55642/schedules?team=4122834
CPL,Girls U9 Division 4,Campbell Soccer Club (CSC) CampbellSC U9G Noll,https://system.gotsport.com/org_event/events/55642/schedules?team=4175218
CPL,Girls U9 Division 4,Cincinnati United Soccer Club CUSC GU9 South Courage,https://system.gotsport.com/org_event/events/55642/schedules?team=4191971
CPL,Girls U9 Division 4,Kings Hammer Cincinnati KHA Sycamore GU9 Green,https://system.gotsport.com/org_event/events/55642/schedules?team=4155972
CPL,Girls U9 Division 4,Cincinnati West CWSC GU9 Academy Elite,https://system.gotsport.com/org_event/events/55642/schedules?team=4139188
CPL,Girls U9 Division 4,FC Storm FC Storm GU9 Loveland White,https://system.gotsport.com/org_event/events/55642/schedules?team=4161065
CPL,Girls U9 Division 4,Cincinnati United Soccer Club CUSC GU9 North LM Brighton,https://system.gotsport.com/org_event/events/55642/schedules?team=4160043
CPL,Girls U9 Division 5,NWC Alliance Soccer Club NWC Alliance 2036 Girls Premier,https://system.gotsport.com/org_event/events/55642/schedules?team=4102927
CPL,Girls U9 Division 5,Cincinnati Elite FC Cincinnati Elite FC GU09 Elite (2017/18),https://system.gotsport.com/org_event/events/55642/schedules?team=4171820
CPL,Girls U9 Division 5,Lakota Futbol Club Lakota FC G17/18 Red,https://system.gotsport.com/org_event/events/55642/schedules?team=4200135
CPL,Girls U9 Division 5,Fairfield Optimist Soccer Club FOSC Lebanon Warrior Premier G17/18 Maroon,https://system.gotsport.com/org_event/events/55642/schedules?team=4191299
CPL,Girls U9 Division 5,Cincy SC Cincy SC G17-18 Orange,https://system.gotsport.com/org_event/events/55642/schedules?team=4189276
CPL,Girls U9 Division 5,Mercury G2017/18 North 2,https://system.gotsport.com/org_event/events/55642/schedules?team=4156832
CPL,Girls U9 Division 6,Total Futbol Academy (OH) TFA G2017-18 Premier,https://system.gotsport.com/org_event/events/55642/schedules?team=4168835
CPL,Girls U9 Division 6,Mercury BSC Premier G17/18,https://system.gotsport.com/org_event/events/55642/schedules?team=4098965
CPL,Girls U9 Division 6,Invictus SC Invictus SC G2017/18 Green,https://system.gotsport.com/org_event/events/55642/schedules?team=4225774
CPL,Girls U9 Division 6,Cincinnati United Soccer Club CUSC GU9 North SM Burnley,https://system.gotsport.com/org_event/events/55642/schedules?team=4160035
CPL,Girls U9 Division 6,Mercury Mercury G2017/18 West 2,https://system.gotsport.com/org_event/events/55642/schedules?team=4191254
CPL,Girls U9 Division 7,STAR Rush Cincinnati STAR Rush GU9 Blue,https://system.gotsport.com/org_event/events/55642/schedules?team=4191424
CPL,Girls U9 Division 7,Cincy SC Cincy SC G17-18 White,https://system.gotsport.com/org_event/events/55642/schedules?team=4189279
CPL,Girls U9 Division 7,Madeira FC Madeira FC G2017/18 Orange,https://system.gotsport.com/org_event/events/55642/schedules?team=4173743
CPL,Girls U9 Division 7,Elevate FC Elevate FC GU9 White,https://system.gotsport.com/org_event/events/55642/schedules?team=4158191
CPL,Girls U9 Division 7,Invictus SC Invictus SC G2017/18 Navy,https://system.gotsport.com/org_event/events/55642/schedules?team=4225695
CPL,Girls U9 Division 7,Independence SC ISC U9G Shamrocks,https://system.gotsport.com/org_event/events/55642/schedules?team=4188953
CPL,Girls U9 Division 8,Oxford United FC(OH) Oxford United G2017/2018,https://system.gotsport.com/org_event/events/55642/schedules?team=4189078
CPL,Girls U9 Division 8,Kolping SC Kolping SC G36 Black,https://system.gotsport.com/org_event/events/55642/schedules?team=4191144
CPL,Girls U9 Division 8,Fairfield Optimist Soccer Club FOSC Lebanon Warrior Premier G17/18 White,https://system.gotsport.com/org_event/events/55642/schedules?team=4191317
CPL,Girls U9 Division 8,Little Miami FC LMFC U9G Gold,https://system.gotsport.com/org_event/events/55642/schedules?team=4134402
CPL,Girls U9 Division 8,Edgewood Premier FC EPFC U9 Girls,https://system.gotsport.com/org_event/events/55642/schedules?team=4192143
CPL,Girls U9 Division 8,Alliance Cincinnati SC ACSC Girls U9 Academy,https://system.gotsport.com/org_event/events/55642/schedules?team=4192333
CPL,Girls U9 Division 8,Fairfield Optimist Soccer Club FOSC G17/18 Premier,https://system.gotsport.com/org_event/events/55642/schedules?team=4191063
CPL,Girls U9 Division 8,Lawrenceburg Greendale Soccer Club LGSC Tigerettes,https://system.gotsport.com/org_event/events/55642/schedules?team=4269617
CPL,Girls U9 Division 1,Mercury Mercury G2017/18 Pre ECNL 1,https://system.gotsport.com/org_event/events/55642/schedules?team=4191084
CPL,Girls U9 Division 1,Lakota Futbol Club Lakota FC G17/18 Black,https://system.gotsport.com/org_event/events/55642/schedules?team=4138342
CPL,Girls U9 Division 1,Cincinnati United Soccer Club CUSC GU9 North SM Aston Villa,https://system.gotsport.com/org_event/events/55642/schedules?team=4160021
CPL,Girls U9 Division 1,Cincinnati United Soccer Club CUSC GU9 South Angel City,https://system.gotsport.com/org_event/events/55642/schedules?team=4191945
CPL,Girls U9 Division 1,Cincy SC Cincy SC G17-18 Premier,https://system.gotsport.com/org_event/events/55642/schedules?team=4189190
CPL,Girls U9 Division 1,Kings Hammer Cincinnati KHA NKY GU9 Red,https://system.gotsport.com/org_event/events/55642/schedules?team=4122822
CPL,Girls U9 Division 2,Fairfield Optimist Soccer Club FOSC G17/18 Elite,https://system.gotsport.com/org_event/events/55642/schedules?team=4191055
CPL,Girls U9 Division 2,Little Miami FC LMFC U9 Girls Elite,https://system.gotsport.com/org_event/events/55642/schedules?team=4134392
CPL,Girls U9 Division 2,Cincinnati United Soccer Club CUSC GU9 North LM Arsenal,https://system.gotsport.com/org_event/events/55642/schedules?team=4160038
CPL,Girls U9 Division 2,FC Storm FC Storm GU9 Loveland Orange,https://system.gotsport.com/org_event/events/55642/schedules?team=4161062
CPL,Girls U9 Division 2,Cincinnati United Soccer Club CUSC GU9 South Bay FC,https://system.gotsport.com/org_event/events/55642/schedules?team=4191963
CPL,Girls U9 Division 2,Total Futbol Academy (OH) TFA Pre-ECNL G2017-18 Elite 2,https://system.gotsport.com/org_event/events/55642/schedules?team=4168797
CPL,Girls U9 Division 2,NWC Alliance Soccer Club NWC Alliance 2036 Girls Elite,https://system.gotsport.com/org_event/events/55642/schedules?team=4102916
CPL,Girls U9 Division 3,Impact GFC Impact GFC GU9 Blue,https://system.gotsport.com/org_event/events/55642/schedules?team=4191097
CPL,Girls U9 Division 3,FC Dayton FC Dayton U9 Girls Elite,https://system.gotsport.com/org_event/events/55642/schedules?team=4171629
CPL,Girls U9 Division 3,Cincy SC Cincy SC G17-18 Elite,https://system.gotsport.com/org_event/events/55642/schedules?team=4189197
CPL,Girls U9 Division 3,Mercury Mercury G2017/18 West,https://system.gotsport.com/org_event/events/55642/schedules?team=4191242
CPL,Girls U9 Division 3,Mercury Mercury G2017/18 North,https://system.gotsport.com/org_event/events/55642/schedules?team=4191096
CPL,Girls U9 Division 3,Kolping SC Kolping SC G36 Orange,https://system.gotsport.com/org_event/events/55642/schedules?team=4191140
CPL,Girls U9 Division 4,Kings Hammer Cincinnati KHA NKY GU9 Black,https://system.gotsport.com/org_event/events/55642/schedules?team=4122834
CPL,Girls U9 Division 4,Campbell Soccer Club (CSC) CampbellSC U9G Noll,https://system.gotsport.com/org_event/events/55642/schedules?team=4175218
CPL,Girls U9 Division 4,Cincinnati United Soccer Club CUSC GU9 South Courage,https://system.gotsport.com/org_event/events/55642/schedules?team=4191971
CPL,Girls U9 Division 4,Kings Hammer Cincinnati KHA Sycamore GU9 Green,https://system.gotsport.com/org_event/events/55642/schedules?team=4155972
CPL,Girls U9 Division 4,Cincinnati West CWSC GU9 Academy Elite,https://system.gotsport.com/org_event/events/55642/schedules?team=4139188
CPL,Girls U9 Division 4,FC Storm FC Storm GU9 Loveland White,https://system.gotsport.com/org_event/events/55642/schedules?team=4161065
CPL,Girls U9 Division 4,Cincinnati United Soccer Club CUSC GU9 North LM Brighton,https://system.gotsport.com/org_event/events/55642/schedules?team=4160043
CPL,Girls U9 Division 5,NWC Alliance Soccer Club NWC Alliance 2036 Girls Premier,https://system.gotsport.com/org_event/events/55642/schedules?team=4102927
CPL,Girls U9 Division 5,Cincinnati Elite FC Cincinnati Elite FC GU09 Elite (2017/18),https://system.gotsport.com/org_event/events/55642/schedules?team=4171820
CPL,Girls U9 Division 5,Lakota Futbol Club Lakota FC G17/18 Red,https://system.gotsport.com/org_event/events/55642/schedules?team=4200135
CPL,Girls U9 Division 5,Fairfield Optimist Soccer Club FOSC Lebanon Warrior Premier G17/18 Maroon,https://system.gotsport.com/org_event/events/55642/schedules?team=4191299
CPL,Girls U9 Division 5,Cincy SC Cincy SC G17-18 Orange,https://system.gotsport.com/org_event/events/55642/schedules?team=4189276
CPL,Girls U9 Division 5,Mercury G2017/18 North 2,https://system.gotsport.com/org_event/events/55642/schedules?team=4156832
CPL,Girls U9 Division 6,Total Futbol Academy (OH) TFA G2017-18 Premier,https://system.gotsport.com/org_event/events/55642/schedules?team=4168835
CPL,Girls U9 Division 6,Mercury BSC Premier G17/18,https://system.gotsport.com/org_event/events/55642/schedules?team=4098965
CPL,Girls U9 Division 6,Invictus SC Invictus SC G2017/18 Green,https://system.gotsport.com/org_event/events/55642/schedules?team=4225774
CPL,Girls U9 Division 6,Cincinnati United Soccer Club CUSC GU9 North SM Burnley,https://system.gotsport.com/org_event/events/55642/schedules?team=4160035
CPL,Girls U9 Division 6,Mercury Mercury G2017/18 West 2,https://system.gotsport.com/org_event/events/55642/schedules?team=4191254
CPL,Girls U9 Division 7,STAR Rush Cincinnati STAR Rush GU9 Blue,https://system.gotsport.com/org_event/events/55642/schedules?team=4191424
CPL,Girls U9 Division 7,Cincy SC Cincy SC G17-18 White,https://system.gotsport.com/org_event/events/55642/schedules?team=4189279
CPL,Girls U9 Division 7,Madeira FC Madeira FC G2017/18 Orange,https://system.gotsport.com/org_event/events/55642/schedules?team=4173743
CPL,Girls U9 Division 7,Elevate FC Elevate FC GU9 White,https://system.gotsport.com/org_event/events/55642/schedules?team=4158191
CPL,Girls U9 Division 7,Invictus SC Invictus SC G2017/18 Navy,https://system.gotsport.com/org_event/events/55642/schedules?team=4225695
CPL,Girls U9 Division 7,Independence SC ISC U9G Shamrocks,https://system.gotsport.com/org_event/events/55642/schedules?team=4188953
CPL,Girls U9 Division 8,Oxford United FC(OH) Oxford United G2017/2018,https://system.gotsport.com/org_event/events/55642/schedules?team=4189078
CPL,Girls U9 Division 8,Kolping SC Kolping SC G36 Black,https://system.gotsport.com/org_event/events/55642/schedules?team=4191144
CPL,Girls U9 Division 8,Fairfield Optimist Soccer Club FOSC Lebanon Warrior Premier G17/18 White,https://system.gotsport.com/org_event/events/55642/schedules?team=4191317
CPL,Girls U9 Division 8,Little Miami FC LMFC U9G Gold,https://system.gotsport.com/org_event/events/55642/schedules?team=4134402
CPL,Girls U9 Division 8,Edgewood Premier FC EPFC U9 Girls,https://system.gotsport.com/org_event/events/55642/schedules?team=4192143
CPL,Girls U9 Division 8,Alliance Cincinnati SC ACSC Girls U9 Academy,https://system.gotsport.com/org_event/events/55642/schedules?team=4192333
CPL,Girls U9 Division 8,Fairfield Optimist Soccer Club FOSC G17/18 Premier,https://system.gotsport.com/org_event/events/55642/schedules?team=4191063
CPL,Girls U9 Division 8,Lawrenceburg Greendale Soccer Club LGSC Tigerettes,https://system.gotsport.com/org_event/events/55642/schedules?team=4269617
CPL,Girls U10 Division 1,Mercury Mercury SJB G16/17 Blue Jays,https://system.gotsport.com/org_event/events/55642/schedules?team=4151830
CPL,Girls U10 Division 1,Mercury Mercury G2016/17 Pre ECNL 1,https://system.gotsport.com/org_event/events/55642/schedules?team=4191358
CPL,Girls U10 Division 1,Independence SC ISC U10G Lightning,https://system.gotsport.com/org_event/events/55642/schedules?team=4188967
CPL,Girls U10 Division 1,Kings Hammer Cincinnati KHA NKY GU10 Black,https://system.gotsport.com/org_event/events/55642/schedules?team=4122871
CPL,Girls U10 Division 1,Kings Hammer Cincinnati KHA Sycamore GU10 Green,https://system.gotsport.com/org_event/events/55642/schedules?team=4155927
CPL,Girls U10 Division 1,Cincy SC Cincy SC G16-17 Premier,https://system.gotsport.com/org_event/events/55642/schedules?team=4189145
CPL,Girls U10 Division 1,Cincinnati United Soccer Club CUSC GU10 South Angel City,https://system.gotsport.com/org_event/events/55642/schedules?team=4191979
CPL,Girls U10 Division 1,Cincinnati United Soccer Club CUSC GU10 North LM Arsenal,https://system.gotsport.com/org_event/events/55642/schedules?team=4160052
CPL,Girls U10 Division 1,Kolping SC Kolping SC G35 Orange,https://system.gotsport.com/org_event/events/55642/schedules?team=4191149
CPL,Girls U10 Division 2,Northwest Cincy Soccer Coalition Northwest Cincy SC G16/17 Blue,https://system.gotsport.com/org_event/events/55642/schedules?team=4191179
CPL,Girls U10 Division 2,NWC Alliance Soccer Club NWC Alliance 2035 Girls Elite,https://system.gotsport.com/org_event/events/55642/schedules?team=4102930
CPL,Girls U10 Division 2,Fusion FC NKY Fusion FC GU10 Green,https://system.gotsport.com/org_event/events/55642/schedules?team=4183705
CPL,Girls U10 Division 2,FC Storm FC Storm GU10 Loveland Orange,https://system.gotsport.com/org_event/events/55642/schedules?team=4161087
CPL,Girls U10 Division 2,Cincinnati United Soccer Club CUSC GU10 North SM Aston Villa,https://system.gotsport.com/org_event/events/55642/schedules?team=4160048
CPL,Girls U10 Division 3,Cincinnati United Soccer Club CUSC GU10 North SM Burnley,https://system.gotsport.com/org_event/events/55642/schedules?team=4160050
CPL,Girls U10 Division 3,Impact GFC Impact GFC GU10 Blue,https://system.gotsport.com/org_event/events/55642/schedules?team=4191120
CPL,Girls U10 Division 3,Mercury Mercury G2016/17 West,https://system.gotsport.com/org_event/events/55642/schedules?team=4191374
CPL,Girls U10 Division 3,Cincy SC Cincy SC G16-17 Elite,https://system.gotsport.com/org_event/events/55642/schedules?team=4189154
CPL,Girls U10 Division 3,Cincinnati United Soccer Club CUSC GU10 South Bay FC,https://system.gotsport.com/org_event/events/55642/schedules?team=4191983
CPL,Girls U10 Division 4,Total Futbol Academy (OH) TFA G2016-17 Premier,https://system.gotsport.com/org_event/events/55642/schedules?team=4185635
CPL,Girls U10 Division 4,Lakota Futbol Club Lakota FC G16/17 Black,https://system.gotsport.com/org_event/events/55642/schedules?team=4183032
CPL,Girls U10 Division 4,Fusion FC NKY Fusion FC GU10 Black,https://system.gotsport.com/org_event/events/55642/schedules?team=4183694
CPL,Girls U10 Division 4,FC Dayton FC Dayton U10 Girls Elite,https://system.gotsport.com/org_event/events/55642/schedules?team=4171610
CPL,Girls U10 Division 4,Cincy SC Cincy SC G16-17 Navy,https://system.gotsport.com/org_event/events/55642/schedules?team=4189157
CPL,Girls U10 Division 4,Cincinnati United Soccer Club CUSC GU10 South Courage,https://system.gotsport.com/org_event/events/55642/schedules?team=4192000
CPL,Girls U10 Division 4,Fairfield Optimist Soccer Club FOSC G16/17 Elite,https://system.gotsport.com/org_event/events/55642/schedules?team=4191031
CPL,Girls U10 Division 4,Kolping SC Kolping SC G35 Black,https://system.gotsport.com/org_event/events/55642/schedules?team=4191151
CPL,Girls U10 Division 5,Cincinnati United Soccer Club CUSC GU10 WEST ATHLETICO MADRID,https://system.gotsport.com/org_event/events/55642/schedules?team=4205197
CPL,Girls U10 Division 5,FC Storm FC Storm GU10 Loveland White,https://system.gotsport.com/org_event/events/55642/schedules?team=4161872
CPL,Girls U10 Division 5,FC Storm FC Storm GU10 IH Orange,https://system.gotsport.com/org_event/events/55642/schedules?team=4161877
CPL,Girls U10 Division 5,Madeira FC Madeira FC U10G Orange,https://system.gotsport.com/org_event/events/55642/schedules?team=4174268
CPL,Girls U10 Division 5,Mercury Mercury G2016/17 North,https://system.gotsport.com/org_event/events/55642/schedules?team=4156856
CPL,Girls U10 Division 5,Cincy SC Cincy SC G16-17 Orange,https://system.gotsport.com/org_event/events/55642/schedules?team=4189160
CPL,Girls U10 Division 5,Fusion FC NKY Fusion FC GU10 White,https://system.gotsport.com/org_event/events/55642/schedules?team=4183724
CPL,Girls U10 Division 5,Cincinnati United Soccer Club CUSC GU10 North LM Brighton,https://system.gotsport.com/org_event/events/55642/schedules?team=4160057
CPL,Girls U10 Division 5,Kings Hammer Cincinnati KHA NKY GU10 Gray,https://system.gotsport.com/org_event/events/55642/schedules?team=4122897
CPL,Girls U10 Division 5,STAR Rush Cincinnati STAR Rush GU10 Blue,https://system.gotsport.com/org_event/events/55642/schedules?team=4191371
CPL,Girls U10 Division 6,Cincinnati United Soccer Club CUSC GU10 South Dash,https://system.gotsport.com/org_event/events/55642/schedules?team=4192004
CPL,Girls U10 Division 6,NWC Alliance Soccer Club NWC Alliance 2035 Girls Premier,https://system.gotsport.com/org_event/events/55642/schedules?team=4102939
CPL,Girls U10 Division 6,Lawrenceburg Greendale Soccer Club LGSC Tsunamis,https://system.gotsport.com/org_event/events/55642/schedules?team=4130614
CPL,Girls U10 Division 6,Independence SC ISC U10G Roaring Thunder,https://system.gotsport.com/org_event/events/55642/schedules?team=4188965
CPL,Girls U10 Division 6,Cincinnati Elite FC Cincinnati Elite FC GU10 Elite (2016/17),https://system.gotsport.com/org_event/events/55642/schedules?team=4171847
CPL,Girls U10 Division 6,Edgewood Premier FC EPFC U10 Girls,https://system.gotsport.com/org_event/events/55642/schedules?team=4192113
CPL,Girls U10 Division 6,Lakota Futbol Club Lakota FC G16/17 Red,https://system.gotsport.com/org_event/events/55642/schedules?team=4188156
CPL,Girls U10 Division 7,Oxford United FC(OH) Oxford United G2016/2017,https://system.gotsport.com/org_event/events/55642/schedules?team=4189071
CPL,Girls U10 Division 7,Independence SC ISC U10G Sporting Jaguars,https://system.gotsport.com/org_event/events/55642/schedules?team=4188960
CPL,Girls U10 Division 7,Cincy SC Cincy SC G16-17 White,https://system.gotsport.com/org_event/events/55642/schedules?team=4189163
CPL,Girls U10 Division 7,Eclipse FC Eclipse East FC G U10 Blue,https://system.gotsport.com/org_event/events/55642/schedules?team=4189996
CPL,Girls U10 Division 7,Cincinnati West CWSC GU10 Academy Elite,https://system.gotsport.com/org_event/events/55642/schedules?team=4139145
CPL,Girls U10 Division 7,Invictus SC Invictus SC G2016/17,https://system.gotsport.com/org_event/events/55642/schedules?team=4225647
CPL,Girls U10 Division 7,Kings Hammer Cincinnati KHA Sycamore GU10 Black,https://system.gotsport.com/org_event/events/55642/schedules?team=4155952
CPL,Girls U10 Division 7,Little Miami FC LMFC U10 Girls Elite,https://system.gotsport.com/org_event/events/55642/schedules?team=4237986
CPL,Girls U10 Division 8,On Goal Passion FC Passion FC 2016/2017G Gray,https://system.gotsport.com/org_event/events/55642/schedules?team=4149465
CPL,Girls U10 Division 8,Ohio United FC Ohio United FC G16/17 Academy,https://system.gotsport.com/org_event/events/55642/schedules?team=4192747
CPL,Girls U10 Division 8,LSO United LSO United G2016/17,https://system.gotsport.com/org_event/events/55642/schedules?team=4142797
CPL,Girls U10 Division 8,Northwest Cincy Soccer Coalition Northwest Cincy SC G16/17 Orange,https://system.gotsport.com/org_event/events/55642/schedules?team=4191190
CPL,Girls U10 Division 8,Madeira FC Madeira FC U10G Blue,https://system.gotsport.com/org_event/events/55642/schedules?team=4178371
CPL,Girls U10 Division 8,FC Storm FC Storm GU10 Loveland Black,https://system.gotsport.com/org_event/events/55642/schedules?team=4161874
CPL,Girls U10 Division 8,Elevate FC Elevate FC GU10 Blue,https://system.gotsport.com/org_event/events/55642/schedules?team=4158181
CPL,Girls U10 Division 8,Campbell Soccer Club (CSC) CampbellSC U10G Phirman,https://system.gotsport.com/org_event/events/55642/schedules?team=4175350
CPL,Girls U10 Division 8,Campbell Soccer Club (CSC) CampbellSC U10G Deinlein,https://system.gotsport.com/org_event/events/55642/schedules?team=4175332
CPL,Girls U10 Division 9,Fairfield Optimist Soccer Club FOSC G16/17 Premier,https://system.gotsport.com/org_event/events/55642/schedules?team=4191035
CPL,Girls U10 Division 9,Lord's Gym Price Hill Lord's Gym F.C. GU10,https://system.gotsport.com/org_event/events/55642/schedules?team=4175437
CPL,Girls U10 Division 9,Kolping SC Kolping SC G35 White,https://system.gotsport.com/org_event/events/55642/schedules?team=4191158
CPL,Girls U10 Division 9,Oak Hills Youth Athletics Oak Hills Premier Girls U10,https://system.gotsport.com/org_event/events/55642/schedules?team=4190801
CPL,Girls U10 Division 9,Kings Hammer Cincinnati KHA NKY GU10 White,https://system.gotsport.com/org_event/events/55642/schedules?team=4122913
CPL,Girls U10 Division 9,Campbell Soccer Club (CSC) CampbellSC U10G Hickman,https://system.gotsport.com/org_event/events/55642/schedules?team=4175337
CPL,Girls U10 Division 1,Mercury Mercury SJB G16/17 Blue Jays,https://system.gotsport.com/org_event/events/55642/schedules?team=4151830
CPL,Girls U10 Division 1,Mercury Mercury G2016/17 Pre ECNL 1,https://system.gotsport.com/org_event/events/55642/schedules?team=4191358
CPL,Girls U10 Division 1,Independence SC ISC U10G Lightning,https://system.gotsport.com/org_event/events/55642/schedules?team=4188967
CPL,Girls U10 Division 1,Kings Hammer Cincinnati KHA NKY GU10 Black,https://system.gotsport.com/org_event/events/55642/schedules?team=4122871
CPL,Girls U10 Division 1,Kings Hammer Cincinnati KHA Sycamore GU10 Green,https://system.gotsport.com/org_event/events/55642/schedules?team=4155927
CPL,Girls U10 Division 1,Cincy SC Cincy SC G16-17 Premier,https://system.gotsport.com/org_event/events/55642/schedules?team=4189145
CPL,Girls U10 Division 1,Cincinnati United Soccer Club CUSC GU10 South Angel City,https://system.gotsport.com/org_event/events/55642/schedules?team=4191979
CPL,Girls U10 Division 1,Cincinnati United Soccer Club CUSC GU10 North LM Arsenal,https://system.gotsport.com/org_event/events/55642/schedules?team=4160052
CPL,Girls U10 Division 1,Kolping SC Kolping SC G35 Orange,https://system.gotsport.com/org_event/events/55642/schedules?team=4191149
CPL,Girls U10 Division 2,Northwest Cincy Soccer Coalition Northwest Cincy SC G16/17 Blue,https://system.gotsport.com/org_event/events/55642/schedules?team=4191179
CPL,Girls U10 Division 2,NWC Alliance Soccer Club NWC Alliance 2035 Girls Elite,https://system.gotsport.com/org_event/events/55642/schedules?team=4102930
CPL,Girls U10 Division 2,Fusion FC NKY Fusion FC GU10 Green,https://system.gotsport.com/org_event/events/55642/schedules?team=4183705
CPL,Girls U10 Division 2,FC Storm FC Storm GU10 Loveland Orange,https://system.gotsport.com/org_event/events/55642/schedules?team=4161087
CPL,Girls U10 Division 2,Cincinnati United Soccer Club CUSC GU10 North SM Aston Villa,https://system.gotsport.com/org_event/events/55642/schedules?team=4160048
CPL,Girls U10 Division 3,Cincinnati United Soccer Club CUSC GU10 North SM Burnley,https://system.gotsport.com/org_event/events/55642/schedules?team=4160050
CPL,Girls U10 Division 3,Impact GFC Impact GFC GU10 Blue,https://system.gotsport.com/org_event/events/55642/schedules?team=4191120
CPL,Girls U10 Division 3,Mercury Mercury G2016/17 West,https://system.gotsport.com/org_event/events/55642/schedules?team=4191374
CPL,Girls U10 Division 3,Cincy SC Cincy SC G16-17 Elite,https://system.gotsport.com/org_event/events/55642/schedules?team=4189154
CPL,Girls U10 Division 3,Cincinnati United Soccer Club CUSC GU10 South Bay FC,https://system.gotsport.com/org_event/events/55642/schedules?team=4191983
CPL,Girls U10 Division 4,Total Futbol Academy (OH) TFA G2016-17 Premier,https://system.gotsport.com/org_event/events/55642/schedules?team=4185635
CPL,Girls U10 Division 4,Lakota Futbol Club Lakota FC G16/17 Black,https://system.gotsport.com/org_event/events/55642/schedules?team=4183032
CPL,Girls U10 Division 4,Fusion FC NKY Fusion FC GU10 Black,https://system.gotsport.com/org_event/events/55642/schedules?team=4183694
CPL,Girls U10 Division 4,FC Dayton FC Dayton U10 Girls Elite,https://system.gotsport.com/org_event/events/55642/schedules?team=4171610
CPL,Girls U10 Division 4,Cincy SC Cincy SC G16-17 Navy,https://system.gotsport.com/org_event/events/55642/schedules?team=4189157
CPL,Girls U10 Division 4,Cincinnati United Soccer Club CUSC GU10 South Courage,https://system.gotsport.com/org_event/events/55642/schedules?team=4192000
CPL,Girls U10 Division 4,Fairfield Optimist Soccer Club FOSC G16/17 Elite,https://system.gotsport.com/org_event/events/55642/schedules?team=4191031
CPL,Girls U10 Division 4,Kolping SC Kolping SC G35 Black,https://system.gotsport.com/org_event/events/55642/schedules?team=4191151
CPL,Girls U10 Division 5,Cincinnati United Soccer Club CUSC GU10 WEST ATHLETICO MADRID,https://system.gotsport.com/org_event/events/55642/schedules?team=4205197
CPL,Girls U10 Division 5,FC Storm FC Storm GU10 Loveland White,https://system.gotsport.com/org_event/events/55642/schedules?team=4161872
CPL,Girls U10 Division 5,FC Storm FC Storm GU10 IH Orange,https://system.gotsport.com/org_event/events/55642/schedules?team=4161877
CPL,Girls U10 Division 5,Madeira FC Madeira FC U10G Orange,https://system.gotsport.com/org_event/events/55642/schedules?team=4174268
CPL,Girls U10 Division 5,Mercury Mercury G2016/17 North,https://system.gotsport.com/org_event/events/55642/schedules?team=4156856
CPL,Girls U10 Division 5,Cincy SC Cincy SC G16-17 Orange,https://system.gotsport.com/org_event/events/55642/schedules?team=4189160
CPL,Girls U10 Division 5,Fusion FC NKY Fusion FC GU10 White,https://system.gotsport.com/org_event/events/55642/schedules?team=4183724
CPL,Girls U10 Division 5,Cincinnati United Soccer Club CUSC GU10 North LM Brighton,https://system.gotsport.com/org_event/events/55642/schedules?team=4160057
CPL,Girls U10 Division 5,Kings Hammer Cincinnati KHA NKY GU10 Gray,https://system.gotsport.com/org_event/events/55642/schedules?team=4122897
CPL,Girls U10 Division 5,STAR Rush Cincinnati STAR Rush GU10 Blue,https://system.gotsport.com/org_event/events/55642/schedules?team=4191371
CPL,Girls U10 Division 6,Cincinnati United Soccer Club CUSC GU10 South Dash,https://system.gotsport.com/org_event/events/55642/schedules?team=4192004
CPL,Girls U10 Division 6,NWC Alliance Soccer Club NWC Alliance 2035 Girls Premier,https://system.gotsport.com/org_event/events/55642/schedules?team=4102939
CPL,Girls U10 Division 6,Lawrenceburg Greendale Soccer Club LGSC Tsunamis,https://system.gotsport.com/org_event/events/55642/schedules?team=4130614
CPL,Girls U10 Division 6,Independence SC ISC U10G Roaring Thunder,https://system.gotsport.com/org_event/events/55642/schedules?team=4188965
CPL,Girls U10 Division 6,Cincinnati Elite FC Cincinnati Elite FC GU10 Elite (2016/17),https://system.gotsport.com/org_event/events/55642/schedules?team=4171847
CPL,Girls U10 Division 6,Edgewood Premier FC EPFC U10 Girls,https://system.gotsport.com/org_event/events/55642/schedules?team=4192113
CPL,Girls U10 Division 6,Lakota Futbol Club Lakota FC G16/17 Red,https://system.gotsport.com/org_event/events/55642/schedules?team=4188156
CPL,Girls U10 Division 7,Oxford United FC(OH) Oxford United G2016/2017,https://system.gotsport.com/org_event/events/55642/schedules?team=4189071
CPL,Girls U10 Division 7,Independence SC ISC U10G Sporting Jaguars,https://system.gotsport.com/org_event/events/55642/schedules?team=4188960
CPL,Girls U10 Division 7,Cincy SC Cincy SC G16-17 White,https://system.gotsport.com/org_event/events/55642/schedules?team=4189163
CPL,Girls U10 Division 7,Eclipse FC Eclipse East FC G U10 Blue,https://system.gotsport.com/org_event/events/55642/schedules?team=4189996
CPL,Girls U10 Division 7,Cincinnati West CWSC GU10 Academy Elite,https://system.gotsport.com/org_event/events/55642/schedules?team=4139145
CPL,Girls U10 Division 7,Invictus SC Invictus SC G2016/17,https://system.gotsport.com/org_event/events/55642/schedules?team=4225647
CPL,Girls U10 Division 7,Kings Hammer Cincinnati KHA Sycamore GU10 Black,https://system.gotsport.com/org_event/events/55642/schedules?team=4155952
CPL,Girls U10 Division 7,Little Miami FC LMFC U10 Girls Elite,https://system.gotsport.com/org_event/events/55642/schedules?team=4237986
CPL,Girls U10 Division 8,On Goal Passion FC Passion FC 2016/2017G Gray,https://system.gotsport.com/org_event/events/55642/schedules?team=4149465
CPL,Girls U10 Division 8,Ohio United FC Ohio United FC G16/17 Academy,https://system.gotsport.com/org_event/events/55642/schedules?team=4192747
CPL,Girls U10 Division 8,LSO United LSO United G2016/17,https://system.gotsport.com/org_event/events/55642/schedules?team=4142797
CPL,Girls U10 Division 8,Northwest Cincy Soccer Coalition Northwest Cincy SC G16/17 Orange,https://system.gotsport.com/org_event/events/55642/schedules?team=4191190
CPL,Girls U10 Division 8,Madeira FC Madeira FC U10G Blue,https://system.gotsport.com/org_event/events/55642/schedules?team=4178371
CPL,Girls U10 Division 8,FC Storm FC Storm GU10 Loveland Black,https://system.gotsport.com/org_event/events/55642/schedules?team=4161874
CPL,Girls U10 Division 8,Elevate FC Elevate FC GU10 Blue,https://system.gotsport.com/org_event/events/55642/schedules?team=4158181
CPL,Girls U10 Division 8,Campbell Soccer Club (CSC) CampbellSC U10G Phirman,https://system.gotsport.com/org_event/events/55642/schedules?team=4175350
CPL,Girls U10 Division 8,Campbell Soccer Club (CSC) CampbellSC U10G Deinlein,https://system.gotsport.com/org_event/events/55642/schedules?team=4175332
CPL,Girls U10 Division 9,Fairfield Optimist Soccer Club FOSC G16/17 Premier,https://system.gotsport.com/org_event/events/55642/schedules?team=4191035
CPL,Girls U10 Division 9,Lord's Gym Price Hill Lord's Gym F.C. GU10,https://system.gotsport.com/org_event/events/55642/schedules?team=4175437
CPL,Girls U10 Division 9,Kolping SC Kolping SC G35 White,https://system.gotsport.com/org_event/events/55642/schedules?team=4191158
CPL,Girls U10 Division 9,Oak Hills Youth Athletics Oak Hills Premier Girls U10,https://system.gotsport.com/org_event/events/55642/schedules?team=4190801
CPL,Girls U10 Division 9,Kings Hammer Cincinnati KHA NKY GU10 White,https://system.gotsport.com/org_event/events/55642/schedules?team=4122913
CPL,Girls U10 Division 9,Campbell Soccer Club (CSC) CampbellSC U10G Hickman,https://system.gotsport.com/org_event/events/55642/schedules?team=4175337
CPL,Girls U11 Division 1,Independence SC ISC U11G Dragons,https://system.gotsport.com/org_event/events/55642/schedules?team=4188969
CPL,Girls U11 Division 1,Cincy SC Cincy SC G15-16 Elite,https://system.gotsport.com/org_event/events/55642/schedules?team=4189113
CPL,Girls U11 Division 1,Impact GFC Impact GFC GU11 Premier,https://system.gotsport.com/org_event/events/55642/schedules?team=4193400
CPL,Girls U11 Division 1,Kings Hammer Cincinnati KHA NKY GU10 Red,https://system.gotsport.com/org_event/events/55642/schedules?team=4122860
CPL,Girls U11 Division 1,Cincinnati United Soccer Club CUSC GU11 South Yellow,https://system.gotsport.com/org_event/events/55642/schedules?team=4192031
CPL,Girls U11 Division 1,Waynesville FC Waynesville FC U11G,https://system.gotsport.com/org_event/events/55642/schedules?team=4185303
CPL,Girls U11 Division 1,Eclipse FC Eclipse East FC Black,https://system.gotsport.com/org_event/events/55642/schedules?team=4189988
CPL,Girls U11 Division 2,Mercury Mercury G2015/16 West,https://system.gotsport.com/org_event/events/55642/schedules?team=4191523
CPL,Girls U11 Division 2,Cincy SC Cincy SC G15-16 Navy,https://system.gotsport.com/org_event/events/55642/schedules?team=4189115
CPL,Girls U11 Division 2,Eclipse FC Eclipse FC Premier,https://system.gotsport.com/org_event/events/55642/schedules?team=4188383
CPL,Girls U11 Division 2,Ohio United FC Ohio United FC G15/16 Academy,https://system.gotsport.com/org_event/events/55642/schedules?team=4192739
CPL,Girls U11 Division 2,Mercury Mercury G15/16 North,https://system.gotsport.com/org_event/events/55642/schedules?team=4156872
CPL,Girls U11 Division 2,Lawrenceburg Greendale Soccer Club LGSC Thunder Black,https://system.gotsport.com/org_event/events/55642/schedules?team=4118914
CPL,Girls U11 Division 2,Cincinnati United Soccer Club CUSC GU11 South Green,https://system.gotsport.com/org_event/events/55642/schedules?team=4192047
CPL,Girls U11 Division 3,Campbell Soccer Club (CSC) CampbellSC U11G Noll,https://system.gotsport.com/org_event/events/55642/schedules?team=4175429
CPL,Girls U11 Division 3,On Goal Passion FC Passion FC 2015/2016G Gray,https://system.gotsport.com/org_event/events/55642/schedules?team=4139487
CPL,Girls U11 Division 3,Lakota Futbol Club Lakota FC G15/16 Red,https://system.gotsport.com/org_event/events/55642/schedules?team=4181497
CPL,Girls U11 Division 3,Mercury BSC Premier G15/16,https://system.gotsport.com/org_event/events/55642/schedules?team=4098968
CPL,Girls U11 Division 3,Total Futbol Academy (OH) TFA G2015-16 Gold,https://system.gotsport.com/org_event/events/55642/schedules?team=4185653
CPL,Girls U11 Division 3,Independence SC ISC U11G Thunder,https://system.gotsport.com/org_event/events/55642/schedules?team=4188973
CPL,Girls U11 Division 3,Cincy SC Cincy SC G15-16 Orange,https://system.gotsport.com/org_event/events/55642/schedules?team=4189118
CPL,Girls U11 Division 3,Kings Hammer Cincinnati KHA NKY GU11 Red,https://system.gotsport.com/org_event/events/55642/schedules?team=4122975
CPL,Girls U11 Division 3,Kings Hammer Cincinnati KHA Warren County GU11 Blue,https://system.gotsport.com/org_event/events/55642/schedules?team=4156397
CPL,Girls U11 Division 4,Oxford United FC(OH) Oxford United G2015/2016,https://system.gotsport.com/org_event/events/55642/schedules?team=4189068
CPL,Girls U11 Division 4,Total Ginga Academy Total Ginga Academy U10G (KY),https://system.gotsport.com/org_event/events/55642/schedules?team=4159561
CPL,Girls U11 Division 4,Cincinnati United Soccer Club CUSC GU11 WEST YELLOW,https://system.gotsport.com/org_event/events/55642/schedules?team=4205311
CPL,Girls U11 Division 4,Kings Hammer Cincinnati KHA Sycamore GU11 Green,https://system.gotsport.com/org_event/events/55642/schedules?team=4155959
CPL,Girls U11 Division 4,Fusion FC NKY Fusion FC GU11 Black,https://system.gotsport.com/org_event/events/55642/schedules?team=4183778
CPL,Girls U11 Division 4,Fairfield Optimist Soccer Club FOSC G15/16 Premier,https://system.gotsport.com/org_event/events/55642/schedules?team=4191021
CPL,Girls U11 Division 4,Cincy SC Cincy SC G15-16 White,https://system.gotsport.com/org_event/events/55642/schedules?team=4189295
CPL,Girls U11 Division 4,Kolping SC Kolping SC G34 Orange,https://system.gotsport.com/org_event/events/55642/schedules?team=4191163
CPL,Girls U11 Division 4,Kings Hammer Cincinnati KHA NKY GU11 Black,https://system.gotsport.com/org_event/events/55642/schedules?team=4123001
CPL,Girls U11 Division 5,Pleasant Ridge Football Club Pleasant Ridge Football Club G2016,https://system.gotsport.com/org_event/events/55642/schedules?team=4128666
CPL,Girls U11 Division 5,Little Miami FC LMFC U11 Girls Gold,https://system.gotsport.com/org_event/events/55642/schedules?team=4134405
CPL,Girls U11 Division 5,LSO United LSO United G2015/16,https://system.gotsport.com/org_event/events/55642/schedules?team=4121466
CPL,Girls U11 Division 5,Impact GFC Impact GFC GU11 Blue,https://system.gotsport.com/org_event/events/55642/schedules?team=4191132
CPL,Girls U11 Division 5,Fairfield Optimist Soccer Club FOSC Lebanon Warrior Premier G15/16 White,https://system.gotsport.com/org_event/events/55642/schedules?team=4191388
CPL,Girls U11 Division 5,FC Storm FC Storm GU11 Orange,https://system.gotsport.com/org_event/events/55642/schedules?team=4166635
CPL,Girls U11 Division 5,Clinton Massie SAY Premier Clinton Massie Premier G15,https://system.gotsport.com/org_event/events/55642/schedules?team=4092068
CPL,Girls U11 Division 5,Fusion FC NKY Fusion FC GU11 White,https://system.gotsport.com/org_event/events/55642/schedules?team=4183786
CPL,Girls U11 Division 5,Madeira FC Madeira FC U11G Orange,https://system.gotsport.com/org_event/events/55642/schedules?team=4182248
CPL,Girls U11 Division 5,Campbell Soccer Club (CSC) CampbellSC U11G Palazzolo,https://system.gotsport.com/org_event/events/55642/schedules?team=4175457
CPL,Girls U11 Division 6,Oak Hills Youth Athletics Oak Hills Premier Girls U11,https://system.gotsport.com/org_event/events/55642/schedules?team=4190791
CPL,Girls U11 Division 6,STAR Rush Cincinnati STAR Rush GU11 Blue,https://system.gotsport.com/org_event/events/55642/schedules?team=4191394
CPL,Girls U11 Division 6,Lawrenceburg Greendale Soccer Club LGSC Thunder Orange,https://system.gotsport.com/org_event/events/55642/schedules?team=4118921
CPL,Girls U11 Division 6,Elevate FC Elevate FC GU10 White,https://system.gotsport.com/org_event/events/55642/schedules?team=4158179
CPL,Girls U11 Division 6,Lakota Futbol Club Lakota FC G15/16 Gray,https://system.gotsport.com/org_event/events/55642/schedules?team=4223928
CPL,Girls U11 Division 1,Independence SC ISC U11G Dragons,https://system.gotsport.com/org_event/events/55642/schedules?team=4188969
CPL,Girls U11 Division 1,Cincy SC Cincy SC G15-16 Elite,https://system.gotsport.com/org_event/events/55642/schedules?team=4189113
CPL,Girls U11 Division 1,Impact GFC Impact GFC GU11 Premier,https://system.gotsport.com/org_event/events/55642/schedules?team=4193400
CPL,Girls U11 Division 1,Kings Hammer Cincinnati KHA NKY GU10 Red,https://system.gotsport.com/org_event/events/55642/schedules?team=4122860
CPL,Girls U11 Division 1,Cincinnati United Soccer Club CUSC GU11 South Yellow,https://system.gotsport.com/org_event/events/55642/schedules?team=4192031
CPL,Girls U11 Division 1,Waynesville FC Waynesville FC U11G,https://system.gotsport.com/org_event/events/55642/schedules?team=4185303
CPL,Girls U11 Division 1,Eclipse FC Eclipse East FC Black,https://system.gotsport.com/org_event/events/55642/schedules?team=4189988
CPL,Girls U11 Division 2,Mercury Mercury G2015/16 West,https://system.gotsport.com/org_event/events/55642/schedules?team=4191523
CPL,Girls U11 Division 2,Cincy SC Cincy SC G15-16 Navy,https://system.gotsport.com/org_event/events/55642/schedules?team=4189115
CPL,Girls U11 Division 2,Eclipse FC Eclipse FC Premier,https://system.gotsport.com/org_event/events/55642/schedules?team=4188383
CPL,Girls U11 Division 2,Ohio United FC Ohio United FC G15/16 Academy,https://system.gotsport.com/org_event/events/55642/schedules?team=4192739
CPL,Girls U11 Division 2,Mercury Mercury G15/16 North,https://system.gotsport.com/org_event/events/55642/schedules?team=4156872
CPL,Girls U11 Division 2,Lawrenceburg Greendale Soccer Club LGSC Thunder Black,https://system.gotsport.com/org_event/events/55642/schedules?team=4118914
CPL,Girls U11 Division 2,Cincinnati United Soccer Club CUSC GU11 South Green,https://system.gotsport.com/org_event/events/55642/schedules?team=4192047
CPL,Girls U11 Division 3,Campbell Soccer Club (CSC) CampbellSC U11G Noll,https://system.gotsport.com/org_event/events/55642/schedules?team=4175429
CPL,Girls U11 Division 3,On Goal Passion FC Passion FC 2015/2016G Gray,https://system.gotsport.com/org_event/events/55642/schedules?team=4139487
CPL,Girls U11 Division 3,Lakota Futbol Club Lakota FC G15/16 Red,https://system.gotsport.com/org_event/events/55642/schedules?team=4181497
CPL,Girls U11 Division 3,Mercury BSC Premier G15/16,https://system.gotsport.com/org_event/events/55642/schedules?team=4098968
CPL,Girls U11 Division 3,Total Futbol Academy (OH) TFA G2015-16 Gold,https://system.gotsport.com/org_event/events/55642/schedules?team=4185653
CPL,Girls U11 Division 3,Independence SC ISC U11G Thunder,https://system.gotsport.com/org_event/events/55642/schedules?team=4188973
CPL,Girls U11 Division 3,Cincy SC Cincy SC G15-16 Orange,https://system.gotsport.com/org_event/events/55642/schedules?team=4189118
CPL,Girls U11 Division 3,Kings Hammer Cincinnati KHA NKY GU11 Red,https://system.gotsport.com/org_event/events/55642/schedules?team=4122975
CPL,Girls U11 Division 3,Kings Hammer Cincinnati KHA Warren County GU11 Blue,https://system.gotsport.com/org_event/events/55642/schedules?team=4156397
CPL,Girls U11 Division 4,Oxford United FC(OH) Oxford United G2015/2016,https://system.gotsport.com/org_event/events/55642/schedules?team=4189068
CPL,Girls U11 Division 4,Total Ginga Academy Total Ginga Academy U10G (KY),https://system.gotsport.com/org_event/events/55642/schedules?team=4159561
CPL,Girls U11 Division 4,Cincinnati United Soccer Club CUSC GU11 WEST YELLOW,https://system.gotsport.com/org_event/events/55642/schedules?team=4205311
CPL,Girls U11 Division 4,Kings Hammer Cincinnati KHA Sycamore GU11 Green,https://system.gotsport.com/org_event/events/55642/schedules?team=4155959
CPL,Girls U11 Division 4,Fusion FC NKY Fusion FC GU11 Black,https://system.gotsport.com/org_event/events/55642/schedules?team=4183778
CPL,Girls U11 Division 4,Fairfield Optimist Soccer Club FOSC G15/16 Premier,https://system.gotsport.com/org_event/events/55642/schedules?team=4191021
CPL,Girls U11 Division 4,Cincy SC Cincy SC G15-16 White,https://system.gotsport.com/org_event/events/55642/schedules?team=4189295
CPL,Girls U11 Division 4,Kolping SC Kolping SC G34 Orange,https://system.gotsport.com/org_event/events/55642/schedules?team=4191163
CPL,Girls U11 Division 4,Kings Hammer Cincinnati KHA NKY GU11 Black,https://system.gotsport.com/org_event/events/55642/schedules?team=4123001
CPL,Girls U11 Division 5,Pleasant Ridge Football Club Pleasant Ridge Football Club G2016,https://system.gotsport.com/org_event/events/55642/schedules?team=4128666
CPL,Girls U11 Division 5,Little Miami FC LMFC U11 Girls Gold,https://system.gotsport.com/org_event/events/55642/schedules?team=4134405
CPL,Girls U11 Division 5,LSO United LSO United G2015/16,https://system.gotsport.com/org_event/events/55642/schedules?team=4121466
CPL,Girls U11 Division 5,Impact GFC Impact GFC GU11 Blue,https://system.gotsport.com/org_event/events/55642/schedules?team=4191132
CPL,Girls U11 Division 5,Fairfield Optimist Soccer Club FOSC Lebanon Warrior Premier G15/16 White,https://system.gotsport.com/org_event/events/55642/schedules?team=4191388
CPL,Girls U11 Division 5,FC Storm FC Storm GU11 Orange,https://system.gotsport.com/org_event/events/55642/schedules?team=4166635
CPL,Girls U11 Division 5,Clinton Massie SAY Premier Clinton Massie Premier G15,https://system.gotsport.com/org_event/events/55642/schedules?team=4092068
CPL,Girls U11 Division 5,Fusion FC NKY Fusion FC GU11 White,https://system.gotsport.com/org_event/events/55642/schedules?team=4183786
CPL,Girls U11 Division 5,Madeira FC Madeira FC U11G Orange,https://system.gotsport.com/org_event/events/55642/schedules?team=4182248
CPL,Girls U11 Division 5,Campbell Soccer Club (CSC) CampbellSC U11G Palazzolo,https://system.gotsport.com/org_event/events/55642/schedules?team=4175457
CPL,Girls U11 Division 6,Oak Hills Youth Athletics Oak Hills Premier Girls U11,https://system.gotsport.com/org_event/events/55642/schedules?team=4190791
CPL,Girls U11 Division 6,STAR Rush Cincinnati STAR Rush GU11 Blue,https://system.gotsport.com/org_event/events/55642/schedules?team=4191394
CPL,Girls U11 Division 6,Lawrenceburg Greendale Soccer Club LGSC Thunder Orange,https://system.gotsport.com/org_event/events/55642/schedules?team=4118921
CPL,Girls U11 Division 6,Elevate FC Elevate FC GU10 White,https://system.gotsport.com/org_event/events/55642/schedules?team=4158179
CPL,Girls U11 Division 6,Lakota Futbol Club Lakota FC G15/16 Gray,https://system.gotsport.com/org_event/events/55642/schedules?team=4223928
CPL,Girls U12 Division 1,Tempest FC TempesT FC Thunder,https://system.gotsport.com/org_event/events/55642/schedules?team=4113720
CPL,Girls U12 Division 1,Eclipse FC Eclipse East FC Hurricanes,https://system.gotsport.com/org_event/events/55642/schedules?team=4189984
CPL,Girls U12 Division 1,Cincy SC Cincy SC G14-15 Navy,https://system.gotsport.com/org_event/events/55642/schedules?team=4189102
CPL,Girls U12 Division 1,Fusion FC NKY Fusion FC GU12 Black,https://system.gotsport.com/org_event/events/55642/schedules?team=4183888
CPL,Girls U12 Division 1,Waynesville FC Waynesville FC U12G,https://system.gotsport.com/org_event/events/55642/schedules?team=4189966
CPL,Girls U12 Division 1,Northwest Cincy Soccer Coalition Northwest Cincy SC G14/15 Fire,https://system.gotsport.com/org_event/events/55642/schedules?team=4190400
CPL,Girls U12 Division 2,STAR Rush Cincinnati STAR Rush GU12 Blue,https://system.gotsport.com/org_event/events/55642/schedules?team=4191342
CPL,Girls U12 Division 2,New Richmond SC New Richmond SC G14/15,https://system.gotsport.com/org_event/events/55642/schedules?team=4076303
CPL,Girls U12 Division 2,Mercury Mercury G2014/15 West,https://system.gotsport.com/org_event/events/55642/schedules?team=4191538
CPL,Girls U12 Division 2,Independence SC ISC U12G Green Dragons,https://system.gotsport.com/org_event/events/55642/schedules?team=4188977
CPL,Girls U12 Division 2,Kings Hammer Cincinnati KHA NKY GU12 Red,https://system.gotsport.com/org_event/events/55642/schedules?team=4123006
CPL,Girls U12 Division 2,Campbell Soccer Club (CSC) CampbellSC U12G Barnes,https://system.gotsport.com/org_event/events/55642/schedules?team=4175493
CPL,Girls U12 Division 2,Cincy SC Cincy SC G14-15 Orange,https://system.gotsport.com/org_event/events/55642/schedules?team=4189105
CPL,Girls U12 Division 2,Independence SC ISC U12G Birds,https://system.gotsport.com/org_event/events/55642/schedules?team=4188979
CPL,Girls U12 Division 2,On Goal Passion FC Passion FC 2014/2015G Gray,https://system.gotsport.com/org_event/events/55642/schedules?team=4139151
CPL,Girls U12 Division 3,Mercury BSC Premier G14/15,https://system.gotsport.com/org_event/events/55642/schedules?team=4098980
CPL,Girls U12 Division 3,Fusion FC NKY Fusion FC GU12 White,https://system.gotsport.com/org_event/events/55642/schedules?team=4183970
CPL,Girls U12 Division 3,Independence SC ISC U12G Gators,https://system.gotsport.com/org_event/events/55642/schedules?team=4188976
CPL,Girls U12 Division 3,Cincinnati United Soccer Club CUSC GU12 North Yellow,https://system.gotsport.com/org_event/events/55642/schedules?team=4160060
CPL,Girls U12 Division 3,Kings Hammer Cincinnati KHA Warren County GU12 Blue,https://system.gotsport.com/org_event/events/55642/schedules?team=4156425
CPL,Girls U12 Division 4,Ohio United FC Ohio United FC G14/15 Chaos,https://system.gotsport.com/org_event/events/55642/schedules?team=4192730
CPL,Girls U12 Division 4,NWC Alliance Soccer Club NWC Alliance 2033 Girls Premier,https://system.gotsport.com/org_event/events/55642/schedules?team=4103261
CPL,Girls U12 Division 4,NKY Gunners Athletic Club NKY Gunners Athletic Club G14/15,https://system.gotsport.com/org_event/events/55642/schedules?team=4122538
CPL,Girls U12 Division 4,FC Storm FC Storm GU12 Orange,https://system.gotsport.com/org_event/events/55642/schedules?team=4166676
CPL,Girls U12 Division 4,Eclipse FC Eclipse FC Mayhem,https://system.gotsport.com/org_event/events/55642/schedules?team=4188399
CPL,Girls U12 Division 4,Cincy SC Cincy SC G14-15 White,https://system.gotsport.com/org_event/events/55642/schedules?team=4189109
CPL,Girls U12 Division 5,Ohio United FC Ohio United FC G14/15 Academy,https://system.gotsport.com/org_event/events/55642/schedules?team=4192726
CPL,Girls U12 Division 5,Invictus SC Invictus SC G2014/15,https://system.gotsport.com/org_event/events/55642/schedules?team=4225632
CPL,Girls U12 Division 5,Impact GFC Impact GFC GU12 Blue,https://system.gotsport.com/org_event/events/55642/schedules?team=4191981
CPL,Girls U12 Division 5,Fairfield Optimist Soccer Club FOSC G14/15 Black,https://system.gotsport.com/org_event/events/55642/schedules?team=4191007
CPL,Girls U12 Division 5,Cincinnati West CWSC GU12 Academy Red,https://system.gotsport.com/org_event/events/55642/schedules?team=4139163
CPL,Girls U12 Division 5,Cincinnati Grand Futbol Cincinnati Grand Futbol Club Girls,https://system.gotsport.com/org_event/events/55642/schedules?team=4190381
CPL,Girls U12 Division 6,Cincinnati Elite FC Cincinnati Elite FC GU12 Gold (2014/15),https://system.gotsport.com/org_event/events/55642/schedules?team=4171866
CPL,Girls U12 Division 6,Campbell Soccer Club (CSC) CampbellSC U12G Ripberger,https://system.gotsport.com/org_event/events/55642/schedules?team=4175509
CPL,Girls U12 Division 6,Oak Hills Youth Athletics Oak Hills Premier Girls U12,https://system.gotsport.com/org_event/events/55642/schedules?team=4190784
CPL,Girls U12 Division 6,Total Futbol Academy (OH) TFA G2014-15 Gold,https://system.gotsport.com/org_event/events/55642/schedules?team=4185846
CPL,Girls U12 Division 6,Lawrenceburg Greendale Soccer Club LGSC Storm,https://system.gotsport.com/org_event/events/55642/schedules?team=4166602
CPL,Girls U12 Division 7,Campbell Soccer Club (CSC) CampbellSC U12G Kessinger,https://system.gotsport.com/org_event/events/55642/schedules?team=4175512
CPL,Girls U12 Division 7,Kolping SC Kolping SC G33 Black,https://system.gotsport.com/org_event/events/55642/schedules?team=4191168
CPL,Girls U12 Division 7,Edgewood Premier FC EPFC U12 Girls,https://system.gotsport.com/org_event/events/55642/schedules?team=4192120
CPL,Girls U12 Division 7,Lakota Futbol Club Lakota FC G14/15 Gray,https://system.gotsport.com/org_event/events/55642/schedules?team=4195109
CPL,Girls U12 Division 7,Monroe Premier FC Monroe Premier FC U12G Avalanche,https://system.gotsport.com/org_event/events/55642/schedules?team=4075289
CPL,Girls U12 Division 1,Tempest FC TempesT FC Thunder,https://system.gotsport.com/org_event/events/55642/schedules?team=4113720
CPL,Girls U12 Division 1,Eclipse FC Eclipse East FC Hurricanes,https://system.gotsport.com/org_event/events/55642/schedules?team=4189984
CPL,Girls U12 Division 1,Cincy SC Cincy SC G14-15 Navy,https://system.gotsport.com/org_event/events/55642/schedules?team=4189102
CPL,Girls U12 Division 1,Fusion FC NKY Fusion FC GU12 Black,https://system.gotsport.com/org_event/events/55642/schedules?team=4183888
CPL,Girls U12 Division 1,Waynesville FC Waynesville FC U12G,https://system.gotsport.com/org_event/events/55642/schedules?team=4189966
CPL,Girls U12 Division 1,Northwest Cincy Soccer Coalition Northwest Cincy SC G14/15 Fire,https://system.gotsport.com/org_event/events/55642/schedules?team=4190400
CPL,Girls U12 Division 2,STAR Rush Cincinnati STAR Rush GU12 Blue,https://system.gotsport.com/org_event/events/55642/schedules?team=4191342
CPL,Girls U12 Division 2,New Richmond SC New Richmond SC G14/15,https://system.gotsport.com/org_event/events/55642/schedules?team=4076303
CPL,Girls U12 Division 2,Mercury Mercury G2014/15 West,https://system.gotsport.com/org_event/events/55642/schedules?team=4191538
CPL,Girls U12 Division 2,Independence SC ISC U12G Green Dragons,https://system.gotsport.com/org_event/events/55642/schedules?team=4188977
CPL,Girls U12 Division 2,Kings Hammer Cincinnati KHA NKY GU12 Red,https://system.gotsport.com/org_event/events/55642/schedules?team=4123006
CPL,Girls U12 Division 2,Campbell Soccer Club (CSC) CampbellSC U12G Barnes,https://system.gotsport.com/org_event/events/55642/schedules?team=4175493
CPL,Girls U12 Division 2,Cincy SC Cincy SC G14-15 Orange,https://system.gotsport.com/org_event/events/55642/schedules?team=4189105
CPL,Girls U12 Division 2,Independence SC ISC U12G Birds,https://system.gotsport.com/org_event/events/55642/schedules?team=4188979
CPL,Girls U12 Division 2,On Goal Passion FC Passion FC 2014/2015G Gray,https://system.gotsport.com/org_event/events/55642/schedules?team=4139151
CPL,Girls U12 Division 3,Mercury BSC Premier G14/15,https://system.gotsport.com/org_event/events/55642/schedules?team=4098980
CPL,Girls U12 Division 3,Fusion FC NKY Fusion FC GU12 White,https://system.gotsport.com/org_event/events/55642/schedules?team=4183970
CPL,Girls U12 Division 3,Independence SC ISC U12G Gators,https://system.gotsport.com/org_event/events/55642/schedules?team=4188976
CPL,Girls U12 Division 3,Cincinnati United Soccer Club CUSC GU12 North Yellow,https://system.gotsport.com/org_event/events/55642/schedules?team=4160060
CPL,Girls U12 Division 3,Kings Hammer Cincinnati KHA Warren County GU12 Blue,https://system.gotsport.com/org_event/events/55642/schedules?team=4156425
CPL,Girls U12 Division 4,Ohio United FC Ohio United FC G14/15 Chaos,https://system.gotsport.com/org_event/events/55642/schedules?team=4192730
CPL,Girls U12 Division 4,NWC Alliance Soccer Club NWC Alliance 2033 Girls Premier,https://system.gotsport.com/org_event/events/55642/schedules?team=4103261
CPL,Girls U12 Division 4,NKY Gunners Athletic Club NKY Gunners Athletic Club G14/15,https://system.gotsport.com/org_event/events/55642/schedules?team=4122538
CPL,Girls U12 Division 4,FC Storm FC Storm GU12 Orange,https://system.gotsport.com/org_event/events/55642/schedules?team=4166676
CPL,Girls U12 Division 4,Eclipse FC Eclipse FC Mayhem,https://system.gotsport.com/org_event/events/55642/schedules?team=4188399
CPL,Girls U12 Division 4,Cincy SC Cincy SC G14-15 White,https://system.gotsport.com/org_event/events/55642/schedules?team=4189109
CPL,Girls U12 Division 5,Ohio United FC Ohio United FC G14/15 Academy,https://system.gotsport.com/org_event/events/55642/schedules?team=4192726
CPL,Girls U12 Division 5,Invictus SC Invictus SC G2014/15,https://system.gotsport.com/org_event/events/55642/schedules?team=4225632
CPL,Girls U12 Division 5,Impact GFC Impact GFC GU12 Blue,https://system.gotsport.com/org_event/events/55642/schedules?team=4191981
CPL,Girls U12 Division 5,Fairfield Optimist Soccer Club FOSC G14/15 Black,https://system.gotsport.com/org_event/events/55642/schedules?team=4191007
CPL,Girls U12 Division 5,Cincinnati West CWSC GU12 Academy Red,https://system.gotsport.com/org_event/events/55642/schedules?team=4139163
CPL,Girls U12 Division 5,Cincinnati Grand Futbol Cincinnati Grand Futbol Club Girls,https://system.gotsport.com/org_event/events/55642/schedules?team=4190381
CPL,Girls U12 Division 6,Cincinnati Elite FC Cincinnati Elite FC GU12 Gold (2014/15),https://system.gotsport.com/org_event/events/55642/schedules?team=4171866
CPL,Girls U12 Division 6,Campbell Soccer Club (CSC) CampbellSC U12G Ripberger,https://system.gotsport.com/org_event/events/55642/schedules?team=4175509
CPL,Girls U12 Division 6,Oak Hills Youth Athletics Oak Hills Premier Girls U12,https://system.gotsport.com/org_event/events/55642/schedules?team=4190784
CPL,Girls U12 Division 6,Total Futbol Academy (OH) TFA G2014-15 Gold,https://system.gotsport.com/org_event/events/55642/schedules?team=4185846
CPL,Girls U12 Division 6,Lawrenceburg Greendale Soccer Club LGSC Storm,https://system.gotsport.com/org_event/events/55642/schedules?team=4166602
CPL,Girls U12 Division 7,Campbell Soccer Club (CSC) CampbellSC U12G Kessinger,https://system.gotsport.com/org_event/events/55642/schedules?team=4175512
CPL,Girls U12 Division 7,Kolping SC Kolping SC G33 Black,https://system.gotsport.com/org_event/events/55642/schedules?team=4191168
CPL,Girls U12 Division 7,Edgewood Premier FC EPFC U12 Girls,https://system.gotsport.com/org_event/events/55642/schedules?team=4192120
CPL,Girls U12 Division 7,Lakota Futbol Club Lakota FC G14/15 Gray,https://system.gotsport.com/org_event/events/55642/schedules?team=4195109
CPL,Girls U12 Division 7,Monroe Premier FC Monroe Premier FC U12G Avalanche,https://system.gotsport.com/org_event/events/55642/schedules?team=4075289
CPL,Girls U13 Division 1,Independence SC ISC U13G United Green Rising Fury,https://system.gotsport.com/org_event/events/55642/schedules?team=4189027
CPL,Girls U13 Division 1,Northwest Cincy Soccer Coalition Northwest Cincy SC G13/14 Starz,https://system.gotsport.com/org_event/events/55642/schedules?team=4191147
CPL,Girls U13 Division 1,Independence SC ISC U13G Rebels,https://system.gotsport.com/org_event/events/55642/schedules?team=4189024
CPL,Girls U13 Division 1,Fusion FC NKY Fusion FC GU13 Black,https://system.gotsport.com/org_event/events/55642/schedules?team=4184005
CPL,Girls U13 Division 1,Cincy SC Cincy SC G13-14 Navy,https://system.gotsport.com/org_event/events/55642/schedules?team=4189082
CPL,Girls U13 Division 1,Cincy Galaxy SC Cincy Galaxy 2015G Grey,https://system.gotsport.com/org_event/events/55642/schedules?team=4246280
CPL,Girls U13 Division 2,Butler Fury Soccer Club Butler Fury Youth Soccer Club Girls U13,https://system.gotsport.com/org_event/events/55642/schedules?team=4161803
CPL,Girls U13 Division 2,Impact GFC Impact GFC GU13 Blue,https://system.gotsport.com/org_event/events/55642/schedules?team=4191266
CPL,Girls U13 Division 2,Fairfield Optimist Soccer Club FOSC Lebanon Warrior Premier G14/15 Maroon,https://system.gotsport.com/org_event/events/55642/schedules?team=4192201
CPL,Girls U13 Division 2,Cincy SC Cincy SC G13-14 Orange,https://system.gotsport.com/org_event/events/55642/schedules?team=4189085
CPL,Girls U13 Division 2,Cincinnati United Soccer Club CUSC GU13 WEST YELLOW,https://system.gotsport.com/org_event/events/55642/schedules?team=4205324
CPL,Girls U13 Division 2,Invictus SC Invictus SC G2013/14,https://system.gotsport.com/org_event/events/55642/schedules?team=4225640
CPL,Girls U13 Division 2,Lawrenceburg Greendale Soccer Club LGSC United,https://system.gotsport.com/org_event/events/55642/schedules?team=4161709
CPL,Girls U13 Division 3,Oxford United FC(OH) Oxford United G20132014,https://system.gotsport.com/org_event/events/55642/schedules?team=4189064
CPL,Girls U13 Division 3,Lawrenceburg Greendale Soccer Club LGSC U13 Prowl,https://system.gotsport.com/org_event/events/55642/schedules?team=4120682
CPL,Girls U13 Division 3,Independence SC ISC U13G Green Geckos,https://system.gotsport.com/org_event/events/55642/schedules?team=4189017
CPL,Girls U13 Division 3,FC Storm FC Storm GU13 Orange,https://system.gotsport.com/org_event/events/55642/schedules?team=4166690
CPL,Girls U13 Division 3,Eclipse FC Eclipse East FC G13 Valkyrie's,https://system.gotsport.com/org_event/events/55642/schedules?team=4189990
CPL,Girls U13 Division 3,Fairfield Optimist Soccer Club FOSC Lebanon Warrior Premier G14/15 White,https://system.gotsport.com/org_event/events/55642/schedules?team=4192206
CPL,Girls U13 Division 3,Fusion FC NKY Fusion FC GU13 White,https://system.gotsport.com/org_event/events/55642/schedules?team=4184011
CPL,Girls U13 Division 3,Cincinnati United Soccer Club CUSC GU13 North Yellow,https://system.gotsport.com/org_event/events/55642/schedules?team=4160061
CPL,Girls U13 Division 3,Campbell Soccer Club (CSC) CampbellSC U13G Kremer,https://system.gotsport.com/org_event/events/55642/schedules?team=4175532
CPL,Girls U13 Division 1,Independence SC ISC U13G United Green Rising Fury,https://system.gotsport.com/org_event/events/55642/schedules?team=4189027
CPL,Girls U13 Division 1,Northwest Cincy Soccer Coalition Northwest Cincy SC G13/14 Starz,https://system.gotsport.com/org_event/events/55642/schedules?team=4191147
CPL,Girls U13 Division 1,Independence SC ISC U13G Rebels,https://system.gotsport.com/org_event/events/55642/schedules?team=4189024
CPL,Girls U13 Division 1,Fusion FC NKY Fusion FC GU13 Black,https://system.gotsport.com/org_event/events/55642/schedules?team=4184005
CPL,Girls U13 Division 1,Cincy SC Cincy SC G13-14 Navy,https://system.gotsport.com/org_event/events/55642/schedules?team=4189082
CPL,Girls U13 Division 1,Cincy Galaxy SC Cincy Galaxy 2015G Grey,https://system.gotsport.com/org_event/events/55642/schedules?team=4246280
CPL,Girls U13 Division 2,Butler Fury Soccer Club Butler Fury Youth Soccer Club Girls U13,https://system.gotsport.com/org_event/events/55642/schedules?team=4161803
CPL,Girls U13 Division 2,Impact GFC Impact GFC GU13 Blue,https://system.gotsport.com/org_event/events/55642/schedules?team=4191266
CPL,Girls U13 Division 2,Fairfield Optimist Soccer Club FOSC Lebanon Warrior Premier G14/15 Maroon,https://system.gotsport.com/org_event/events/55642/schedules?team=4192201
CPL,Girls U13 Division 2,Cincy SC Cincy SC G13-14 Orange,https://system.gotsport.com/org_event/events/55642/schedules?team=4189085
CPL,Girls U13 Division 2,Cincinnati United Soccer Club CUSC GU13 WEST YELLOW,https://system.gotsport.com/org_event/events/55642/schedules?team=4205324
CPL,Girls U13 Division 2,Invictus SC Invictus SC G2013/14,https://system.gotsport.com/org_event/events/55642/schedules?team=4225640
CPL,Girls U13 Division 2,Lawrenceburg Greendale Soccer Club LGSC United,https://system.gotsport.com/org_event/events/55642/schedules?team=4161709
CPL,Girls U13 Division 3,Oxford United FC(OH) Oxford United G20132014,https://system.gotsport.com/org_event/events/55642/schedules?team=4189064
CPL,Girls U13 Division 3,Lawrenceburg Greendale Soccer Club LGSC U13 Prowl,https://system.gotsport.com/org_event/events/55642/schedules?team=4120682
CPL,Girls U13 Division 3,Independence SC ISC U13G Green Geckos,https://system.gotsport.com/org_event/events/55642/schedules?team=4189017
CPL,Girls U13 Division 3,FC Storm FC Storm GU13 Orange,https://system.gotsport.com/org_event/events/55642/schedules?team=4166690
CPL,Girls U13 Division 3,Eclipse FC Eclipse East FC G13 Valkyrie's,https://system.gotsport.com/org_event/events/55642/schedules?team=4189990
CPL,Girls U13 Division 3,Fairfield Optimist Soccer Club FOSC Lebanon Warrior Premier G14/15 White,https://system.gotsport.com/org_event/events/55642/schedules?team=4192206
CPL,Girls U13 Division 3,Fusion FC NKY Fusion FC GU13 White,https://system.gotsport.com/org_event/events/55642/schedules?team=4184011
CPL,Girls U13 Division 3,Cincinnati United Soccer Club CUSC GU13 North Yellow,https://system.gotsport.com/org_event/events/55642/schedules?team=4160061
CPL,Girls U13 Division 3,Campbell Soccer Club (CSC) CampbellSC U13G Kremer,https://system.gotsport.com/org_event/events/55642/schedules?team=4175532
CPL,Girls U14 Division 1,Total Futbol Academy (OH) TFA G2012-13 Gold,https://system.gotsport.com/org_event/events/55642/schedules?team=4185838
CPL,Girls U14 Division 1,LSO United LSO United G2012/13,https://system.gotsport.com/org_event/events/55642/schedules?team=4199821
CPL,Girls U14 Division 1,Ohio Galaxies FC Ohio Galaxies FC u14 Girls Black 2,https://system.gotsport.com/org_event/events/55642/schedules?team=4192407
CPL,Girls U14 Division 1,On Goal Passion FC Passion FC 2012/2013G Gray,https://system.gotsport.com/org_event/events/55642/schedules?team=4149472
CPL,Girls U14 Division 1,Pleasant Ridge Football Club Pleasant Ridge Football Club G2013,https://system.gotsport.com/org_event/events/55642/schedules?team=4128648
CPL,Girls U14 Division 1,Oak Hills Youth Athletics Oak Hills Premier Girls U14,https://system.gotsport.com/org_event/events/55642/schedules?team=4190774
CPL,Girls U14 Division 1,Monroe Premier FC Monroe Premier FC U14G Chaos,https://system.gotsport.com/org_event/events/55642/schedules?team=4144709
CPL,Girls U14 Division 1,Lawrenceburg Greendale Soccer Club LGSC Tiger Pride,https://system.gotsport.com/org_event/events/55642/schedules?team=4116486
CPL,Girls U14 Division 1,Franklin Youth Soccer Association Franklin Premier FC U14 Girls,https://system.gotsport.com/org_event/events/55642/schedules?team=4182638
CPL,Girls U14 Division 1,Mercury Mercury G2012/13 West,https://system.gotsport.com/org_event/events/55642/schedules?team=4191546
CPL,Girls U14 Division 1,FC Storm FC Storm GU14 Orange,https://system.gotsport.com/org_event/events/55642/schedules?team=4166698
CPL,Girls U14 Division 1,Total Futbol Academy (OH) TFA G2012-13 Gold,https://system.gotsport.com/org_event/events/55642/schedules?team=4185838
CPL,Girls U14 Division 1,LSO United LSO United G2012/13,https://system.gotsport.com/org_event/events/55642/schedules?team=4199821
CPL,Girls U14 Division 1,Ohio Galaxies FC Ohio Galaxies FC u14 Girls Black 2,https://system.gotsport.com/org_event/events/55642/schedules?team=4192407
CPL,Girls U14 Division 1,On Goal Passion FC Passion FC 2012/2013G Gray,https://system.gotsport.com/org_event/events/55642/schedules?team=4149472
CPL,Girls U14 Division 1,Pleasant Ridge Football Club Pleasant Ridge Football Club G2013,https://system.gotsport.com/org_event/events/55642/schedules?team=4128648
CPL,Girls U14 Division 1,Oak Hills Youth Athletics Oak Hills Premier Girls U14,https://system.gotsport.com/org_event/events/55642/schedules?team=4190774
CPL,Girls U14 Division 1,Monroe Premier FC Monroe Premier FC U14G Chaos,https://system.gotsport.com/org_event/events/55642/schedules?team=4144709
CPL,Girls U14 Division 1,Lawrenceburg Greendale Soccer Club LGSC Tiger Pride,https://system.gotsport.com/org_event/events/55642/schedules?team=4116486
CPL,Girls U14 Division 1,Franklin Youth Soccer Association Franklin Premier FC U14 Girls,https://system.gotsport.com/org_event/events/55642/schedules?team=4182638
CPL,Girls U14 Division 1,Mercury Mercury G2012/13 West,https://system.gotsport.com/org_event/events/55642/schedules?team=4191546
CPL,Girls U14 Division 1,FC Storm FC Storm GU14 Orange,https://system.gotsport.com/org_event/events/55642/schedules?team=4166698
CPL,Girls U14/15 Division 1,Cincinnati United Soccer Club CUSC GU14 North Yellow,https://system.gotsport.com/org_event/events/55642/schedules?team=4160063
CPL,Girls U14/15 Division 1,Ohio United FC Ohio United FC G12 Evolution,https://system.gotsport.com/org_event/events/55642/schedules?team=4192683
CPL,Girls U14/15 Division 1,Campbell Soccer Club (CSC) CampbellSC U14G Hildebrand,https://system.gotsport.com/org_event/events/55642/schedules?team=4175570
CPL,Girls U14/15 Division 1,Cincy SC Cincy SC G12-13 Orange,https://system.gotsport.com/org_event/events/55642/schedules?team=4189149
CPL,Girls U14/15 Division 1,Campbell Soccer Club (CSC) CampbellSC U14G Clark,https://system.gotsport.com/org_event/events/55642/schedules?team=4175564
CPL,Girls U14/15 Division 1,Northwest Cincy Soccer Coalition Northwest Cincy SC G12/13 Phoenix,https://system.gotsport.com/org_event/events/55642/schedules?team=4190406
CPL,Girls U14/15 Division 1,Clinton Massie SAY Premier Clinton Massie Premier G12,https://system.gotsport.com/org_event/events/55642/schedules?team=4091890
CPL,Girls U14/15 Division 1,Fairfield Optimist Soccer Club FOSC G12/13 Premier,https://system.gotsport.com/org_event/events/55642/schedules?team=4324102
CPL,Girls U14/15 Division 1,Cincinnati United Soccer Club CUSC GU14 North Yellow,https://system.gotsport.com/org_event/events/55642/schedules?team=4160063
CPL,Girls U14/15 Division 1,Ohio United FC Ohio United FC G12 Evolution,https://system.gotsport.com/org_event/events/55642/schedules?team=4192683
CPL,Girls U14/15 Division 1,Campbell Soccer Club (CSC) CampbellSC U14G Hildebrand,https://system.gotsport.com/org_event/events/55642/schedules?team=4175570
CPL,Girls U14/15 Division 1,Cincy SC Cincy SC G12-13 Orange,https://system.gotsport.com/org_event/events/55642/schedules?team=4189149
CPL,Girls U14/15 Division 1,Campbell Soccer Club (CSC) CampbellSC U14G Clark,https://system.gotsport.com/org_event/events/55642/schedules?team=4175564
CPL,Girls U14/15 Division 1,Northwest Cincy Soccer Coalition Northwest Cincy SC G12/13 Phoenix,https://system.gotsport.com/org_event/events/55642/schedules?team=4190406
CPL,Girls U14/15 Division 1,Clinton Massie SAY Premier Clinton Massie Premier G12,https://system.gotsport.com/org_event/events/55642/schedules?team=4091890
CPL,Girls U14/15 Division 1,Fairfield Optimist Soccer Club FOSC G12/13 Premier,https://system.gotsport.com/org_event/events/55642/schedules?team=4324102
BPYSL,Male U11 - U11B Buckeye State,Madeira FC Madeira FC B2016 Orange (OH),https://system.gotsport.com/org_event/events/54982/schedules?team=4215224
BPYSL,Male U11 - U11B Buckeye State,Ohio Galaxies FC Metro FC U11 Boys Rapids (OH),https://system.gotsport.com/org_event/events/54982/schedules?team=4192262
BPYSL,Male U11 - U11B Buckeye State,Cincinnati United Soccer Club CUSC BU11 Premier West (OH),https://system.gotsport.com/org_event/events/54982/schedules?team=4182159
BPYSL,Male U11 - U11B Buckeye State,Kings Hammer Cincinnati KH Elite Cincinnati BU11-2 (OH),https://system.gotsport.com/org_event/events/54982/schedules?team=4119028
BPYSL,Male U11 - U11B Buckeye State,Cincy SC Cincy SC B15-16 Premier (OH),https://system.gotsport.com/org_event/events/54982/schedules?team=4143749
BPYSL,Male U11 - U11B Buckeye State,Cincinnati United Soccer Club CUSC GU11 Premier Gold (OH),https://system.gotsport.com/org_event/events/54982/schedules?team=4183722
BPYSL,Male U11 - U11B Buckeye State,NWC Alliance Soccer Club NWC Alliance 2034 Boys Elite (OH),https://system.gotsport.com/org_event/events/54982/schedules?team=4295537
BPYSL,Male U11 - U11B Elite 1,SouthStars SC SouthStars SC B15/16 Elite (OH),https://system.gotsport.com/org_event/events/54982/schedules?team=4096373
BPYSL,Male U11 - U11B Elite 1,Greene County Cosmos GC Cosmos B2015/2016 Green (OH),https://system.gotsport.com/org_event/events/54982/schedules?team=4134749
BPYSL,Male U11 - U11B Elite 1,Cincinnati United Soccer Club CUSC BU10 North SM Aberdeen (OH),https://system.gotsport.com/org_event/events/54982/schedules?team=4184473
BPYSL,Male U11 - U11B Elite 1,Cincinnati United Soccer Club CUSC BU11 South Elite I (OH),https://system.gotsport.com/org_event/events/54982/schedules?team=4228101
BPYSL,Male U11 - U11B Elite 1,Academia De Futbol Ole Academia Ole 15/16 Black (OH),https://system.gotsport.com/org_event/events/54982/schedules?team=4231824
BPYSL,Male U11 - U11B Elite 1,Cincinnati United Soccer Club CUSC BU10 South Argentinos Jrs (OH),https://system.gotsport.com/org_event/events/54982/schedules?team=4228098
BPYSL,Male U11 - U11B Elite 2,Cincy Galaxy SC Cincy Galaxy 2016B Navy (OH),https://system.gotsport.com/org_event/events/54982/schedules?team=4192823
BPYSL,Male U11 - U11B Elite 2,Dayton Futbol Academy DFA 2015/2016B Gold (OH),https://system.gotsport.com/org_event/events/54982/schedules?team=4177431
BPYSL,Male U11 - U11B Elite 2,Cincinnati United Soccer Club CUSC BU11 North Elite 1 (OH),https://system.gotsport.com/org_event/events/54982/schedules?team=4184610
BPYSL,Male U11 - U11B Elite 2,Ohio Galaxies FC BSA Celtic U11 Boys Blue (OH),https://system.gotsport.com/org_event/events/54982/schedules?team=4190607
BPYSL,Male U11 - U11B Elite 2,Fairfield Optimist Soccer Club FOSC Lebanon Warrior Premier B15/16 Maroon (OH),https://system.gotsport.com/org_event/events/54982/schedules?team=4211324
BPYSL,Male U11 - U11B Elite 2,STAR Rush Cincinnati STAR Rush BU11 Blue (OH),https://system.gotsport.com/org_event/events/54982/schedules?team=4223196
BPYSL,Male U11 - U11B Elite 2,Warrior Soccer Club Warrior SC B15/16 White (OH),https://system.gotsport.com/org_event/events/54982/schedules?team=4238237
BPYSL,Male U11 - U11B Elite 2,Cincy SC Cincy SC B15-16 Elite (OH),https://system.gotsport.com/org_event/events/54982/schedules?team=4224817
BPYSL,Male U11 - U11B Elite 2,Monroe Premier FC Monroe Premier FC U11B (OH),https://system.gotsport.com/org_event/events/54982/schedules?team=4137641
BPYSL,Male U11 - U11B Elite 2,Dayton Futbol Academy DFA 2015/2016B White (OH),https://system.gotsport.com/org_event/events/54982/schedules?team=4177415
BPYSL,Male U11 - U11B Elite 2,Kings Hammer Cincinnati KH Elite Cincinnati BU11-3 (KY),https://system.gotsport.com/org_event/events/54982/schedules?team=4119038
BPYSL,Male U11 - U11B Elite 2,FC Storm FC Storm BU11 Premier 1 (OH),https://system.gotsport.com/org_event/events/54982/schedules?team=4172515
BPYSL,Male U11 - U11B Elite 2,Ohio Galaxies FC BSA Celtic U10 Boys White (OH),https://system.gotsport.com/org_event/events/54982/schedules?team=4190638
BPYSL,Male U11 - U11B Elite 2,Dayton Kroc SC Dayton Kroc SC B2015/2016 (OH),https://system.gotsport.com/org_event/events/54982/schedules?team=4215164
BPYSL,Male U11 - U11B Premier 1,Oakwood United SC Oakwood United - B15/16 Gold (OH),https://system.gotsport.com/org_event/events/54982/schedules?team=4090689
BPYSL,Male U11 - U11B Premier 1,NWC Alliance Soccer Club NWC Alliance 2034 Boys Premier (OH),https://system.gotsport.com/org_event/events/54982/schedules?team=4100117
BPYSL,Male U11 - U11B Premier 1,Greene County Cosmos GC Cosmos B2015/2016 Grey (OH),https://system.gotsport.com/org_event/events/54982/schedules?team=4127012
BPYSL,Male U11 - U11B Premier 1,Kings Hammer Cincinnati KHA Warren County BU11 Blue (OH),https://system.gotsport.com/org_event/events/54982/schedules?team=4156348
BPYSL,Male U11 - U11B Premier 1,Club X Soccer Club X Crew U11 (OH),https://system.gotsport.com/org_event/events/54982/schedules?team=4161957
BPYSL,Male U11 - U11B Premier 1,Total Ginga Academy Total Ginga Academy U11B (OH) (OH),https://system.gotsport.com/org_event/events/54982/schedules?team=4159766
BPYSL,Male U11 - U11B Premier 1,Ohio Galaxies FC BSA Celtic U10 Boys Blue (OH),https://system.gotsport.com/org_event/events/54982/schedules?team=4190653
BPYSL,Male U11 - U11B Premier 1,Bellbrook Soccer Association Ohio Fusion SC BU11/10 White (OH),https://system.gotsport.com/org_event/events/54982/schedules?team=4191146
BPYSL,Male U11 - U11B Premier 1,Club Ohio Club Ohio Dayton U11B Green (OH),https://system.gotsport.com/org_event/events/54982/schedules?team=4183950
BPYSL,Male U11 - U11B Premier 1,FC Storm FC Storm BU11 Premier 2 (OH),https://system.gotsport.com/org_event/events/54982/schedules?team=4172678
BPYSL,Male U11 - U11B Premier 1,Greene County Cosmos GC Cosmos B2015/2016 White (OH),https://system.gotsport.com/org_event/events/54982/schedules?team=4139325
BPYSL,Male U12 - U12B Buckeye State,Cincinnati United Soccer Club CUSC GU12 Premier Gold (OH),https://system.gotsport.com/org_event/events/54982/schedules?team=4184288
BPYSL,Male U12 - U12B Buckeye State,Kings Hammer Cincinnati KH Elite Cincinnati BU11-1 (KY),https://system.gotsport.com/org_event/events/54982/schedules?team=4113992
BPYSL,Male U12 - U12B Buckeye State,Ohio Galaxies FC Metro FC U12B Rapids (OH),https://system.gotsport.com/org_event/events/54982/schedules?team=4183386
BPYSL,Male U12 - U12B Buckeye State,Cincinnati United Soccer Club CUSC BU12 Premier West (OH),https://system.gotsport.com/org_event/events/54982/schedules?team=4183444
BPYSL,Male U12 - U12B Buckeye State,Kolping SC Kolping SC B33 NLA (OH),https://system.gotsport.com/org_event/events/54982/schedules?team=4191450
BPYSL,Male U12 - U12B Buckeye State,Club Ohio Club Ohio Dayton U12B Green (OH),https://system.gotsport.com/org_event/events/54982/schedules?team=4091131
BPYSL,Male U12 - U12B Buckeye State,Cincy SC Cincy SC B14-15 Premier (OH),https://system.gotsport.com/org_event/events/54982/schedules?team=4143770
BPYSL,Male U12 - U12B Elite 1,Cincinnati United Soccer Club CUSC BU12 South Elite I (OH),https://system.gotsport.com/org_event/events/54982/schedules?team=4228107
BPYSL,Male U12 - U12B Elite 1,Cincy SC Cincy SC B14-15 Elite (OH),https://system.gotsport.com/org_event/events/54982/schedules?team=4189846
BPYSL,Male U12 - U12B Elite 1,Ohio United FC Ohio United FC B14/15 Rovers Blue (OH),https://system.gotsport.com/org_event/events/54982/schedules?team=4177484
BPYSL,Male U12 - U12B Elite 1,Independence SC ISC U12B United Blue (KY),https://system.gotsport.com/org_event/events/54982/schedules?team=4180218
BPYSL,Male U12 - U12B Elite 1,Fusion FC NKY Fusion FC BU12 Green (KY),https://system.gotsport.com/org_event/events/54982/schedules?team=4183012
BPYSL,Male U12 - U12B Elite 1,Cincinnati United Soccer Club CUSC BU12 North Elite 1 (OH),https://system.gotsport.com/org_event/events/54982/schedules?team=4184632
BPYSL,Male U12 - U12B Elite 1,FC Storm FC Storm BU12 Premier 2 (OH),https://system.gotsport.com/org_event/events/54982/schedules?team=4233557
BPYSL,Male U12 - U12B Elite 1,Academia De Futbol Ole Academia Ole 14/15 Black (OH),https://system.gotsport.com/org_event/events/54982/schedules?team=4231821
BPYSL,Male U12 - U12B Premier 1,Troy Rattlers Troy Rattlers SC U12 Boys (OH),https://system.gotsport.com/org_event/events/54982/schedules?team=4113774
BPYSL,Male U12 - U12B Premier 1,STAR Rush Cincinnati STAR Rush BU12 Blue (OH),https://system.gotsport.com/org_event/events/54982/schedules?team=4223145
BPYSL,Male U12 - U12B Premier 1,Kings Hammer Cincinnati KHA Warren County BU12 Blue (OH),https://system.gotsport.com/org_event/events/54982/schedules?team=4156375
BPYSL,Male U12 - U12B Premier 1,Madeira FC Madeira FC B2015 Orange (OH),https://system.gotsport.com/org_event/events/54982/schedules?team=4166816
BPYSL,Male U12 - U12B Premier 1,Independence SC ISC U12B Green Titans (KY),https://system.gotsport.com/org_event/events/54982/schedules?team=4180153
BPYSL,Male U12 - U12B Premier 1,Cincinnati United Soccer Club CUSC BU12 North Elite 2 (OH),https://system.gotsport.com/org_event/events/54982/schedules?team=4184677
BPYSL,Male U12 - U12B Premier 1,Fairfield Optimist Soccer Club FOSC B14/15 Elite (OH),https://system.gotsport.com/org_event/events/54982/schedules?team=4211276
BPYSL,Male U12 - U12B Premier 1,Tipp City Youth Soccer FC Tipp Elite 2014/2015 - Mayer (OH),https://system.gotsport.com/org_event/events/54982/schedules?team=4124530
BPYSL,Male U12 - U12B Premier 1,Kings Hammer Cincinnati KH Elite Cincinnati BU12-3 (KY),https://system.gotsport.com/org_event/events/54982/schedules?team=4119463
BPYSL,Male U12 - U12B Premier 1,FC Storm FC Storm BU12 Premier 3 (OH),https://system.gotsport.com/org_event/events/54982/schedules?team=4172755
BPYSL,Male U12 - U12B Select Black,NWC Alliance Soccer Club NWC Alliance 2033 Boys Elite (OH),https://system.gotsport.com/org_event/events/54982/schedules?team=4096895
BPYSL,Male U12 - U12B Select Black,Springboro Force SC Springboro Force B2033 (OH),https://system.gotsport.com/org_event/events/54982/schedules?team=4111902
BPYSL,Male U12 - U12B Select Black,FC Storm FC Storm BU12 Orange (OH),https://system.gotsport.com/org_event/events/54982/schedules?team=4166710
BPYSL,Male U12 - U12B Select Black,First Capital FC First Capital FC U12B JH (OH),https://system.gotsport.com/org_event/events/54982/schedules?team=4166863
BPYSL,Male U12 - U12B Select Black,Club Ohio Club Ohio Dayton U12B Black (OH),https://system.gotsport.com/org_event/events/54982/schedules?team=4184054
BPYSL,Male U12 - U12B Select Black,Dayton Futbol Academy DFA 2014/2015B Gold (OH),https://system.gotsport.com/org_event/events/54982/schedules?team=4177476
BPYSL,Male U12 - U12B Select Black,Butler United SC BUSC B14/15 Purple (OH),https://system.gotsport.com/org_event/events/54982/schedules?team=4185929
BPYSL,Male U12 - U12B Select Black,Greene County Cosmos GC Cosmos B2014/2015 Green (OH),https://system.gotsport.com/org_event/events/54982/schedules?team=4195308
BPYSL,Male U12 - U12B Select Black,Bellbrook Soccer Association Ohio Fusion SC BU12 Blue (OH),https://system.gotsport.com/org_event/events/54982/schedules?team=4213463
BPYSL,Male U12 - U12B Select Black,Cincinnati West CWSC BU12 Academy Elite (OH),https://system.gotsport.com/org_event/events/54982/schedules?team=4138241
BPYSL,Male U12 - U12B Select Black,Panthers FC Panthers FC U12 Pival (OH),https://system.gotsport.com/org_event/events/54982/schedules?team=4266107
BPYSL,Male U13 - U13B Buckeye State,Kings Hammer Cincinnati KH Elite Cincinnati BU12-1 (OH),https://system.gotsport.com/org_event/events/54982/schedules?team=4119043
BPYSL,Male U13 - U13B Buckeye State,Warrior Soccer Club Warrior SC B13/14 Elite (OH),https://system.gotsport.com/org_event/events/54982/schedules?team=4147109
BPYSL,Male U13 - U13B Buckeye State,Total Ginga Academy Total Ginga Academy U13B (OH) (OH),https://system.gotsport.com/org_event/events/54982/schedules?team=4159456
BPYSL,Male U13 - U13B Buckeye State,FC Storm FC Storm BU13 Premier 1 (OH),https://system.gotsport.com/org_event/events/54982/schedules?team=4172789
BPYSL,Male U13 - U13B Buckeye State,Independence SC ISC U13B United Blue Wolves (KY),https://system.gotsport.com/org_event/events/54982/schedules?team=4180256
BPYSL,Male U13 - U13B Buckeye State,STAR Rush Cincinnati STAR Rush BU13 Blue (OH),https://system.gotsport.com/org_event/events/54982/schedules?team=4223102
BPYSL,Male U13 - U13B Buckeye State,Cincinnati United Soccer Club CUSC BU13 North Elite 1 (OH),https://system.gotsport.com/org_event/events/54982/schedules?team=4184687
BPYSL,Male U13 - U13B Buckeye State,Cincinnati United Soccer Club CUSC BU13 South Elite I (OH),https://system.gotsport.com/org_event/events/54982/schedules?team=4228111
BPYSL,Male U13 - U13B Elite 1,Cincy SC Cincy SC B13-14 Elite (OH),https://system.gotsport.com/org_event/events/54982/schedules?team=4144244
BPYSL,Male U13 - U13B Elite 1,Independence SC ISC U13B United Green (KY),https://system.gotsport.com/org_event/events/54982/schedules?team=4179956
BPYSL,Male U13 - U13B Elite 1,FC Dayton FC Dayton U13 Boys Navy (OH),https://system.gotsport.com/org_event/events/54982/schedules?team=4198157
BPYSL,Male U13 - U13B Elite 1,Real Soccer FC Real Soccer FC B2014 (OH),https://system.gotsport.com/org_event/events/54982/schedules?team=4226552
BPYSL,Male U13 - U13B Elite 1,Cincinnati United Soccer Club CUSC BU13 South Yellow (OH),https://system.gotsport.com/org_event/events/54982/schedules?team=4228118
BPYSL,Male U13 - U13B Elite 1,Alliance Cincinnati SC ACSC Boys U13 Academy Gold (OH),https://system.gotsport.com/org_event/events/54982/schedules?team=4192125
BPYSL,Male U13 - U13B Elite 1,Dayton Titans Dayton Titans (OH),https://system.gotsport.com/org_event/events/54982/schedules?team=4107571
BPYSL,Male U13 - U13B Elite 1,Fusion FC NKY Fusion FC BU13 Green (KY),https://system.gotsport.com/org_event/events/54982/schedules?team=4183207
BPYSL,Male U13 - U13B Elite 1,Ohio Galaxies FC Ohio Galaxies FC U13 Boys Black 2 (OH),https://system.gotsport.com/org_event/events/54982/schedules?team=4191027
BPYSL,Male U13 - U13B Premier 1,Warrior Soccer Club Warrior SC B13/14 Premier (OH),https://system.gotsport.com/org_event/events/54982/schedules?team=4092715
BPYSL,Male U13 - U13B Premier 1,Kings Hammer Cincinnati KH Elite Cincinnati BU12-2 (KY),https://system.gotsport.com/org_event/events/54982/schedules?team=4119061
BPYSL,Male U13 - U13B Premier 1,Lakota Futbol Club Lakota FC B13/14 Red (OH),https://system.gotsport.com/org_event/events/54982/schedules?team=4145132
BPYSL,Male U13 - U13B Premier 1,Kings Hammer Cincinnati KHA NKY BU13 Red (KY),https://system.gotsport.com/org_event/events/54982/schedules?team=4181077
BPYSL,Male U13 - U13B Premier 1,Cincinnati United Soccer Club CUSC BU13 North Elite 2 (OH),https://system.gotsport.com/org_event/events/54982/schedules?team=4189648
BPYSL,Male U13 - U13B Premier 1,Ohio United FC Ohio United FC B13/14 (OH),https://system.gotsport.com/org_event/events/54982/schedules?team=4193969
BPYSL,Male U13 - U13B Premier 1,FC Dayton FC Dayton U12 Boys Elite (OH),https://system.gotsport.com/org_event/events/54982/schedules?team=4137556
BPYSL,Male U13 - U13B Premier 1,Ohio Galaxies FC BSA Celtic u12 Boys Blue (OH),https://system.gotsport.com/org_event/events/54982/schedules?team=4190595
BPYSL,Male U13 - U13B Premier 1,Club Ohio Club Ohio North U13B Green (OH),https://system.gotsport.com/org_event/events/54982/schedules?team=4171920
BPYSL,Male U13 - U13B Premier 1,SouthStars SC SouthStars SC B13/14 Elite (OH),https://system.gotsport.com/org_event/events/54982/schedules?team=4186354
BPYSL,Male U13 - U13b Select Black,NWC Alliance Soccer Club NWC Alliance 2032 Boys Elite (OH),https://system.gotsport.com/org_event/events/54982/schedules?team=4096798
BPYSL,Male U13 - U13b Select Black,Northern Alliance SC Northern Alliance B2014 (OH),https://system.gotsport.com/org_event/events/54982/schedules?team=4112518
BPYSL,Male U13 - U13b Select Black,Oakwood United SC Oakwood United - B13/14 Gold (OH),https://system.gotsport.com/org_event/events/54982/schedules?team=4133752
BPYSL,Male U13 - U13b Select Black,Butler United SC BUSC B13/14 Purple Cobras (OH),https://system.gotsport.com/org_event/events/54982/schedules?team=4134652
BPYSL,Male U13 - U13b Select Black,Greene County Cosmos GC Cosmos B2013/2014 Green (OH),https://system.gotsport.com/org_event/events/54982/schedules?team=4163647
BPYSL,Male U13 - U13b Select Black,Ohio Galaxies FC Ohio Galaxies FC u13 Boys Red (OH),https://system.gotsport.com/org_event/events/54982/schedules?team=4191068
BPYSL,Male U13 - U13b Select Black,FC Storm FC Storm BU13 Premier 2 (OH),https://system.gotsport.com/org_event/events/54982/schedules?team=4172813
BPYSL,Male U13 - U13b Select Black,Dayton Kroc SC Dayton Kroc SC B2013/2014 (OH),https://system.gotsport.com/org_event/events/54982/schedules?team=4215140
BPYSL,Male U13 - U13b Select Black,Bellbrook Soccer Association Ohio Fusion SC BU13 Blue (OH),https://system.gotsport.com/org_event/events/54982/schedules?team=4187147
BPYSL,Male U13 - U13b Select Black,Greene County Cosmos GC Cosmos B2013/2014 White (OH),https://system.gotsport.com/org_event/events/54982/schedules?team=4163799
BPYSL,Male U13 - U13b Select Black,Total Futbol Academy (OH) TFA B2013-14 Premier (OH),https://system.gotsport.com/org_event/events/54982/schedules?team=4177839
BPYSL,Male U13 - U13b Select Black,Panthers FC Panthers FC U13 Pival (OH),https://system.gotsport.com/org_event/events/54982/schedules?team=4266126
BPYSL,Male U13 - U13B Select Red,Madeira FC Madeira FC B2014 Blue (OH),https://system.gotsport.com/org_event/events/54982/schedules?team=4135574
BPYSL,Male U13 - U13B Select Red,Cincinnati West CWSC BU13 Academy Elite (OH),https://system.gotsport.com/org_event/events/54982/schedules?team=4142047
BPYSL,Male U13 - U13B Select Red,On Goal Passion FC Passion FC 2013/2014B Gray (OH),https://system.gotsport.com/org_event/events/54982/schedules?team=4148153
BPYSL,Male U13 - U13B Select Red,Butler Fury Soccer Club Butler Fury Youth Soccer Club Boys 2014 White (OH),https://system.gotsport.com/org_event/events/54982/schedules?team=4161067
BPYSL,Male U13 - U13B Select Red,Kolping SC Kolping SC B32 Orange (OH),https://system.gotsport.com/org_event/events/54982/schedules?team=4191494
BPYSL,Male U13 - U13B Select Red,Kings Hammer Cincinnati KHA Warren County BU13 Black (OH),https://system.gotsport.com/org_event/events/54982/schedules?team=4191678
BPYSL,Male U13 - U13B Select Red,Kings Hammer Cincinnati KHA Sycamore BU13 Green (OH),https://system.gotsport.com/org_event/events/54982/schedules?team=4191760
BPYSL,Male U13 - U13B Select Red,Nationals FC Nationals FC Courage (OH),https://system.gotsport.com/org_event/events/54982/schedules?team=4203185
BPYSL,Male U13 - U13B Select Red,Fairfield Optimist Soccer Club FOSC Lebanon Warrior Premier B13/14 Maroon (OH),https://system.gotsport.com/org_event/events/54982/schedules?team=4211449
BPYSL,Male U13 - U13B Select Red,Mercury Mercury B2013/14 West (OH),https://system.gotsport.com/org_event/events/54982/schedules?team=4219564
BPYSL,Male U13 - U13B Select Red,Fusion FC NKY Fusion FC BU13 Black (KY),https://system.gotsport.com/org_event/events/54982/schedules?team=4183157
BPYSL,Male U14 - U14B Buckeye State,Oakwood United SC Oakwood United - B12/13 Gold (OH),https://system.gotsport.com/org_event/events/54982/schedules?team=4091200
BPYSL,Male U14 - U14B Buckeye State,Troy Rattlers Troy Rattlers B13/14 Black (OH),https://system.gotsport.com/org_event/events/54982/schedules?team=4113320
BPYSL,Male U14 - U14B Buckeye State,Cincinnati United Soccer Club CUSC BU14 North Elite 1 (OH),https://system.gotsport.com/org_event/events/54982/schedules?team=4184692
BPYSL,Male U14 - U14B Buckeye State,FC Storm FC Storm BU14 Premier 1 (OH),https://system.gotsport.com/org_event/events/54982/schedules?team=4172863
BPYSL,Male U14 - U14B Buckeye State,Fusion FC NKY Fusion FC BU14 Green (KY),https://system.gotsport.com/org_event/events/54982/schedules?team=4183295
BPYSL,Male U14 - U14B Buckeye State,Cincinnati United Soccer Club CUSC BU14 South Elite I (OH),https://system.gotsport.com/org_event/events/54982/schedules?team=4228133
BPYSL,Male U14 - U14B Elite 1,Little Miami FC LMFC U14 Boys Elite (OH),https://system.gotsport.com/org_event/events/54982/schedules?team=4135353
BPYSL,Male U14 - U14B Elite 1,Madeira FC Madeira FC B2013 Orange (OH),https://system.gotsport.com/org_event/events/54982/schedules?team=4167946
BPYSL,Male U14 - U14B Elite 1,Greene County Cosmos GC Cosmos B2012/2013 White (OH),https://system.gotsport.com/org_event/events/54982/schedules?team=4169812
BPYSL,Male U14 - U14B Elite 1,FC Storm FC Storm BU14 Premier 2 (OH),https://system.gotsport.com/org_event/events/54982/schedules?team=4172877
BPYSL,Male U14 - U14B Elite 1,Inner Cincinnati SA Inner Cincinnati U14 - Black (OH),https://system.gotsport.com/org_event/events/54982/schedules?team=4190882
BPYSL,Male U14 - U14B Elite 1,Alliance Cincinnati SC ACSC Boys U14 Academy Gold (OH),https://system.gotsport.com/org_event/events/54982/schedules?team=4192199
BPYSL,Male U14 - U14B Elite 1,Oxford United FC(OH) Oxford United B2012/2013 (OH),https://system.gotsport.com/org_event/events/54982/schedules?team=4189129
BPYSL,Male U14 - U14B Elite 1,Total Futbol Academy (OH) TFA B2012-13 Premier (OH),https://system.gotsport.com/org_event/events/54982/schedules?team=4167561
BPYSL,Male U14 - U14B Elite 2,Independence SC ISC U14B United Blue (KY),https://system.gotsport.com/org_event/events/54982/schedules?team=4180279
BPYSL,Male U14 - U14B Elite 2,Cincinnati United Soccer Club CUSC BU14 North Elite 2 (OH),https://system.gotsport.com/org_event/events/54982/schedules?team=4184695
BPYSL,Male U14 - U14B Elite 2,Ohio Galaxies FC Ohio Galaxies FC U14 Boys Black 2 (OH),https://system.gotsport.com/org_event/events/54982/schedules?team=4191092
BPYSL,Male U14 - U14B Elite 2,STAR Rush Cincinnati STAR Rush BU14 Blue (OH),https://system.gotsport.com/org_event/events/54982/schedules?team=4223014
BPYSL,Male U14 - U14B Elite 2,Butler Fury Soccer Club Butler Fury Youth Soccer Club Boys 2013 White (OH),https://system.gotsport.com/org_event/events/54982/schedules?team=4088728
BPYSL,Male U14 - U14B Elite 2,Campbell Soccer Club (CSC) CampbellSC U14B Chang (KY),https://system.gotsport.com/org_event/events/54982/schedules?team=4175582
BPYSL,Male U14 - U14B Premier 1,Lakota Futbol Club Lakota FC B12/13 Red (OH),https://system.gotsport.com/org_event/events/54982/schedules?team=4089946
BPYSL,Male U14 - U14B Premier 1,Monroe Premier FC Monroe Premier FC U14B Thunder (OH),https://system.gotsport.com/org_event/events/54982/schedules?team=4128681
BPYSL,Male U14 - U14B Premier 1,Cincinnati West CWSC BU14 Academy Elite (OH),https://system.gotsport.com/org_event/events/54982/schedules?team=4141580
BPYSL,Male U14 - U14B Premier 1,Kings Hammer Cincinnati KHA NKY BU14 Red (KY),https://system.gotsport.com/org_event/events/54982/schedules?team=4181081
BPYSL,Male U14 - U14B Premier 1,Fusion FC NKY Fusion FC BU14 Black (KY),https://system.gotsport.com/org_event/events/54982/schedules?team=4183250
BPYSL,Male U14 - U14B Premier 1,Cincy SC Cincy SC B12-13 Elite (OH),https://system.gotsport.com/org_event/events/54982/schedules?team=4143855
BPYSL,Male U14 - U14B Premier 1,Dayton Kroc SC Dayton Kroc SC B2012/2013 (OH),https://system.gotsport.com/org_event/events/54982/schedules?team=4195552
BPYSL,Male U14 - U14B Premier 1,FC Dayton FC Dayton Boys U14 Navy (OH),https://system.gotsport.com/org_event/events/54982/schedules?team=4198335
BPYSL,Male U14 - U14B Premier 1,Fairfield Optimist Soccer Club FOSC B12/13 Premier (OH),https://system.gotsport.com/org_event/events/54982/schedules?team=4211225
BPYSL,Male U14 - U14B Premier 1,Olimpia USA Soccer Olimpia USA Purple U14 Academy (OH),https://system.gotsport.com/org_event/events/54982/schedules?team=4155629
BPYSL,Male U14 - U14B Select Black,Butler United SC BUSC B12/13 Alliance (OH),https://system.gotsport.com/org_event/events/54982/schedules?team=4191856
BPYSL,Male U14 - U14B Select Black,Ohio United FC Ohio United FC B12 Force Blue (OH),https://system.gotsport.com/org_event/events/54982/schedules?team=4114738
BPYSL,Male U14 - U14B Select Black,Ohio Galaxies FC Ohio Galaxies FC u14 Boys Red (OH),https://system.gotsport.com/org_event/events/54982/schedules?team=4191109
BPYSL,Male U14 - U14B Select Black,FC Dem Kanam FC Dem Kanam U14B (OH),https://system.gotsport.com/org_event/events/54982/schedules?team=4239217
BPYSL,Male U14 - U14B Select Black,Springfield Thunder SC Springfield Thunder SC B2013 Navy (OH),https://system.gotsport.com/org_event/events/54982/schedules?team=4144833
BPYSL,Male U14 - U14B Select Black,Warrior Soccer Club Warrior SC B12/13 White (OH),https://system.gotsport.com/org_event/events/54982/schedules?team=4095021
BPYSL,Male U14 - U14B Select Red,Fusion FC NKY Fusion FC BU14 White (KY),https://system.gotsport.com/org_event/events/54982/schedules?team=4183322
BPYSL,Male U14 - U14B Select Red,Mercury BSC Premier B12/13 (OH),https://system.gotsport.com/org_event/events/54982/schedules?team=4092505
BPYSL,Male U14 - U14B Select Red,Kings Hammer Cincinnati KHA Warren County BU14 Black (OH),https://system.gotsport.com/org_event/events/54982/schedules?team=4191753
BPYSL,Male U14 - U14B Select Red,Mercury Mercury B2012/13 West (OH),https://system.gotsport.com/org_event/events/54982/schedules?team=4231449
BPYSL,Male U14 - U14B Select Red,Cincinnati United Soccer Club CUSC BU14 South Yellow (OH),https://system.gotsport.com/org_event/events/54982/schedules?team=4228139
BPYSL,Male U14 - U14B Select Red,Kings Hammer Cincinnati KHA Sycamore BU14 Green (OH),https://system.gotsport.com/org_event/events/54982/schedules?team=4191769
BPYSL,Male U15 - U15B Buckeye State,NWC Alliance Soccer Club NWC Alliance 2031 Boys Elite (OH),https://system.gotsport.com/org_event/events/54982/schedules?team=4095268
BPYSL,Male U15 - U15B Buckeye State,Ohio United FC Ohio United FC Price Hill West B12 (OH),https://system.gotsport.com/org_event/events/54982/schedules?team=4177452
BPYSL,Male U15 - U15B Buckeye State,Butler United SC BUSC B11/12 Gray Wolves (OH),https://system.gotsport.com/org_event/events/54982/schedules?team=4180471
BPYSL,Male U15 - U15B Buckeye State,Oakwood United SC Oakwood United - B11/12 Gold (OH),https://system.gotsport.com/org_event/events/54982/schedules?team=4207519
BPYSL,Male U15 - U15B Buckeye State,Ohio Galaxies FC Ohio Galaxies FC ECNL RL B2012/13 (OH),https://system.gotsport.com/org_event/events/54982/schedules?team=4245463
BPYSL,Male U15 - U15B Premier 1,Springboro Force SC Springboro Force B2031 (OH),https://system.gotsport.com/org_event/events/54982/schedules?team=4137554
BPYSL,Male U15 - U15B Premier 1,Olimpia USA Soccer Olimpia USA 2012/2011 Fall 2026 Academy (OH),https://system.gotsport.com/org_event/events/54982/schedules?team=4155232
BPYSL,Male U15 - U15B Premier 1,Troy Renegades Troy Renegades B12 (OH),https://system.gotsport.com/org_event/events/54982/schedules?team=4166851
BPYSL,Male U15 - U15B Premier 1,Southwest SC Southwest SC B12 Gold (OH),https://system.gotsport.com/org_event/events/54982/schedules?team=4189743
BPYSL,Male U15 - U15B Premier 1,Inner Cincinnati SA Inner Cincinnati U14/U15 - White (OH),https://system.gotsport.com/org_event/events/54982/schedules?team=4190915
BPYSL,Male U15 - U15B Premier 1,Bellbrook Soccer Association Ohio Fusion SC BU14 (OH),https://system.gotsport.com/org_event/events/54982/schedules?team=4187231
BPYSL,Female U11 - U11G Buckeye State,Tipp City Youth Soccer FC Tipp Storm 2016 (OH),https://system.gotsport.com/org_event/events/54982/schedules?team=4097114
BPYSL,Female U11 - U11G Buckeye State,NWC Alliance Soccer Club NWC Alliance 2034 Girls Elite (OH),https://system.gotsport.com/org_event/events/54982/schedules?team=4103134
BPYSL,Female U11 - U11G Buckeye State,Lakota Futbol Club Lakota FC Pre-ECNL G2015/16 Black (OH),https://system.gotsport.com/org_event/events/54982/schedules?team=4188933
BPYSL,Female U11 - U11G Buckeye State,Bellbrook Soccer Association Ohio Fusion SC GU11 Blue (OH),https://system.gotsport.com/org_event/events/54982/schedules?team=4176323
BPYSL,Female U11 - U11G Buckeye State,Kings Hammer Cincinnati KH Elite Cincinnati GU11-1 (KY),https://system.gotsport.com/org_event/events/54982/schedules?team=4119477
BPYSL,Female U11 - U11G Buckeye State,Cincinnati United Soccer Club CUSC GU11 Premier Silver (OH),https://system.gotsport.com/org_event/events/54982/schedules?team=4183780
BPYSL,Female U11 - U11G Elite 1,FC Storm FC Storm GU11 Premier 1 (OH),https://system.gotsport.com/org_event/events/54982/schedules?team=4172711
BPYSL,Female U11 - U11G Elite 1,Cincy SC Cincy SC G15-16 Premier (OH),https://system.gotsport.com/org_event/events/54982/schedules?team=4189067
BPYSL,Female U11 - U11G Elite 1,Oakwood United SC Oakwood United - G15/16 Gold (OH),https://system.gotsport.com/org_event/events/54982/schedules?team=4092897
BPYSL,Female U11 - U11G Elite 1,Fusion FC NKY Fusion FC GU11 Green (KY),https://system.gotsport.com/org_event/events/54982/schedules?team=4182822
BPYSL,Female U11 - U11G Elite 1,Ohio Galaxies FC BSA Celtic U10 Girls White (OH),https://system.gotsport.com/org_event/events/54982/schedules?team=4190544
BPYSL,Female U11 - U11G Elite 1,Cincinnati United Soccer Club CUSC GU11 Premier South (OH),https://system.gotsport.com/org_event/events/54982/schedules?team=4184001
BPYSL,Female U11 - U11G Elite 1,Cincinnati United Soccer Club CUSC GU11 Premier North (OH),https://system.gotsport.com/org_event/events/54982/schedules?team=4183945
BPYSL,Female U11 - U11G Elite 1,Ohio Galaxies FC BSA Celtic U11 Girls Blue (OH),https://system.gotsport.com/org_event/events/54982/schedules?team=4190517
BPYSL,Female U11 - U11G Premier 1,NWC Alliance Soccer Club NWC Alliance 2034 Girls Premier (OH),https://system.gotsport.com/org_event/events/54982/schedules?team=4103173
BPYSL,Female U11 - U11G Premier 1,Kings Hammer Cincinnati KH Elite Cincinnati GU11-2 (OH),https://system.gotsport.com/org_event/events/54982/schedules?team=4119517
BPYSL,Female U11 - U11G Premier 1,Warrior Soccer Club Warrior SC G15/16 White (OH),https://system.gotsport.com/org_event/events/54982/schedules?team=4125916
BPYSL,Female U11 - U11G Premier 1,Little Miami FC LMFC U11G Elite (OH),https://system.gotsport.com/org_event/events/54982/schedules?team=4134379
BPYSL,Female U11 - U11G Premier 1,Greene County Cosmos GC Cosmos G2015/2016 Green (OH),https://system.gotsport.com/org_event/events/54982/schedules?team=4143673
BPYSL,Female U11 - U11G Premier 1,Fairfield Optimist Soccer Club FOSC G15/16 Elite (OH),https://system.gotsport.com/org_event/events/54982/schedules?team=4211146
BPYSL,Female U11 - U11G Premier 1,Northwest Cincy Soccer Coalition Northwest Cincy SC G15/16 Blue (OH),https://system.gotsport.com/org_event/events/54982/schedules?team=4190284
BPYSL,Female U11 - U11G Premier 1,FC Storm FC Storm GU11 Premier 2 (OH),https://system.gotsport.com/org_event/events/54982/schedules?team=4172727
BPYSL,Female U11 - U11G Premier 1,Fairfield Optimist Soccer Club FOSC Lebanon Warrior Premier G15/16 Maroon (OH),https://system.gotsport.com/org_event/events/54982/schedules?team=4211432
BPYSL,Female U11 - U11G Premier 1,Ohio Galaxies FC BSA Celtic U10 Girls Blue (OH),https://system.gotsport.com/org_event/events/54982/schedules?team=4190570
BPYSL,Female U11 - U11G Premier 1,Cincinnati United Soccer Club CUSC GU11 North Elite 1 (OH),https://system.gotsport.com/org_event/events/54982/schedules?team=4184513
BPYSL,Female U12 - U12G Buckeye State,Cincy Galaxy SC Cincy Galaxy 2015G Grey (OH),https://system.gotsport.com/org_event/events/54982/schedules?team=4170718
BPYSL,Female U12 - U12G Buckeye State,Fusion FC NKY Fusion FC GU12 Green (KY),https://system.gotsport.com/org_event/events/54982/schedules?team=4183059
BPYSL,Female U12 - U12G Buckeye State,Kolping SC Kolping SC G33 NLA (OH),https://system.gotsport.com/org_event/events/54982/schedules?team=4191345
BPYSL,Female U12 - U12G Buckeye State,Cincinnati United Soccer Club CUSC GU12 Premier Silver (OH),https://system.gotsport.com/org_event/events/54982/schedules?team=4184303
BPYSL,Female U12 - U12G Buckeye State,Cincy SC Cincy SC G14-15 Premier (OH),https://system.gotsport.com/org_event/events/54982/schedules?team=4189048
BPYSL,Female U12 - U12G Elite 1,Lakota Futbol Club Lakota FC G14/15 Red (OH),https://system.gotsport.com/org_event/events/54982/schedules?team=4178160
BPYSL,Female U12 - U12G Elite 1,Waynesville FC Waynesville FC U12G (OH),https://system.gotsport.com/org_event/events/54982/schedules?team=4189957
BPYSL,Female U12 - U12G Elite 1,Cincinnati United Soccer Club CUSC GU12 Premier North (OH),https://system.gotsport.com/org_event/events/54982/schedules?team=4184335
BPYSL,Female U12 - U12G Elite 1,Cincinnati United Soccer Club CUSC GU12 Premier South (OH),https://system.gotsport.com/org_event/events/54982/schedules?team=4184355
BPYSL,Female U12 - U12G Elite 1,Impact GFC Impact GFC GU12 Premier (OH),https://system.gotsport.com/org_event/events/54982/schedules?team=4192039
BPYSL,Female U12 - U12G Elite 1,SouthStars SC SouthStars G33/34 Elite (OH),https://system.gotsport.com/org_event/events/54982/schedules?team=4123188
BPYSL,Female U12 - U12G Premier 1,Total Ginga Academy Total Ginga Academy U12G (OH) (OH),https://system.gotsport.com/org_event/events/54982/schedules?team=4189244
BPYSL,Female U12 - U12G Premier 1,Cincinnati United Soccer Club CUSC GU12 North Elite 1 (OH),https://system.gotsport.com/org_event/events/54982/schedules?team=4184524
BPYSL,Female U12 - U12G Premier 1,Cincy SC Cincy SC G14-15 Elite (OH),https://system.gotsport.com/org_event/events/54982/schedules?team=4189060
BPYSL,Female U12 - U12G Premier 1,Oakwood United SC Oakwood United - G14/15 Gold (OH),https://system.gotsport.com/org_event/events/54982/schedules?team=4125757
BPYSL,Female U12 - U12G Premier 1,Lawrenceburg Greendale Soccer Club LGSC Lightning (OH),https://system.gotsport.com/org_event/events/54982/schedules?team=4118952
BPYSL,Female U12 - U12G Premier 1,NWC Alliance Soccer Club NWC Alliance 2033 Girls Elite (OH),https://system.gotsport.com/org_event/events/54982/schedules?team=4103206
BPYSL,Female U12 - U12G Premier 1,Eclipse FC Eclipse FC Elite (OH),https://system.gotsport.com/org_event/events/54982/schedules?team=4138297
BPYSL,Female U12 - U12G Premier 1,Dayton Futbol Academy DFA 2014/2015G Gold (OH),https://system.gotsport.com/org_event/events/54982/schedules?team=4177287
BPYSL,Female U12 - U12G Select Red,FC Storm FC Storm GU12 Premier 3 (OH),https://system.gotsport.com/org_event/events/54982/schedules?team=4172772
BPYSL,Female U12 - U12G Select Red,Cincinnati United Soccer Club CUSC GU12 South Elite I (OH),https://system.gotsport.com/org_event/events/54982/schedules?team=4228024
BPYSL,Female U12 - U12G Select Red,Little Miami FC LMFC U12 Girls Elite (OH),https://system.gotsport.com/org_event/events/54982/schedules?team=4134375
BPYSL,Female U12 - U12G Select Red,Nationals FC Nationals FC Strikers (OH),https://system.gotsport.com/org_event/events/54982/schedules?team=4197830
BPYSL,Female U12 - U12G Select Red,Fairfield Optimist Soccer Club FOSC G14/15 Premier (OH),https://system.gotsport.com/org_event/events/54982/schedules?team=4211094
BPYSL,Female U12 - U12G Select Red,Total Futbol Academy (OH) TFA G2014-15 Premier (OH),https://system.gotsport.com/org_event/events/54982/schedules?team=4206371
BPYSL,Female U12 - U12G Select Red,Mercury SJB Premier G15 Blue Jays (OH),https://system.gotsport.com/org_event/events/54982/schedules?team=4099258
BPYSL,Female U12 - U12G Select Red,Shelby County Youth Soccer WOU G15 Black (OH),https://system.gotsport.com/org_event/events/54982/schedules?team=4089297
BPYSL,Female U12 - U12G Select Black,Dayton Kroc SC Dayton Kroc SC G2014/2015 (OH),https://system.gotsport.com/org_event/events/54982/schedules?team=4215193
BPYSL,Female U12 - U12G Select Black,FC Dayton FC Dayton U12 Girls Navy (OH),https://system.gotsport.com/org_event/events/54982/schedules?team=4137526
BPYSL,Female U12 - U12G Select Black,Springboro Force SC Springboro Force G2033 (OH),https://system.gotsport.com/org_event/events/54982/schedules?team=4137665
BPYSL,Female U12 - U12G Select Black,Bellbrook Soccer Association Ohio Fusion SC GU12 (OH),https://system.gotsport.com/org_event/events/54982/schedules?team=4176378
BPYSL,Female U12 - U12G Select Black,Ohio Galaxies FC BSA Celtic u12 Girls Red (OH),https://system.gotsport.com/org_event/events/54982/schedules?team=4190501
BPYSL,Female U12 - U12G Select Black,NWC Alliance Soccer Club NWC Alliance 2033 Girls Premier (OH),https://system.gotsport.com/org_event/events/54982/schedules?team=4103244
BPYSL,Female U12 - U12G Select Black,Greene County Cosmos GC Cosmos G2014/2015 Green (OH),https://system.gotsport.com/org_event/events/54982/schedules?team=4183666
BPYSL,Female U12 - U12G Select Black,SouthStars SC SouthStars SC G14/15 White (OH),https://system.gotsport.com/org_event/events/54982/schedules?team=4173509
BPYSL,Female U13 - U13G Buckeye State,Greene County Cosmos GC Cosmos G2013/2014 Green (OH),https://system.gotsport.com/org_event/events/54982/schedules?team=4133397
BPYSL,Female U13 - U13G Buckeye State,Little Miami FC LMFC U13 Girls Elite (OH),https://system.gotsport.com/org_event/events/54982/schedules?team=4135357
BPYSL,Female U13 - U13G Buckeye State,Independence SC ISC U13G United Blue (KY),https://system.gotsport.com/org_event/events/54982/schedules?team=4197421
BPYSL,Female U13 - U13G Buckeye State,Mercury BSC Premier G13/14 (OH),https://system.gotsport.com/org_event/events/54982/schedules?team=4086680
BPYSL,Female U13 - U13G Buckeye State,Kings Hammer Cincinnati KH Elite Cincinnati GU12-1 (KY),https://system.gotsport.com/org_event/events/54982/schedules?team=4119537
BPYSL,Female U13 - U13G Buckeye State,Lakota Futbol Club Lakota FC G2014/15 Black (OH),https://system.gotsport.com/org_event/events/54982/schedules?team=4150563
BPYSL,Female U13 - U13G Buckeye State,Cincinnati United Soccer Club CUSC GU13 North Elite 1 (OH),https://system.gotsport.com/org_event/events/54982/schedules?team=4184531
BPYSL,Female U13 - U13G Buckeye State,Total Futbol Academy (OH) TFA G2013-14 Premier (OH),https://system.gotsport.com/org_event/events/54982/schedules?team=4192848
BPYSL,Female U13 - U13G Buckeye State,Cincinnati United Soccer Club CUSC GU13 South Elite I (OH),https://system.gotsport.com/org_event/events/54982/schedules?team=4228083
BPYSL,Female U13 - U13G Premier 1,FC Dayton FC Dayton Pre-ECNL RL G2014/15 (OH),https://system.gotsport.com/org_event/events/54982/schedules?team=4137455
BPYSL,Female U13 - U13G Premier 1,Kings Hammer Cincinnati KHA NKY GU13 Red (KY),https://system.gotsport.com/org_event/events/54982/schedules?team=4181063
BPYSL,Female U13 - U13G Premier 1,Butler United SC BUSC G13/14 Purple (OH),https://system.gotsport.com/org_event/events/54982/schedules?team=4165874
BPYSL,Female U13 - U13G Premier 1,Oakwood United SC Oakwood United - G13/14 Gold (OH),https://system.gotsport.com/org_event/events/54982/schedules?team=4168139
BPYSL,Female U13 - U13G Premier 1,FC Storm FC Storm GU13 Premier 2 (OH),https://system.gotsport.com/org_event/events/54982/schedules?team=4172833
BPYSL,Female U13 - U13G Premier 1,Butler United SC FC Tipp 2014/2015 - Lightning (OH),https://system.gotsport.com/org_event/events/54982/schedules?team=4158888
BPYSL,Female U13 - U13G Premier 1,Cincy SC Cincy SC G13-14 Elite (OH),https://system.gotsport.com/org_event/events/54982/schedules?team=4189040
BPYSL,Female U13 - U13G Select Black,Springboro Force SC Springboro Force G2032 (OH),https://system.gotsport.com/org_event/events/54982/schedules?team=4091136
BPYSL,Female U13 - U13G Select Black,NWC Alliance Soccer Club NWC Alliance 2032 Girls Premier (OH),https://system.gotsport.com/org_event/events/54982/schedules?team=4103336
BPYSL,Female U13 - U13G Select Black,Butler United SC BUSC G14/15 Purple Diamonds (OH),https://system.gotsport.com/org_event/events/54982/schedules?team=4175098
BPYSL,Female U13 - U13G Select Black,Dynamo FC Dynamo 2014/15 Girls Red (IN),https://system.gotsport.com/org_event/events/54982/schedules?team=4160358
BPYSL,Female U13 - U13G Select Black,Club X Soccer Club X Elite U13 (OH),https://system.gotsport.com/org_event/events/54982/schedules?team=4161948
BPYSL,Female U13 - U13G Select Black,Warrior Soccer Club Warrior SC G13/14 White (OH),https://system.gotsport.com/org_event/events/54982/schedules?team=4166464
BPYSL,Female U13 - U13G Select Black,Springfield Thunder SC Springfield Thunder SC G2014 (OH),https://system.gotsport.com/org_event/events/54982/schedules?team=4168366
BPYSL,Female U13 - U13G Select Black,Ohio Galaxies FC BSA Celtic U12 Girls Blue (OH),https://system.gotsport.com/org_event/events/54982/schedules?team=4190480
BPYSL,Female U13 - U13G Select Black,Troy Rattlers Troy Rattlers G13/14 (OH),https://system.gotsport.com/org_event/events/54982/schedules?team=4127989
BPYSL,Female U13 - U13G Select Black,Greene County Cosmos GC Cosmos G2013/2014 White (OH),https://system.gotsport.com/org_event/events/54982/schedules?team=4133439
BPYSL,Female U13 - U13G Select Black,Butler United SC BUSC G13/14 Blaze (OH),https://system.gotsport.com/org_event/events/54982/schedules?team=4168341
BPYSL,Female U13 - U13G Select Black,Panthers FC Panthers FC 2014 Girls (OH),https://system.gotsport.com/org_event/events/54982/schedules?team=4266074
BPYSL,Female U13 - U13G Select Red,Lakota Futbol Club Lakota FC G13/14 Red (OH),https://system.gotsport.com/org_event/events/54982/schedules?team=4139247
BPYSL,Female U13 - U13G Select Red,On Goal Passion FC Passion FC 2013/2014G Gray (OH),https://system.gotsport.com/org_event/events/54982/schedules?team=4149549
BPYSL,Female U13 - U13G Select Red,Eclipse FC Eclipse FC Thundercats (OH),https://system.gotsport.com/org_event/events/54982/schedules?team=4143543
BPYSL,Female U13 - U13G Select Red,Madeira FC Madeira FC G2014 Orange (OH),https://system.gotsport.com/org_event/events/54982/schedules?team=4174106
BPYSL,Female U13 - U13G Select Red,Cincinnati West CWSC GU13 Academy Red (OH),https://system.gotsport.com/org_event/events/54982/schedules?team=4186730
BPYSL,Female U13 - U13G Select Red,Kings Hammer Cincinnati KHA Sycamore GU13 Green (OH),https://system.gotsport.com/org_event/events/54982/schedules?team=4191775
BPYSL,Female U13 - U13G Select Red,Kolping SC Kolping SC G32 Orange (OH),https://system.gotsport.com/org_event/events/54982/schedules?team=4191380
BPYSL,Female U13 - U13G Select Red,Fairfield Optimist Soccer Club FOSC G13/14 Premier (OH),https://system.gotsport.com/org_event/events/54982/schedules?team=4211031
BPYSL,Female U13 - U13G Select Red,Kings Hammer Cincinnati KH Elite Cincinnati GU12-2 (KY),https://system.gotsport.com/org_event/events/54982/schedules?team=4119545
BPYSL,Female U13 - U13G Select Red,Alliance Cincinnati SC ACSC Girls U13 Academy (OH),https://system.gotsport.com/org_event/events/54982/schedules?team=4192152
BPYSL,Female U13 - U13G Select Red,Independence SC ISC U13G United Green Rising Fury (KY),https://system.gotsport.com/org_event/events/54982/schedules?team=4197461
BPYSL,Female U14 - U14G Buckeye State,Butler United SC BUSC G12/13 Gray Bombers (OH),https://system.gotsport.com/org_event/events/54982/schedules?team=4151164
BPYSL,Female U14 - U14G Buckeye State,Lakota Futbol Club Lakota FC G12/13 Black (OH),https://system.gotsport.com/org_event/events/54982/schedules?team=4151395
BPYSL,Female U14 - U14G Buckeye State,FC Storm FC Storm GU14 Premier 1 (OH),https://system.gotsport.com/org_event/events/54982/schedules?team=4172908
BPYSL,Female U14 - U14G Buckeye State,Nationals FC Nationals FC Elite G12/13 (OH),https://system.gotsport.com/org_event/events/54982/schedules?team=4181405
BPYSL,Female U14 - U14G Buckeye State,Fusion FC NKY Fusion FC GU14 Green (KY),https://system.gotsport.com/org_event/events/54982/schedules?team=4183376
BPYSL,Female U14 - U14G Buckeye State,Kolping SC Kolping SC G31 Orange (OH),https://system.gotsport.com/org_event/events/54982/schedules?team=4191416
BPYSL,Female U14 - U14G Buckeye State,Cincinnati West CWSC GU14 Academy Red (OH),https://system.gotsport.com/org_event/events/54982/schedules?team=4192741
BPYSL,Female U14 - U14G Buckeye State,Bellbrook Soccer Association Ohio Fusion SC GU14/13 Blue (OH),https://system.gotsport.com/org_event/events/54982/schedules?team=4193017
BPYSL,Female U14 - U14G Buckeye State,Independence SC ISC U14G United Blue (KY),https://system.gotsport.com/org_event/events/54982/schedules?team=4197378
BPYSL,Female U14 - U14G Buckeye State,Little Miami FC LMFC U14 Girls Elite (OH),https://system.gotsport.com/org_event/events/54982/schedules?team=4199318
BPYSL,Female U14 - U14G Buckeye State,Cincy SC Cincy SC G12-13 Elite (OH),https://system.gotsport.com/org_event/events/54982/schedules?team=4189032
BPYSL,Female U14 - U14G Elite 1,Butler United SC BUSC G12/13 Hurricanes (OH),https://system.gotsport.com/org_event/events/54982/schedules?team=4114691
BPYSL,Female U14 - U14G Elite 1,Oakwood United SC Oakwood United - G12/13 Gold (OH),https://system.gotsport.com/org_event/events/54982/schedules?team=4120656
BPYSL,Female U14 - U14G Elite 1,Kings Hammer Cincinnati KHA NKY GU14 Red (KY),https://system.gotsport.com/org_event/events/54982/schedules?team=4181071
BPYSL,Female U14 - U14G Elite 1,Fusion FC NKY Fusion FC GU14 Black (KY),https://system.gotsport.com/org_event/events/54982/schedules?team=4183349
BPYSL,Female U14 - U14G Elite 1,Cincinnati United Soccer Club CUSC GU14 North Elite 1 (OH),https://system.gotsport.com/org_event/events/54982/schedules?team=4184561
BPYSL,Female U14 - U14G Elite 1,Total Futbol Academy (OH) TFA G2012-13 Premier (OH),https://system.gotsport.com/org_event/events/54982/schedules?team=4192786
BPYSL,Female U14 - U14G Elite 1,Cincinnati United Soccer Club CUSC Gu14 South Elite I (OH),https://system.gotsport.com/org_event/events/54982/schedules?team=4228090
BPYSL,Female U14 - U14G Elite 1,STAR Rush Cincinnati STAR Rush GU14 Blue (OH),https://system.gotsport.com/org_event/events/54982/schedules?team=4223278
BPYSL,Female U14 - U14G Elite 1,Tempest FC TempesTFC G12 Premier (OH),https://system.gotsport.com/org_event/events/54982/schedules?team=4138211
BPYSL,Female U14 - U14G Premier 1,Greene County Cosmos GC Cosmos G2012/2013 Green (OH),https://system.gotsport.com/org_event/events/54982/schedules?team=4116114
BPYSL,Female U14 - U14G Premier 1,Shelby Youth Soccer Shelby Storm 2013G (OH),https://system.gotsport.com/org_event/events/54982/schedules?team=4124838
BPYSL,Female U14 - U14G Premier 1,Total Ginga Academy Total Ginga Academy U14G (KY) (KY),https://system.gotsport.com/org_event/events/54982/schedules?team=4159775
BPYSL,Female U14 - U14G Premier 1,Lakota Futbol Club Lakota FC G12/13 Red (OH),https://system.gotsport.com/org_event/events/54982/schedules?team=4177875
BPYSL,Female U14 - U14G Premier 1,Independence SC ISC U14G United Green Regulators (KY),https://system.gotsport.com/org_event/events/54982/schedules?team=4197209
BPYSL,Female U14 - U14G Premier 1,Impact GFC Impact GFC GU14 Blue (OH),https://system.gotsport.com/org_event/events/54982/schedules?team=4195500
BPYSL,Female U14 - U14G Premier 1,Nationals FC Nationals FC Gold G12/13 (OH),https://system.gotsport.com/org_event/events/54982/schedules?team=4203184
BPYSL,Female U14 - U14G Premier 1,Shelby County Youth Soccer WOU G12/13 (OH),https://system.gotsport.com/org_event/events/54982/schedules?team=4188463
BPYSL,Female U14 - U14G Premier 1,Bellbrook Soccer Association Ohio Fusion SC GU14/13 Black (OH),https://system.gotsport.com/org_event/events/54982/schedules?team=4119384
BPYSL,Female U14 - U14G Select Red,Cincinnati Elite FC Cincinnati Elite FC GU14 Gold (2012/13) (OH),https://system.gotsport.com/org_event/events/54982/schedules?team=4171881
BPYSL,Female U14 - U14G Select Red,FC Storm FC Storm GU14 Premier 2 (OH),https://system.gotsport.com/org_event/events/54982/schedules?team=4172915
BPYSL,Female U14 - U14G Select Red,Cincy SC Cincy SC G12-13 Navy (OH),https://system.gotsport.com/org_event/events/54982/schedules?team=4189025
BPYSL,Female U14 - U14G Select Red,Fairfield Optimist Soccer Club FOSC G12/13 Premier (OH),https://system.gotsport.com/org_event/events/54982/schedules?team=4180486
BPYSL,Female U14 - U14G Select Red,Kolping SC Kolping SC G31 Fall (OH),https://system.gotsport.com/org_event/events/54982/schedules?team=4191437
BPYSL,Female U14 - U14G Select Red,Cincinnati United Soccer Club CUSC Gu14 South Elite II (OH),https://system.gotsport.com/org_event/events/54982/schedules?team=4228092
BPYSL,Female U14 - U14G Select Red,Mercury BSC Premier G12/13 (OH),https://system.gotsport.com/org_event/events/54982/schedules?team=4086211
BPYSL,Female U14 - U14G Select Silver,Mercury BSC Premier G12/13 Yellow (OH),https://system.gotsport.com/org_event/events/54982/schedules?team=4228193
BPYSL,Female U14 - U14G Select Silver,Fusion FC NKY Fusion FC GU14 White (KY),https://system.gotsport.com/org_event/events/54982/schedules?team=4183398
BPYSL,Female U14 - U14G Select Silver,Kolping SC Kolping SC G31 Black (OH),https://system.gotsport.com/org_event/events/54982/schedules?team=4191425
BPYSL,Female U14 - U14G Select Silver,STAR Rush Cincinnati STAR Rush U14G Blue (OH),https://system.gotsport.com/org_event/events/54982/schedules?team=4223233
BPYSL,Female U14 - U14G Select Silver,ISC Storm ISC STORM G12 Lightning (OH),https://system.gotsport.com/org_event/events/54982/schedules?team=4227385
BPYSL,Female U15 - U15G Elite 1,Lawrenceburg Greendale Soccer Club LGSC Ambush (OH),https://system.gotsport.com/org_event/events/54982/schedules?team=4161797
BPYSL,Female U15 - U15G Elite 1,Eclipse FC Eclipse FC Thunder (OH),https://system.gotsport.com/org_event/events/54982/schedules?team=4201984
BPYSL,Female U15 - U15G Elite 1,Dayton Futbol Academy DFA 2012/2013G Elite (OH),https://system.gotsport.com/org_event/events/54982/schedules?team=4177355
BPYSL,Female U15 - U15G Elite 1,Independence SC ISC U15G Shadow Strikers (KY),https://system.gotsport.com/org_event/events/54982/schedules?team=4196930
BPYSL,Female U15 - U14/U15G Select Black,Marauders Premier Football Club Marauders Premier FC G13/14 (OH),https://system.gotsport.com/org_event/events/54982/schedules?team=4094209
BPYSL,Female U15 - U14/U15G Select Black,NWC Alliance Soccer Club NWC Alliance 2031 Girls Premier (OH),https://system.gotsport.com/org_event/events/54982/schedules?team=4103747
BPYSL,Female U15 - U14/U15G Select Black,Troy Rattlers Troy Rattlers SC U14 Girls (OH),https://system.gotsport.com/org_event/events/54982/schedules?team=4113944
BPYSL,Female U15 - U14/U15G Select Black,Springboro Force SC Springboro Force G2031 (OH),https://system.gotsport.com/org_event/events/54982/schedules?team=4137646
BPYSL,Female U15 - U14/U15G Select Black,Northern Alliance SC Northern Alliance U14 (OH),https://system.gotsport.com/org_event/events/54982/schedules?team=4151122
BPYSL,Female U15 - U14/U15G Select Black,Oakwood United SC Oakwood United - G12/13 Navy (OH),https://system.gotsport.com/org_event/events/54982/schedules?team=4168039
BPYSL,Female U15 - U14/U15G Select Black,Warrior Soccer Club Warrior SC G12/13 White (OH),https://system.gotsport.com/org_event/events/54982/schedules?team=4187252
BPYSL,Female U15 - U14/U15G Select Black,SouthStars SC SouthStars SC G12/13 (OH),https://system.gotsport.com/org_event/events/54982/schedules?team=4142509
BPYSL,Female U15 - U14/U15G Select Black,PC United SC PC United G12/13 (OH),https://system.gotsport.com/org_event/events/54982/schedules?team=4160944
BPYSL,Female U15 - U14/U15G Select Black,Dayton Futbol Academy DFA 2012/2013G Premier (OH),https://system.gotsport.com/org_event/events/54982/schedules?team=4177383
