LEAGUE,DIVISION,TEAM_NAME,SCHEDULE_LINK,CLUB
CPL,Boys U8 Division 1,Lakota FC B18/19 Black,https://system.gotsport.com/org_event/events/55642/schedules?team=4171575,Lakota FC
CPL,Boys U8 Division 1,Cincy SC B18-19 Premier,https://system.gotsport.com/org_event/events/55642/schedules?team=4188080,Cincy SC
CPL,Boys U8 Division 1,Mercury B2018/19 Red,https://system.gotsport.com/org_event/events/55642/schedules?team=4191821,Mercury Soccer
CPL,Boys U8 Division 1,Madeira FC BU8 Orange,https://system.gotsport.com/org_event/events/55642/schedules?team=4175465,Madeira FC
CPL,Boys U8 Division 1,Cincy Galaxy U8B Academy,https://system.gotsport.com/org_event/events/55642/schedules?team=4191862,Cincy Galaxy
CPL,Boys U8 Division 2,Cincinnati West BU7/U8 Academy Elite,https://system.gotsport.com/org_event/events/55642/schedules?team=4139229,Cincinnati West Soccer Club
CPL,Boys U8 Division 2,Oak Hills Premier Boys U8,https://system.gotsport.com/org_event/events/55642/schedules?team=4189136,Oak Hills Youth Athletics
CPL,Boys U8 Division 2,Cincy SC B18-19 Elite,https://system.gotsport.com/org_event/events/55642/schedules?team=4188159,Cincy SC
CPL,Boys U8 Division 2,Kolping SC B37 Orange,https://system.gotsport.com/org_event/events/55642/schedules?team=4191182,Kolping
CPL,Boys U8 Division 2,Lakota FC B18/19 Red,https://system.gotsport.com/org_event/events/55642/schedules?team=4165787,Lakota FC
CPL,Boys U8 Division 2,Mercury B2018/19 West,https://system.gotsport.com/org_event/events/55642/schedules?team=4270378,Mercury Soccer
CPL,Boys U8 Division 2,Northwest Cincy SC B18/19,https://system.gotsport.com/org_event/events/55642/schedules?team=4190287,Northwest Cincy Soccer Coalition
CPL,Boys U9 Division 1,Mercury Westside FC 2017/2018,https://system.gotsport.com/org_event/events/55642/schedules?team=4079944,Mercury Soccer
CPL,Boys U9 Division 1,Kings Hammer NKY BU9 Red,https://system.gotsport.com/org_event/events/55642/schedules?team=4137790,Kings Hammer
CPL,Boys U9 Division 1,Cincinnati United BU9 North LM Aston Villa,https://system.gotsport.com/org_event/events/55642/schedules?team=4159764,Cincinnati United
CPL,Boys U9 Division 1,Cincinnati United BU9 North SM Aberdeen,https://system.gotsport.com/org_event/events/55642/schedules?team=4159736,Cincinnati United
CPL,Boys U9 Division 1,Cincinnati United BU9 South Argentinos Jrs,https://system.gotsport.com/org_event/events/55642/schedules?team=4192067,Cincinnati United
CPL,Boys U9 Division 1,FC Storm BU9 Loveland Orange,https://system.gotsport.com/org_event/events/55642/schedules?team=4161047,FC Storm
CPL,Boys U9 Division 2,Cincinnati United BU9 South Boca Jrs,https://system.gotsport.com/org_event/events/55642/schedules?team=4192072,Cincinnati United
CPL,Boys U9 Division 2,Lakota FC B17/18 Black,https://system.gotsport.com/org_event/events/55642/schedules?team=4165713,Lakota FC
CPL,Boys U9 Division 2,Fairfield Optimist B17/18 Elite,https://system.gotsport.com/org_event/events/55642/schedules?team=4191127,Fairfield Optimist
CPL,Boys U9 Division 2,FC Storm BU9 IH Orange,https://system.gotsport.com/org_event/events/55642/schedules?team=4161862,FC Storm
CPL,Boys U9 Division 2,Madeira FC BU9 Orange,https://system.gotsport.com/org_event/events/55642/schedules?team=4175520,Madeira FC
CPL,Boys U9 Division 2,Cincy SC B17-18 Premier,https://system.gotsport.com/org_event/events/55642/schedules?team=4189724,Cincy SC
CPL,Boys U9 Division 3,NWC Alliance 2036 Boys Arsenal,https://system.gotsport.com/org_event/events/55642/schedules?team=4100566,NWC Alliance
CPL,Boys U9 Division 3,Kings Hammer Sycamore BU9 Green,https://system.gotsport.com/org_event/events/55642/schedules?team=4155911,Kings Hammer
CPL,Boys U9 Division 3,Cincinnati United BU9 North LM Brentford,https://system.gotsport.com/org_event/events/55642/schedules?team=4159767,Cincinnati United
CPL,Boys U9 Division 3,Independence SC U9B Kentucky Strikers,https://system.gotsport.com/org_event/events/55642/schedules?team=4186498,Independence Soccer Club
CPL,Boys U9 Division 3,STAR Rush Cincinnati BU9 Blue,https://system.gotsport.com/org_event/events/55642/schedules?team=4190627,STAR SC
CPL,Boys U9 Division 3,Cincy Galaxy U9B Academy Blue,https://system.gotsport.com/org_event/events/55642/schedules?team=4191848,Cincy Galaxy
CPL,Boys U9 Division 3,Cincinnati United BU9 South Club America,https://system.gotsport.com/org_event/events/55642/schedules?team=4192075,Cincinnati United
CPL,Boys U9 Division 3,Real Soccer FC B2018,https://system.gotsport.com/org_event/events/55642/schedules?team=4256029,Real Soccer FC
CPL,Boys U9 Division 3,Cincinnati United BU9 North SM Bournemouth,https://system.gotsport.com/org_event/events/55642/schedules?team=4159754,Cincinnati United
CPL,Boys U9 Division 4,NKY Gunners Athletic Club B17/18,https://system.gotsport.com/org_event/events/55642/schedules?team=4122534,NKY Gunners
CPL,Boys U9 Division 4,Kings Hammer NKY BU9 Black,https://system.gotsport.com/org_event/events/55642/schedules?team=4138105,Kings Hammer
CPL,Boys U9 Division 4,Cincinnati United BU9 North SM Coventry City,https://system.gotsport.com/org_event/events/55642/schedules?team=4159759,Cincinnati United
CPL,Boys U9 Division 4,Cincinnati Elite FC BU09 Gold (2017/18),https://system.gotsport.com/org_event/events/55642/schedules?team=4170684,Cincinnati Elite
CPL,Boys U9 Division 4,FC Dayton U9 Boys Elite,https://system.gotsport.com/org_event/events/55642/schedules?team=4171704,FC Dayton
CPL,Boys U9 Division 4,Cincy SC B17-18 Elite,https://system.gotsport.com/org_event/events/55642/schedules?team=4189759,Cincy SC
CPL,Boys U9 Division 4,Cincinnati United BU9 South Defensor,https://system.gotsport.com/org_event/events/55642/schedules?team=4192078,Cincinnati United
CPL,Boys U9 Division 5,FC Storm BU9 Loveland White,https://system.gotsport.com/org_event/events/55642/schedules?team=4161052,FC Storm
CPL,Boys U9 Division 5,Madeira FC BU9 Blue,https://system.gotsport.com/org_event/events/55642/schedules?team=4175524,Madeira FC
CPL,Boys U9 Division 5,Cincinnati Grand Futbol Club Boys (U9),https://system.gotsport.com/org_event/events/55642/schedules?team=4190378,Cincinnati Grand Futbol
CPL,Boys U9 Division 5,Oak Hills Premier Boys U9,https://system.gotsport.com/org_event/events/55642/schedules?team=4190490,Oak Hills Youth Athletics
CPL,Boys U9 Division 5,Kolping SC B36 Orange,https://system.gotsport.com/org_event/events/55642/schedules?team=4191191,Kolping
CPL,Boys U9 Division 5,Cincinnati United BU9 South Estudiantes,https://system.gotsport.com/org_event/events/55642/schedules?team=4192080,Cincinnati United
CPL,Boys U9 Division 5,Cincinnati United BU9 WEST AJAX,https://system.gotsport.com/org_event/events/55642/schedules?team=4205061,Cincinnati United
CPL,Boys U9 Division 5,Mercury B2017/18 West,https://system.gotsport.com/org_event/events/55642/schedules?team=4192191,Mercury Soccer
CPL,Boys U9 Division 6,Little Miami FC U9 Boys Elite,https://system.gotsport.com/org_event/events/55642/schedules?team=4134614,Little Miami FC
CPL,Boys U9 Division 6,Kings Hammer NKY BU9 Gray,https://system.gotsport.com/org_event/events/55642/schedules?team=4138127,Kings Hammer
CPL,Boys U9 Division 6,Cincinnati United BU9 North LM Crystal Palace,https://system.gotsport.com/org_event/events/55642/schedules?team=4159771,Cincinnati United
CPL,Boys U9 Division 6,FC Storm BU9 IH White,https://system.gotsport.com/org_event/events/55642/schedules?team=4161863,FC Storm
CPL,Boys U9 Division 6,Inner Cincinnati SA U9,https://system.gotsport.com/org_event/events/55642/schedules?team=4175054,Inner Cincinnati SA
CPL,Boys U9 Division 6,Cincinnati United BU9 North SM Dundee United,https://system.gotsport.com/org_event/events/55642/schedules?team=4188931,Cincinnati United
CPL,Boys U9 Division 6,Cincy SC B17-18 Navy,https://system.gotsport.com/org_event/events/55642/schedules?team=4189851,Cincy SC
CPL,Boys U9 Division 6,Fairfield Optimist Lebanon Warrior Premier B17/18 Maroon,https://system.gotsport.com/org_event/events/55642/schedules?team=4192174,Fairfield Optimist
CPL,Boys U9 Division 7,NWC Alliance 2036 Boys Chelsea,https://system.gotsport.com/org_event/events/55642/schedules?team=4100576,NWC Alliance
CPL,Boys U9 Division 7,Total Futbol Academy B2017-18 Premier,https://system.gotsport.com/org_event/events/55642/schedules?team=4145718,Total Futbol Academy
CPL,Boys U9 Division 7,Total Ginga Academy U9B Blue (KY),https://system.gotsport.com/org_event/events/55642/schedules?team=4159501,Total Ginga
CPL,Boys U9 Division 7,FC Dayton U9 Boys Navy,https://system.gotsport.com/org_event/events/55642/schedules?team=4171838,FC Dayton
CPL,Boys U9 Division 7,Passion FC 2017/2018B Gray,https://system.gotsport.com/org_event/events/55642/schedules?team=4169969,Passion FC
CPL,Boys U9 Division 7,Lakota FC B17/18 Red,https://system.gotsport.com/org_event/events/55642/schedules?team=4178401,Lakota FC
CPL,Boys U9 Division 7,Cincy SC B17-18 Orange,https://system.gotsport.com/org_event/events/55642/schedules?team=4189853,Cincy SC
CPL,Boys U9 Division 7,Campbell Soccer Club U9B Stadtmiller,https://system.gotsport.com/org_event/events/55642/schedules?team=4175193,Campbell Soccer Club
CPL,Boys U9 Division 8,Kings Hammer Sycamore BU9 Black,https://system.gotsport.com/org_event/events/55642/schedules?team=4155914,Kings Hammer
CPL,Boys U9 Division 8,Elevate FC BU9 Blue,https://system.gotsport.com/org_event/events/55642/schedules?team=4158176,Elevate FC
CPL,Boys U9 Division 8,Total Ginga Academy U9B (OH),https://system.gotsport.com/org_event/events/55642/schedules?team=4159546,Total Ginga
CPL,Boys U9 Division 8,FC Storm BU9 Loveland Black,https://system.gotsport.com/org_event/events/55642/schedules?team=4161055,FC Storm
CPL,Boys U9 Division 8,Lord's Gym F.C. BU9,https://system.gotsport.com/org_event/events/55642/schedules?team=4175479,Lord's Gym
CPL,Boys U9 Division 8,Cincinnati West BU9 Academy Elite,https://system.gotsport.com/org_event/events/55642/schedules?team=4229824,Cincinnati West Soccer Club
CPL,Boys U9 Division 8,Cincy SC B17-18 White,https://system.gotsport.com/org_event/events/55642/schedules?team=4189857,Cincy SC
CPL,Boys U9 Division 8,Fairfield Optimist Lebanon Warrior Premier B17/18 White,https://system.gotsport.com/org_event/events/55642/schedules?team=4191351,Fairfield Optimist
CPL,Boys U9 Division 8,Independence SC U9B Cobras,https://system.gotsport.com/org_event/events/55642/schedules?team=4186544,Independence Soccer Club
CPL,Boys U9 Division 9,Cincinnati United BU9 South Flamengo,https://system.gotsport.com/org_event/events/55642/schedules?team=4192083,Cincinnati United
CPL,Boys U9 Division 9,Alliance Cincinnati SC Boys U9 Academy,https://system.gotsport.com/org_event/events/55642/schedules?team=4192318,Alliance Community Soccer Club
CPL,Boys U9 Division 9,Impact GFC Valhalla FC BU9 Blue,https://system.gotsport.com/org_event/events/55642/schedules?team=4192857,Impact GFC
CPL,Boys U9 Division 9,Mercury BSC Premier B17/18,https://system.gotsport.com/org_event/events/55642/schedules?team=4099015,Mercury Soccer
CPL,Boys U9 Division 9,Lakota FC B17/18 Gray,https://system.gotsport.com/org_event/events/55642/schedules?team=4166238,Lakota FC
CPL,Boys U9 Division 9,Total Ginga Academy U9B Black (KY),https://system.gotsport.com/org_event/events/55642/schedules?team=4159506,Total Ginga
CPL,Boys U9 Division 10,Little Miami FC U9 Boys Gold,https://system.gotsport.com/org_event/events/55642/schedules?team=4134615,Little Miami FC
CPL,Boys U9 Division 10,Kings Hammer NKY BU9 White,https://system.gotsport.com/org_event/events/55642/schedules?team=4138156,Kings Hammer
CPL,Boys U9 Division 10,Campbell Soccer Club U9B Neises,https://system.gotsport.com/org_event/events/55642/schedules?team=4175180,Campbell Soccer Club
CPL,Boys U9 Division 10,Kings Hammer Sycamore BU9 Gray,https://system.gotsport.com/org_event/events/55642/schedules?team=4239641,Kings Hammer
CPL,Boys U9 Division 10,STAR Rush BU9 White,https://system.gotsport.com/org_event/events/55642/schedules?team=4190661,STAR SC
CPL,Boys U9 Division 10,Kolping SC B36 Black,https://system.gotsport.com/org_event/events/55642/schedules?team=4191194,Kolping
CPL,Boys U9 Division 10,Eclipse FC Lil Mambas U9 B,https://system.gotsport.com/org_event/events/55642/schedules?team=4192233,Eclipse FC
CPL,Boys U9 Division 10,Edgewood Premier FC U8 Boys,https://system.gotsport.com/org_event/events/55642/schedules?team=4192135,Edgewood Premier FC
CPL,Boys U10 Division 1,Lawrenceburg Greendale Soccer Club Red Hawks,https://system.gotsport.com/org_event/events/55642/schedules?team=4116615,Lawrenceburg Greendale Soccer Club
CPL,Boys U10 Division 1,Kings Hammer Sycamore BU10 Green,https://system.gotsport.com/org_event/events/55642/schedules?team=4155825,Kings Hammer
CPL,Boys U10 Division 1,Kings Hammer NKY BU10 Red,https://system.gotsport.com/org_event/events/55642/schedules?team=4120319,Kings Hammer
CPL,Boys U10 Division 1,Cincinnati United BU10 South Boca Jrs,https://system.gotsport.com/org_event/events/55642/schedules?team=4192088,Cincinnati United
CPL,Boys U10 Division 1,Cincinnati United BU10 North SM Bournemouth,https://system.gotsport.com/org_event/events/55642/schedules?team=4159777,Cincinnati United
CPL,Boys U10 Division 1,FC Storm BU10 Loveland Orange,https://system.gotsport.com/org_event/events/55642/schedules?team=4161066,FC Storm
CPL,Boys U10 Division 1,Cincinnati Elite FC BU10 Elite (2016/17),https://system.gotsport.com/org_event/events/55642/schedules?team=4170699,Cincinnati Elite
CPL,Boys U10 Division 1,Madeira FC B2017 Orange,https://system.gotsport.com/org_event/events/55642/schedules?team=4172927,Madeira FC
CPL,Boys U10 Division 2,NWC Alliance 2035 Boys Elite,https://system.gotsport.com/org_event/events/55642/schedules?team=4100346,NWC Alliance
CPL,Boys U10 Division 2,Cincinnati West BU10 Academy Elite,https://system.gotsport.com/org_event/events/55642/schedules?team=4124496,Cincinnati West Soccer Club
CPL,Boys U10 Division 2,Total Futbol Academy Pre-ECNL B2017-18 Elite,https://system.gotsport.com/org_event/events/55642/schedules?team=4145469,Total Futbol Academy
CPL,Boys U10 Division 2,Fairfield Optimist B16/17 Elite,https://system.gotsport.com/org_event/events/55642/schedules?team=4191102,Fairfield Optimist
CPL,Boys U10 Division 2,Mercury B2016/17 Pre ECNL West,https://system.gotsport.com/org_event/events/55642/schedules?team=4191566,Mercury Soccer
CPL,Boys U10 Division 2,Cincinnati United Soccer Club BU10 South Club America,https://system.gotsport.com/org_event/events/55642/schedules?team=4192102,Cincinnati United
CPL,Boys U10 Division 2,Kings Hammer Cincinnati NKY GU10 Red-A,https://system.gotsport.com/org_event/events/55642/schedules?team=4206688,Kings Hammer
CPL,Boys U10 Division 2,Cincinnati United Soccer Club BU10 North SM Coventry City,https://system.gotsport.com/org_event/events/55642/schedules?team=4159791,Cincinnati United
CPL,Boys U10 Division 2,Real Soccer FC B2017,https://system.gotsport.com/org_event/events/55642/schedules?team=4256012,Real Soccer FC
CPL,Boys U10 Division 3,Cincinnati United Soccer Club BU10 South Defensor,https://system.gotsport.com/org_event/events/55642/schedules?team=4192109,Cincinnati United
CPL,Boys U10 Division 3,STAR Rush Cincinnati BU10 Blue,https://system.gotsport.com/org_event/events/55642/schedules?team=4190546,STAR SC
CPL,Boys U10 Division 3,Cincinnati United Soccer Club BU10 North LM Brentford,https://system.gotsport.com/org_event/events/55642/schedules?team=4159799,Cincinnati United
CPL,Boys U10 Division 3,FC Dayton U10 Boys Elite,https://system.gotsport.com/org_event/events/55642/schedules?team=4172207,Dayton Futbol Academy
CPL,Boys U10 Division 3,FC Storm BU10 IH Orange,https://system.gotsport.com/org_event/events/55642/schedules?team=4161867,ISC Storm Soccer Club
CPL,Boys U10 Division 3,Kolping SC B35 Orange,https://system.gotsport.com/org_event/events/55642/schedules?team=4191199,Kolping
CPL,Boys U10 Division 4,Kings Hammer Cincinnati NKY BU10 Black,https://system.gotsport.com/org_event/events/55642/schedules?team=4120340,Kings Hammer
CPL,Boys U10 Division 4,Cincy SC B16-17 Navy,https://system.gotsport.com/org_event/events/55642/schedules?team=4144840,Cincy SC
CPL,Boys U10 Division 4,Total Futbol Academy B2016-17 Premier,https://system.gotsport.com/org_event/events/55642/schedules?team=4145724,Total Futbol Academy
CPL,Boys U10 Division 4,FC Storm BU10 Loveland White,https://system.gotsport.com/org_event/events/55642/schedules?team=4161070,ISC Storm Soccer Club
CPL,Boys U10 Division 4,Mercury SJB B16 Blue Jays,https://system.gotsport.com/org_event/events/55642/schedules?team=4164155,Mercury Soccer
CPL,Boys U10 Division 4,Cincinnati Elite FC BU10 Gold (2016/17),https://system.gotsport.com/org_event/events/55642/schedules?team=4170723,Cincinnati Elite
CPL,Boys U10 Division 4,Fusion FC NKY BU10 Green,https://system.gotsport.com/org_event/events/55642/schedules?team=4183681,Fusion FC
CPL,Boys U10 Division 4,Lakota FC B16/17 Gray,https://system.gotsport.com/org_event/events/55642/schedules?team=4152086,Lakota FC
CPL,Boys U10 Division 5,Cincinnati United Soccer Club BU10 North SM Dundee United,https://system.gotsport.com/org_event/events/55642/schedules?team=4159794,Cincinnati United
CPL,Boys U10 Division 5,Cincinnati United Soccer Club BU10 North LM Crystal Palace,https://system.gotsport.com/org_event/events/55642/schedules?team=4159802,Cincinnati United
CPL,Boys U10 Division 5,Campbell Soccer Club U10B Enzweiler,https://system.gotsport.com/org_event/events/55642/schedules?team=4175270,Campbell Soccer Club
CPL,Boys U10 Division 5,Madeira FC B2017 Blue,https://system.gotsport.com/org_event/events/55642/schedules?team=4181037,Madeira FC
CPL,Boys U10 Division 5,Cincy SC B16-17 Orange,https://system.gotsport.com/org_event/events/55642/schedules?team=4189740,Cincy SC
CPL,Boys U10 Division 5,Kings Hammer Cincinnati Warren County BU10 Blue,https://system.gotsport.com/org_event/events/55642/schedules?team=4155983,Kings Hammer
CPL,Boys U10 Division 5,Cincinnati United Soccer Club BU10 South Estudiantes,https://system.gotsport.com/org_event/events/55642/schedules?team=4192116,Cincinnati United
CPL,Boys U10 Division 5,Cincinnati United Soccer Club BU10 WEST AJAX,https://system.gotsport.com/org_event/events/55642/schedules?team=4205133,Cincinnati United
CPL,Boys U10 Division 5,Alliance Cincinnati SC Boys U10 Gold Academy,https://system.gotsport.com/org_event/events/55642/schedules?team=4192266,Alliance Community Soccer Club
CPL,Boys U10 Division 5,Cincy Galaxy SC U10B,https://system.gotsport.com/org_event/events/55642/schedules?team=4192046,Cincy Galaxy SC
CPL,Boys U10 Division 6,NWC Alliance Soccer Club 2035 Boys Premier,https://system.gotsport.com/org_event/events/55642/schedules?team=4100414,Northwest Cincy Soccer Coalition
CPL,Boys U10 Division 6,Kings Hammer Cincinnati NKY BU10 Gray,https://system.gotsport.com/org_event/events/55642/schedules?team=4120358,Kings Hammer
CPL,Boys U10 Division 6,Little Miami FC U10 Boys Elite,https://system.gotsport.com/org_event/events/55642/schedules?team=4134407,Little Miami FC
CPL,Boys U10 Division 6,Fairfield Optimist Soccer Club B16/17 Premier,https://system.gotsport.com/org_event/events/55642/schedules?team=4191107,Fairfield Optimist
CPL,Boys U10 Division 6,Cincinnati Elite FC BU10 Premier (2016/17),https://system.gotsport.com/org_event/events/55642/schedules?team=4170738,Cincinnati Elite
CPL,Boys U10 Division 6,Campbell Soccer Club U10B Willoughby,https://system.gotsport.com/org_event/events/55642/schedules?team=4175320,Campbell Soccer Club
CPL,Boys U10 Division 6,Lord's Gym Price Hill F.C. BU10,https://system.gotsport.com/org_event/events/55642/schedules?team=4175349,Lord's Gym
CPL,Boys U10 Division 6,Eclipse FC Lil Mambas U10 B,https://system.gotsport.com/org_event/events/55642/schedules?team=4192243,Eclipse FC
CPL,Boys U10 Division 6,Fairfield Optimist Soccer Club Lebanon Warrior Premier B16/17 Maroon,https://system.gotsport.com/org_event/events/55642/schedules?team=4191364,Fairfield Optimist
CPL,Boys U10 Division 7,Invictus SC B2016/17,https://system.gotsport.com/org_event/events/55642/schedules?team=4225656,Invictus SC
CPL,Boys U10 Division 7,Mercury BSC Premier B16/17,https://system.gotsport.com/org_event/events/55642/schedules?team=4099021,Mercury Soccer
CPL,Boys U10 Division 7,Kings Hammer Cincinnati Sycamore BU10 Black,https://system.gotsport.com/org_event/events/55642/schedules?team=4155874,Kings Hammer
CPL,Boys U10 Division 7,FC Storm BU10 Loveland Black,https://system.gotsport.com/org_event/events/55642/schedules?team=4161866,ISC Storm Soccer Club
CPL,Boys U10 Division 7,Campbell Soccer Club U10B Lobaugh,https://system.gotsport.com/org_event/events/55642/schedules?team=4175310,Campbell Soccer Club
CPL,Boys U10 Division 7,Fusion FC NKY BU10 Black,https://system.gotsport.com/org_event/events/55642/schedules?team=4183655,Fusion FC
CPL,Boys U10 Division 7,Independence SC U10B Lightning,https://system.gotsport.com/org_event/events/55642/schedules?team=4186782,Independence Soccer Club
CPL,Boys U10 Division 7,Cincy SC B16-17 White,https://system.gotsport.com/org_event/events/55642/schedules?team=4189751,Cincy SC
CPL,Boys U10 Division 7,Cincinnati United Soccer Club BU10 South Flamengo,https://system.gotsport.com/org_event/events/55642/schedules?team=4192119,Cincinnati United
CPL,Boys U10 Division 7,Mercury B2016/17 West,https://system.gotsport.com/org_event/events/55642/schedules?team=4191784,Mercury Soccer
CPL,Boys U10 Division 8,Lawrenceburg Greendale Soccer Club Tiger Fury,https://system.gotsport.com/org_event/events/55642/schedules?team=4119688,Lawrenceburg Greendale Soccer Club
CPL,Boys U10 Division 8,NKY Gunners Athletic Club B16/17,https://system.gotsport.com/org_event/events/55642/schedules?team=4122542,NKY Gunners
CPL,Boys U10 Division 8,Cincinnati West BU10 Academy Red,https://system.gotsport.com/org_event/events/55642/schedules?team=4137777,Cincinnati West Soccer Club
CPL,Boys U10 Division 8,FC Storm BU10 IH White,https://system.gotsport.com/org_event/events/55642/schedules?team=4161073,ISC Storm Soccer Club
CPL,Boys U10 Division 8,Independence SC U10B Schawe,https://system.gotsport.com/org_event/events/55642/schedules?team=4186629,Independence Soccer Club
CPL,Boys U10 Division 8,Alliance Cincinnati SC Boys U10 Blue Academy,https://system.gotsport.com/org_event/events/55642/schedules?team=4192244,Alliance Community Soccer Club
CPL,Boys U10 Division 8,Monroe Premier FC U10B,https://system.gotsport.com/org_event/events/55642/schedules?team=4228189,Monroe Premier FC
CPL,Boys U10 Division 8,On Goal Passion FC 2016/2017B Gray,https://system.gotsport.com/org_event/events/55642/schedules?team=4169964,On Goal
CPL,Boys U10 Division 8,Oak Hills Youth Athletics Premier Boys U10 Black,https://system.gotsport.com/org_event/events/55642/schedules?team=4190623,Oak Hills
CPL,Boys U10 Division 9,Kolping SC B35 Black,https://system.gotsport.com/org_event/events/55642/schedules?team=4191248,Kolping
CPL,Boys U10 Division 9,Lakota FC B16/17 White,https://system.gotsport.com/org_event/events/55642/schedules?team=4152172,Lakota FC
CPL,Boys U10 Division 9,Kings Hammer Cincinnati Warren County BU10 Black,https://system.gotsport.com/org_event/events/55642/schedules?team=4155994,Kings Hammer
CPL,Boys U10 Division 9,Ohio United FC B16/17 Academy,https://system.gotsport.com/org_event/events/55642/schedules?team=4192769,Ohio United FC
CPL,Boys U10 Division 9,Total Ginga Academy U10B (KY),https://system.gotsport.com/org_event/events/55642/schedules?team=4159492,Total Ginga
CPL,Boys U10 Division 9,Kings Hammer Cincinnati NKY BU10 White,https://system.gotsport.com/org_event/events/55642/schedules?team=4120397,Kings Hammer
CPL,Boys U10 Division 9,Impact GFC Valhalla FC BU10 Blue,https://system.gotsport.com/org_event/events/55642/schedules?team=4192802,Impact GFC
CPL,Boys U10 Division 9,STAR Rush Cincinnati BU10 White,https://system.gotsport.com/org_event/events/55642/schedules?team=4190601,STAR SC
CPL,Boys U10 Division 10,Lawrenceburg Greendale Soccer Club Predators,https://system.gotsport.com/org_event/events/55642/schedules?team=4111078,Lawrenceburg Greendale Soccer Club
CPL,Boys U10 Division 10,Kings Hammer Cincinnati NKY BU10 Teal,https://system.gotsport.com/org_event/events/55642/schedules?team=4120407,Kings Hammer
CPL,Boys U10 Division 10,Little Miami FC U10 Boys Gold,https://system.gotsport.com/org_event/events/55642/schedules?team=4134632,Little Miami FC
CPL,Boys U10 Division 10,Elevate FC BU10 Blue,https://system.gotsport.com/org_event/events/55642/schedules?team=4137913,Elevate FC
CPL,Boys U10 Division 10,Lakota FC B16/17 Silver,https://system.gotsport.com/org_event/events/55642/schedules?team=4152197,Lakota FC
CPL,Boys U10 Division 10,Taylor Creek Youth Organization TCFC Hotshots B2017,https://system.gotsport.com/org_event/events/55642/schedules?team=4194749,Taylor Creek
CPL,Boys U10 Division 10,Oak Hills Youth Athletics Premier Boys U10 Red,https://system.gotsport.com/org_event/events/55642/schedules?team=4190641,Oak Hills
CPL,Boys U10 Division 10,Fairfield Optimist Soccer Club B16/17 Black,https://system.gotsport.com/org_event/events/55642/schedules?team=4191115,Fairfield Optimist
CPL,Boys U10 Division 10,Oxford United FC B2016/2017,https://system.gotsport.com/org_event/events/55642/schedules?team=4189077,Oxford United FC
CPL,Boys U11 Division 1,Lakota FC B16/17 Black,https://system.gotsport.com/org_event/events/55642/schedules?team=4090989,Lakota FC
CPL,Boys U11 Division 1,Cincinnati United Soccer Club BU10 North LM Aston Villa,https://system.gotsport.com/org_event/events/55642/schedules?team=4159796,Cincinnati United
CPL,Boys U11 Division 1,Cincinnati United Soccer Club BU11 North Elite 2,https://system.gotsport.com/org_event/events/55642/schedules?team=4159804,Cincinnati United
CPL,Boys U11 Division 1,Forest Hills FC Blue,https://system.gotsport.com/org_event/events/55642/schedules?team=4189319,Forest Hills FC
CPL,Boys U11 Division 1,Impact GFC Valhalla FC BU11 Blue,https://system.gotsport.com/org_event/events/55642/schedules?team=4192808,Impact GFC
CPL,Boys U11 Division 1,Kolping SC B34 Orange,https://system.gotsport.com/org_event/events/55642/schedules?team=4191256,Kolping
CPL,Boys U11 Division 2,Real Soccer FC B2016,https://system.gotsport.com/org_event/events/55642/schedules?team=4255996,Real Soccer FC
CPL,Boys U11 Division 2,LSO United B2015/16,https://system.gotsport.com/org_event/events/55642/schedules?team=4139558,LSO United
CPL,Boys U11 Division 2,Campbell Soccer Club U11B Ireland,https://system.gotsport.com/org_event/events/55642/schedules?team=4175410,Campbell Soccer Club
CPL,Boys U11 Division 2,Cincy SC B16-17 Premier,https://system.gotsport.com/org_event/events/55642/schedules?team=4178370,Cincy SC
CPL,Boys U11 Division 2,Fusion FC NKY BU11 Green,https://system.gotsport.com/org_event/events/55642/schedules?team=4183765,Fusion FC
CPL,Boys U11 Division 2,Cincy SC B15-16 Gray,https://system.gotsport.com/org_event/events/55642/schedules?team=4189767,Cincy SC
CPL,Boys U11 Division 2,Eclipse FC East Premier,https://system.gotsport.com/org_event/events/55642/schedules?team=4189976,Eclipse FC
CPL,Boys U11 Division 2,Cincinnati United Soccer Club BU11 South Yellow,https://system.gotsport.com/org_event/events/55642/schedules?team=4192126,Cincinnati United
CPL,Boys U11 Division 2,Kolping SC B34 Black,https://system.gotsport.com/org_event/events/55642/schedules?team=4191263,Kolping
CPL,Boys U11 Division 3,Madeira FC B2016 Blue,https://system.gotsport.com/org_event/events/55642/schedules?team=4101855,Madeira FC
CPL,Boys U11 Division 3,Lakota FC B16/17 Red,https://system.gotsport.com/org_event/events/55642/schedules?team=4131266,Lakota FC
CPL,Boys U11 Division 3,Mercury B2015/16 West,https://system.gotsport.com/org_event/events/55642/schedules?team=4191791,Mercury Soccer
CPL,Boys U11 Division 3,Cincinnati Elite FC BU11 Gold (2015/16),https://system.gotsport.com/org_event/events/55642/schedules?team=4170710,Cincinnati Elite
CPL,Boys U11 Division 3,Cincy SC B15-16 Navy,https://system.gotsport.com/org_event/events/55642/schedules?team=4189771,Cincy SC
CPL,Boys U11 Division 3,Cincy SC B16-17 Elite,https://system.gotsport.com/org_event/events/55642/schedules?team=4178491,Cincy SC
CPL,Boys U11 Division 3,Eclipse FC Lil Mambas,https://system.gotsport.com/org_event/events/55642/schedules?team=4189964,Eclipse FC
CPL,Boys U11 Division 3,STAR Rush Cincinnati BU11 White,https://system.gotsport.com/org_event/events/55642/schedules?team=4190518,STAR SC
CPL,Boys U11 Division 3,Kings Hammer Cincinnati NKY BU11 Red,https://system.gotsport.com/org_event/events/55642/schedules?team=4120413,Kings Hammer
CPL,Boys U11 Division 4,Campbell Soccer Club U11B Fotsch,https://system.gotsport.com/org_event/events/55642/schedules?team=4175355,Campbell Soccer Club
CPL,Boys U11 Division 4,Independence SC U11B Sammons,https://system.gotsport.com/org_event/events/55642/schedules?team=4187777,Independence Soccer Club
CPL,Boys U11 Division 4,Cincinnati United Soccer Club BU11 North Yellow,https://system.gotsport.com/org_event/events/55642/schedules?team=4159808,Cincinnati United
CPL,Boys U11 Division 4,Cincinnati United BU11 South Green,https://system.gotsport.com/org_event/events/55642/schedules?team=4192136,Cincinnati United
CPL,Boys U11 Division 4,Cincinnati West BU11 Academy Elite,https://system.gotsport.com/org_event/events/55642/schedules?team=4164409,Cincinnati West Soccer Club
CPL,Boys U11 Division 4,Cincy SC B15-16 Orange,https://system.gotsport.com/org_event/events/55642/schedules?team=4189777,Cincy SC
CPL,Boys U11 Division 4,On Goal Passion FC 2015/2016B Gray,https://system.gotsport.com/org_event/events/55642/schedules?team=4139040,On Goal
CPL,Boys U11 Division 4,Lawrenceburg Greendale Soccer Club Lockdown,https://system.gotsport.com/org_event/events/55642/schedules?team=4125736,Lawrenceburg Greendale Soccer Club
CPL,Boys U11 Division 4,Lakota FC B15/16 Gray,https://system.gotsport.com/org_event/events/55642/schedules?team=4074845,Lakota FC
CPL,Boys U11 Division 5,Fairfield Optimist B15/16 Elite,https://system.gotsport.com/org_event/events/55642/schedules?team=4191098,Fairfield Optimist
CPL,Boys U11 Division 5,Cincy SC B15-16 White,https://system.gotsport.com/org_event/events/55642/schedules?team=4189779,Cincy SC
CPL,Boys U11 Division 5,Fusion FC NKY BU11 Black,https://system.gotsport.com/org_event/events/55642/schedules?team=4183743,Fusion FC
CPL,Boys U11 Division 5,Independence SC U11B Hawks,https://system.gotsport.com/org_event/events/55642/schedules?team=4187765,Independence Soccer Club
CPL,Boys U11 Division 5,Kings Hammer NKY BU11 Black,https://system.gotsport.com/org_event/events/55642/schedules?team=4120432,Kings Hammer
CPL,Boys U11 Division 5,Kings Hammer Sycamore BU11 Green,https://system.gotsport.com/org_event/events/55642/schedules?team=4155883,Kings Hammer
CPL,Boys U11 Division 5,Little Miami FC U11 Boys Elite,https://system.gotsport.com/org_event/events/55642/schedules?team=4134633,Little Miami FC
CPL,Boys U11 Division 6,Forest Hills FC B2016 Kuhn,https://system.gotsport.com/org_event/events/55642/schedules?team=4192448,Forest Hills FC
CPL,Boys U11 Division 6,Inner Cincinnati SA U11,https://system.gotsport.com/org_event/events/55642/schedules?team=4175017,Inner Cincinnati
CPL,Boys U11 Division 6,NWC Alliance 2034 Boys Premier 2,https://system.gotsport.com/org_event/events/55642/schedules?team=4100162,NWC Alliance
CPL,Boys U11 Division 6,Cincinnati United BU11 South White,https://system.gotsport.com/org_event/events/55642/schedules?team=4192138,Cincinnati United
CPL,Boys U11 Division 6,Cincinnati United BU11 WEST YELLOW,https://system.gotsport.com/org_event/events/55642/schedules?team=4205213,Cincinnati United
CPL,Boys U11 Division 6,FC Storm BU11 Orange,https://system.gotsport.com/org_event/events/55642/schedules?team=4166629,FC Storm
CPL,Boys U11 Division 6,Madeira FC B2016 White,https://system.gotsport.com/org_event/events/55642/schedules?team=4180651,Madeira FC
CPL,Boys U11 Division 7,Manu Ledesma Academy,https://system.gotsport.com/org_event/events/55642/schedules?team=4085669,Manu Ledesma
CPL,Boys U11 Division 7,Cincinnati West BU11 Academy Red,https://system.gotsport.com/org_event/events/55642/schedules?team=4138020,Cincinnati West Soccer Club
CPL,Boys U11 Division 7,Oxford United FC B2015/2016,https://system.gotsport.com/org_event/events/55642/schedules?team=4189074,Oxford United FC
CPL,Boys U11 Division 7,Alliance Cincinnati SC Boys U11 Academy,https://system.gotsport.com/org_event/events/55642/schedules?team=4192284,Alliance Community Soccer Club
CPL,Boys U11 Division 7,Butler Fury Youth Soccer Club Boys 2015/2016,https://system.gotsport.com/org_event/events/55642/schedules?team=4135613,Butler Fury
CPL,Boys U11 Division 7,Elevate FC BU11 Blue,https://system.gotsport.com/org_event/events/55642/schedules?team=4158174,Elevate FC
CPL,Boys U11 Division 7,FC Dayton U11 Boys Navy,https://system.gotsport.com/org_event/events/55642/schedules?team=4172229,FC Dayton
CPL,Boys U11 Division 7,Fairfield Optimist Lebanon Warrior Premier B15/16 White,https://system.gotsport.com/org_event/events/55642/schedules?team=4191373,Fairfield Optimist
CPL,Boys U11 Division 8,Campbell Soccer Club U11B Kramer,https://system.gotsport.com/org_event/events/55642/schedules?team=4175423,Campbell Soccer Club
CPL,Boys U11 Division 8,Edgewood Premier FC U11 Boys,https://system.gotsport.com/org_event/events/55642/schedules?team=4192127,Edgewood Premier
CPL,Boys U11 Division 8,Franklin Premier FC U11 Boys,https://system.gotsport.com/org_event/events/55642/schedules?team=4182689,Franklin Youth
CPL,Boys U11 Division 8,Northwest Cincy Soccer Coalition B15/16,https://system.gotsport.com/org_event/events/55642/schedules?team=4190391,Northwest Cincy Soccer Coalition
CPL,Boys U11 Division 8,Ohio United FC B15/16 Academy,https://system.gotsport.com/org_event/events/55642/schedules?team=4192754,Ohio United FC
CPL,Boys U11 Division 8,On Goal Passion FC 2015/2016B Blue,https://system.gotsport.com/org_event/events/55642/schedules?team=4169953,On Goal
CPL,Boys U11 Division 8,STAR Rush BU11 Grey,https://system.gotsport.com/org_event/events/55642/schedules?team=4190532,STAR SC
CPL,Boys U11 Division 8,Total Futbol Academy B2015-16 Premier,https://system.gotsport.com/org_event/events/55642/schedules?team=4185647,Total Futbol Academy
CPL,Boys U12 Division 1,Cincinnati United BU12 South Yellow,https://system.gotsport.com/org_event/events/55642/schedules?team=4192148,Cincinnati United
CPL,Boys U12 Division 1,Real Soccer FC B2015,https://system.gotsport.com/org_event/events/55642/schedules?team=4253095,Real Soccer FC
CPL,Boys U12 Division 1,Kings Hammer Sycamore BU12 Green,https://system.gotsport.com/org_event/events/55642/schedules?team=4155891,Kings Hammer
CPL,Boys U12 Division 1,LSO United B2014/15,https://system.gotsport.com/org_event/events/55642/schedules?team=4113415,LSO United
CPL,Boys U12 Division 1,Total Futbol Academy Pre-ECNL B2014-15 Elite 2,https://system.gotsport.com/org_event/events/55642/schedules?team=4185650,Total Futbol Academy
CPL,Boys U12 Division 1,Total Futbol Academy Pre-ECNL B2015-16 Elite,https://system.gotsport.com/org_event/events/55642/schedules?team=4142329,Total Futbol Academy
CPL,Boys U12 Division 2,Cincinnati United BU12 South Green,https://system.gotsport.com/org_event/events/55642/schedules?team=4192158,Cincinnati United
CPL,Boys U12 Division 2,Inner Cincinnati SA U12,https://system.gotsport.com/org_event/events/55642/schedules?team=4174968,Inner Cincinnati
CPL,Boys U12 Division 2,Kolping SC B33 Orange,https://system.gotsport.com/org_event/events/55642/schedules?team=4191278,Kolping
CPL,Boys U12 Division 2,Lawrenceburg Greendale Soccer Club Tigers Black,https://system.gotsport.com/org_event/events/55642/schedules?team=4130594,Lawrenceburg Greendale Soccer Club
CPL,Boys U12 Division 2,Kings Hammer NKY BU12 Red,https://system.gotsport.com/org_event/events/55642/schedules?team=4138179,Kings Hammer
CPL,Boys U12 Division 2,Cincinnati West BU12 Academy Elite,https://system.gotsport.com/org_event/events/55642/schedules?team=4138079,Cincinnati West Soccer Club
CPL,Boys U12 Division 3,Cincinnati Grand Futbol Boys (U12),https://system.gotsport.com/org_event/events/55642/schedules?team=4190364,Cincinnati Grand
CPL,Boys U12 Division 3,Cincy SC B14-15 Navy,https://system.gotsport.com/org_event/events/55642/schedules?team=4144626,Cincy SC
CPL,Boys U12 Division 3,Alliance Cincinnati SC Boys U12 Academy Gold,https://system.gotsport.com/org_event/events/55642/schedules?team=4192290,Alliance Community Soccer Club
CPL,Boys U12 Division 3,Madeira FC B2015 Blue,https://system.gotsport.com/org_event/events/55642/schedules?team=4113374,Madeira FC
CPL,Boys U12 Division 3,Mercury BSC Premier B14/15,https://system.gotsport.com/org_event/events/55642/schedules?team=4099057,Mercury Soccer
CPL,Boys U12 Division 3,Lakota FC B14/15 Gray,https://system.gotsport.com/org_event/events/55642/schedules?team=4181972,Lakota FC
CPL,Boys U12 Division 3,Oxford United FC B 2014/2015,https://system.gotsport.com/org_event/events/55642/schedules?team=4189061,Oxford United FC
CPL,Boys U12 Division 3,Cincinnati Elite FC BU12 Gold (2015/16),https://system.gotsport.com/org_event/events/55642/schedules?team=4170764,Cincinnati Elite
CPL,Boys U12 Division 3,Mercury B2014/15 west 1,https://system.gotsport.com/org_event/events/55642/schedules?team=4326178,Mercury Soccer
CPL,Boys U12 Division 4,Cincinnati United BU12 North Yellow,https://system.gotsport.com/org_event/events/55642/schedules?team=4159985,Cincinnati United
CPL,Boys U12 Division 4,Cincinnati United BU12 WEST YELLOW,https://system.gotsport.com/org_event/events/55642/schedules?team=4205234,Cincinnati United
CPL,Boys U12 Division 4,Independence SC U12B Green Hornets,https://system.gotsport.com/org_event/events/55642/schedules?team=4187804,Independence Soccer Club
CPL,Boys U12 Division 4,Mercury BSC Premier B15/16,https://system.gotsport.com/org_event/events/55642/schedules?team=4099034,Mercury Soccer
CPL,Boys U12 Division 4,Monroe Premier FC U12B,https://system.gotsport.com/org_event/events/55642/schedules?team=4107089,Monroe Premier
CPL,Boys U12 Division 4,Oak Hills Premier Boys U12,https://system.gotsport.com/org_event/events/55642/schedules?team=4190678,Oak Hills
CPL,Boys U12 Division 4,Total Futbol Academy B2014-15 Premier,https://system.gotsport.com/org_event/events/55642/schedules?team=4185651,Total Futbol Academy
CPL,Boys U12 Division 4,Total Ginga Academy U12B (KY),https://system.gotsport.com/org_event/events/55642/schedules?team=4159685,Total Ginga
CPL,Boys U12 Division 4,Kings Hammer NKY BU12 Black,https://system.gotsport.com/org_event/events/55642/schedules?team=4138202,Kings Hammer
CPL,Boys U12 Division 5,Cincinnati United BU12 North Green,https://system.gotsport.com/org_event/events/55642/schedules?team=4159989,Cincinnati United
CPL,Boys U12 Division 5,Cincy SC B14-15 Orange,https://system.gotsport.com/org_event/events/55642/schedules?team=4144569,Cincy SC
CPL,Boys U12 Division 5,Elevate FC BU12 Blue1,https://system.gotsport.com/org_event/events/55642/schedules?team=4158284,Elevate FC
CPL,Boys U12 Division 5,Kings Hammer Warren County BU12 Black,https://system.gotsport.com/org_event/events/55642/schedules?team=4156383,Kings Hammer
CPL,Boys U12 Division 5,Mercury B2014/15 West 2,https://system.gotsport.com/org_event/events/55642/schedules?team=4191809,Mercury Soccer
CPL,Boys U12 Division 5,STAR Rush BU12 White,https://system.gotsport.com/org_event/events/55642/schedules?team=4190507,STAR SC
CPL,Boys U12 Division 5,Kings Hammer NKY BU12 Gray,https://system.gotsport.com/org_event/events/55642/schedules?team=4138214,Kings Hammer
CPL,Boys U12 Division 5,FC Dayton U12 Boys Navy,https://system.gotsport.com/org_event/events/55642/schedules?team=4172248,FC Dayton
CPL,Boys U12 Division 5,Campbell Soccer Club U12B IAdkins,https://system.gotsport.com/org_event/events/55642/schedules?team=4175476,Campbell Soccer Club
CPL,Boys U12 Division 6,Taylor Creek TCFC Red Bulls B2015,https://system.gotsport.com/org_event/events/55642/schedules?team=4193970,Taylor Creek
CPL,Boys U12 Division 6,On Goal Passion FC 2014/2015B Gray,https://system.gotsport.com/org_event/events/55642/schedules?team=4139006,On Goal
CPL,Boys U12 Division 6,Campbell Soccer Club U12B CAdkins,https://system.gotsport.com/org_event/events/55642/schedules?team=4175462,Campbell Soccer Club
CPL,Boys U12 Division 6,Fusion FC NKY BU12 Black,https://system.gotsport.com/org_event/events/55642/schedules?team=4183857,Fusion FC
CPL,Boys U12 Division 6,Cincinnati Elite FC BU12 Premier (2014/15),https://system.gotsport.com/org_event/events/55642/schedules?team=4170755,Cincinnati Elite
CPL,Boys U12 Division 6,Lakota FC B14/15 White,https://system.gotsport.com/org_event/events/55642/schedules?team=4101454,Lakota FC
CPL,Boys U12 Division 6,Mercury SJB Premier B15 Blue Jays,https://system.gotsport.com/org_event/events/55642/schedules?team=4073186,Mercury Soccer
CPL,Boys U12 Division 6,NWC Alliance 2033 Boys Premier,https://system.gotsport.com/org_event/events/55642/schedules?team=4098642,NWC Alliance
CPL,Boys U12 Division 6,Northwest Cincy Soccer Coalition B14/15 Strike,https://system.gotsport.com/org_event/events/55642/schedules?team=4192253,Northwest Cincy Soccer Coalition
CPL,Boys U12 Division 7,Bellbrook Soccer Association Ohio Fusion SC BU12 Black,https://system.gotsport.com/org_event/events/55642/schedules?team=4187415,Bellbrook Soccer
CPL,Boys U12 Division 7,Campbell Soccer Club U12B Kafel,https://system.gotsport.com/org_event/events/55642/schedules?team=4175486,Campbell Soccer Club
CPL,Boys U12 Division 7,Elevate FC U12 Blue2,https://system.gotsport.com/org_event/events/55642/schedules?team=4158184,Elevate FC
CPL,Boys U12 Division 7,FC Storm BU12 White,https://system.gotsport.com/org_event/events/55642/schedules?team=4166658,FC Storm
CPL,Boys U12 Division 7,Fairfield Optimist B14/15 Premier,https://system.gotsport.com/org_event/events/55642/schedules?team=4191091,Fairfield Optimist
CPL,Boys U12 Division 7,Fairfield Optimist Lebanon Warrior Premier B14/15,https://system.gotsport.com/org_event/events/55642/schedules?team=4192195,Fairfield Optimist
CPL,Boys U12 Division 7,Kings Hammer NKY BU12 White,https://system.gotsport.com/org_event/events/55642/schedules?team=4138233,Kings Hammer
CPL,Boys U12 Division 7,Kolping SC B33 Black,https://system.gotsport.com/org_event/events/55642/schedules?team=4191283,Kolping
CPL,Boys U12 Division 7,Ohio United FC B14/15 Academy,https://system.gotsport.com/org_event/events/55642/schedules?team=4192783,Ohio United FC
CPL,Boys U13 Division 1,Monroe Premier FC U13B,https://system.gotsport.com/org_event/events/55642/schedules?team=4072437,Monroe Premier
CPL,Boys U13 Division 1,Oak Hills Premier Boys U13 Black,https://system.gotsport.com/org_event/events/55642/schedules?team=4190722,Oak Hills
CPL,Boys U13 Division 1,Kings Hammer NKY BU13 Black,https://system.gotsport.com/org_event/events/55642/schedules?team=4181099,Kings Hammer
CPL,Boys U13 Division 1,Lakota FC B13/14 Gray,https://system.gotsport.com/org_event/events/55642/schedules?team=4183523,Lakota FC
CPL,Boys U13 Division 1,Cincinnati United BU14 South Green,https://system.gotsport.com/org_event/events/55642/schedules?team=4192180,Cincinnati United
CPL,Boys U13 Division 2,Cincinnati Elite FC BU13 Gold (2013/14),https://system.gotsport.com/org_event/events/55642/schedules?team=4170783,Cincinnati Elite
CPL,Boys U13 Division 2,Cincinnati United BU13 North Yellow,https://system.gotsport.com/org_event/events/55642/schedules?team=4160014,Cincinnati United
CPL,Boys U13 Division 2,Cincinnati United CUSC BU13 South Green,https://system.gotsport.com/org_event/events/55642/schedules?team=4192171,Cincinnati United
CPL,Boys U13 Division 2,Oxford United B2013/2014,https://system.gotsport.com/org_event/events/55642/schedules?team=4189056,Oxford United
CPL,Boys U13 Division 2,FC Storm BU13 Orange,https://system.gotsport.com/org_event/events/55642/schedules?team=4166685,ISC Storm Soccer Club
CPL,Boys U13 Division 3,Kolping SC B32 Black,https://system.gotsport.com/org_event/events/55642/schedules?team=4191288,Kolping
CPL,Boys U13 Division 3,Forest Hills FC Fútbol Club,https://system.gotsport.com/org_event/events/55642/schedules?team=4189332,Forest Hills FC
CPL,Boys U13 Division 3,STAR Rush Cincinnati BU13 White,https://system.gotsport.com/org_event/events/55642/schedules?team=4190499,STAR SC
CPL,Boys U13 Division 3,Cincy SC B13-14 Navy,https://system.gotsport.com/org_event/events/55642/schedules?team=4144393,Cincy SC
CPL,Boys U13 Division 3,Northwest Cincy Soccer Coalition B13/14,https://system.gotsport.com/org_event/events/55642/schedules?team=4192340,Northwest Cincy Soccer Coalition
CPL,Boys U13 Division 4,Fairfield Optimist B13/14 Premier,https://system.gotsport.com/org_event/events/55642/schedules?team=4191088,Fairfield Optimist
CPL,Boys U13 Division 4,Fusion FC NKY BU13 White,https://system.gotsport.com/org_event/events/55642/schedules?team=4183999,Fusion FC
CPL,Boys U13 Division 4,Independence SC U13B Warrior FC,https://system.gotsport.com/org_event/events/55642/schedules?team=4187819,Independence Soccer Club
CPL,Boys U13 Division 4,Oak Hills Premier Boys U13 Red,https://system.gotsport.com/org_event/events/55642/schedules?team=4190734,Oak Hills Youth Athletics
CPL,Boys U13 Division 4,Ohio Galaxies FC u13 Boys Red,https://system.gotsport.com/org_event/events/55642/schedules?team=4191118,Ohio Galaxies FC
CPL,Boys U13 Division 4,Bellbrook Soccer Association Ohio Fusion SC BU13 Black,https://system.gotsport.com/org_event/events/55642/schedules?team=4178796,Bellbrook Soccer Association
CPL,Boys U13 Division 4,Cincy SC B13-14 Orange,https://system.gotsport.com/org_event/events/55642/schedules?team=4144380,Cincy SC
CPL,Boys U13 Division 5,On Goal Passion FC 2013/2014B Blue,https://system.gotsport.com/org_event/events/55642/schedules?team=4147942,Passion FC
CPL,Boys U13 Division 5,Bellbrook Soccer Association Ohio Fusion SC BU13 White,https://system.gotsport.com/org_event/events/55642/schedules?team=4156677,Bellbrook Soccer Association
CPL,Boys U13 Division 5,Alliance Cincinnati SC Boys U13 Academy,https://system.gotsport.com/org_event/events/55642/schedules?team=4192298,Alliance Community Soccer Club
CPL,Boys U13 Division 5,Lawrenceburg Greendale Soccer Club GMS TIGERS,https://system.gotsport.com/org_event/events/55642/schedules?team=4224116,Lawrenceburg Greendale Soccer Club
CPL,Boys U13 Division 5,Waynesville FC U13B,https://system.gotsport.com/org_event/events/55642/schedules?team=4189968,Waynesville FC
CPL,Boys U13 Division 5,Edgewood Premier FC U13 Boys,https://system.gotsport.com/org_event/events/55642/schedules?team=4192105,Edgewood Premier FC
CPL,Boys U14 Division 1,Fairfield Optimist B12/13 Premier,https://system.gotsport.com/org_event/events/55642/schedules?team=4192271,Fairfield Optimist
CPL,Boys U14 Division 1,Independence SC U14B Green Fury,https://system.gotsport.com/org_event/events/55642/schedules?team=4187903,Independence Soccer Club
CPL,Boys U14 Division 1,Kolping SC B31 Orange,https://system.gotsport.com/org_event/events/55642/schedules?team=4191308,Kolping
CPL,Boys U14 Division 1,Total Ginga Academy U14B (KY),https://system.gotsport.com/org_event/events/55642/schedules?team=4159707,Total Ginga
CPL,Boys U14 Division 1,Oak Hills Premier Boys U14,https://system.gotsport.com/org_event/events/55642/schedules?team=4190748,Oak Hills Youth Athletics
CPL,Boys U14 Division 2,Butler Fury Youth Soccer Club Boys U14 Red,https://system.gotsport.com/org_event/events/55642/schedules?team=4158828,Butler Fury Soccer Club
CPL,Boys U14 Division 2,Cincinnati United CUSC BU14 North Yellow,https://system.gotsport.com/org_event/events/55642/schedules?team=4160015,Cincinnati United
CPL,Boys U14 Division 2,Cincinnati West BU14 Academy Red,https://system.gotsport.com/org_event/events/55642/schedules?team=4138050,Cincinnati West Soccer Club
CPL,Boys U14 Division 2,Cincy SC B12-13 Navy,https://system.gotsport.com/org_event/events/55642/schedules?team=4144360,Cincy SC
CPL,Boys U14 Division 2,Lakota FC B12/13 Gray,https://system.gotsport.com/org_event/events/55642/schedules?team=4181994,Lakota FC
CPL,Boys U14 DIVISION 3,LSO United B2012/13,https://system.gotsport.com/org_event/events/55642/schedules?team=4200394,LSO United
CPL,Boys U14 DIVISION 3,Northwest Cincy Soccer Coalition B12/13,https://system.gotsport.com/org_event/events/55642/schedules?team=4192336,Northwest Cincy Soccer Coalition
CPL,Boys U14 DIVISION 3,Campbell Soccer Club U14B Ewald,https://system.gotsport.com/org_event/events/55642/schedules?team=4175558,Campbell Soccer Club
CPL,Boys U14 DIVISION 3,Campbell Soccer Club U14B McGrath,https://system.gotsport.com/org_event/events/55642/schedules?team=4175543,Campbell Soccer Club
CPL,Boys U14 DIVISION 3,Cincinnati United CUSC BU14 WEST YELLOW,https://system.gotsport.com/org_event/events/55642/schedules?team=4205267,Cincinnati United
CPL,Boys U14 DIVISION 3,Eclipse FC Firehawks,https://system.gotsport.com/org_event/events/55642/schedules?team=4188371,Eclipse FC
CPL,Boys U14 DIVISION 3,STAR Rush Cincinnati BU14 White,https://system.gotsport.com/org_event/events/55642/schedules?team=4190476,STAR SC
CPL,Boys U14 Division 4,Alliance Cincinnati SC Boys U14 Academy,https://system.gotsport.com/org_event/events/55642/schedules?team=4192309,Alliance Community Soccer Club
CPL,Boys U14 Division 4,Kolping SC B31 Black,https://system.gotsport.com/org_event/events/55642/schedules?team=4191312,Kolping
CPL,Boys U14 Division 4,Little Miami FC U14 Boys Gold,https://system.gotsport.com/org_event/events/55642/schedules?team=4134634,Little Miami FC
CPL,Boys U14 Division 4,Monroe Premier FC U14 Boys Navy,https://system.gotsport.com/org_event/events/55642/schedules?team=4154503,Monroe Premier FC
CPL,Boys U14 Division 4,NWC Alliance 2031 Boys Premier,https://system.gotsport.com/org_event/events/55642/schedules?team=4095354,NWC Alliance Soccer Club
CPL,Boys U14 Division 4,Independence SC U14B Pumas,https://system.gotsport.com/org_event/events/55642/schedules?team=4321612,Independence Soccer Club
CPL,Boys U15/16 Division 1,Butler Fury - U16 Boys,https://system.gotsport.com/org_event/events/55642/schedules?team=4158822,Butler Fury Soccer Club
CPL,Boys U15/16 Division 1,Fairfield Optimist Lebanon Warrior Premier B12/13,https://system.gotsport.com/org_event/events/55642/schedules?team=4191409,Fairfield Optimist
CPL,Boys U15/16 Division 1,Lawrenceburg Greendale Soccer Club GMS,https://system.gotsport.com/org_event/events/55642/schedules?team=4224048,Lawrenceburg Greendale Soccer Club
CPL,Boys U15/16 Division 1,FC Storm BU15/16 Orange,https://system.gotsport.com/org_event/events/55642/schedules?team=4329590,ISC Storm Soccer Club
CPL,Boys U15/16 Division 1,Taylor Creek TCFC B2012 Red,https://system.gotsport.com/org_event/events/55642/schedules?team=4193032,Taylor Creek Youth Organization
CPL,Girls U8 Division 1,Cincinnati West GU7/U8 Academy Elite,https://system.gotsport.com/org_event/events/55642/schedules?team=4139215,Cincinnati West Soccer Club
CPL,Girls U8 Division 1,Cincy SC G18-19 Premier,https://system.gotsport.com/org_event/events/55642/schedules?team=4189283,Cincy SC
CPL,Girls U8 Division 1,Kolping SC G37 Orange,https://system.gotsport.com/org_event/events/55642/schedules?team=4191129,Kolping
CPL,Girls U8 Division 1,Oak Hills Premier Girls U8,https://system.gotsport.com/org_event/events/55642/schedules?team=4190805,Oak Hills Youth Athletics
CPL,Girls U8 Division 1,Mercury G2018/19 7v7,https://system.gotsport.com/org_event/events/55642/schedules?team=4191558,Mercury Soccer
CPL,Girls U9 Division 1,Mercury G2017/18 Pre ECNL 1,https://system.gotsport.com/org_event/events/55642/schedules?team=4191084,Mercury Soccer
CPL,Girls U9 Division 1,Lakota FC G17/18 Black,https://system.gotsport.com/org_event/events/55642/schedules?team=4138342,Lakota FC
CPL,Girls U9 Division 1,Cincinnati United CUSC GU9 North SM Aston Villa,https://system.gotsport.com/org_event/events/55642/schedules?team=4160021,Cincinnati United
CPL,Girls U9 Division 1,Cincinnati United CUSC GU9 South Angel City,https://system.gotsport.com/org_event/events/55642/schedules?team=4191945,Cincinnati United
CPL,Girls U9 Division 1,Cincy SC G17-18 Premier,https://system.gotsport.com/org_event/events/55642/schedules?team=4189190,Cincy SC
CPL,Girls U9 Division 1,Kings Hammer Cincinnati NKY GU9 Red,https://system.gotsport.com/org_event/events/55642/schedules?team=4122822,Kings Hammer
CPL,Girls U9 Division 2,Fairfield Optimist G17/18 Elite,https://system.gotsport.com/org_event/events/55642/schedules?team=4191055,Fairfield Optimist
CPL,Girls U9 Division 2,Little Miami FC U9 Girls Elite,https://system.gotsport.com/org_event/events/55642/schedules?team=4134392,Little Miami FC
CPL,Girls U9 Division 2,Cincinnati United CUSC GU9 North LM Arsenal,https://system.gotsport.com/org_event/events/55642/schedules?team=4160038,Cincinnati United
CPL,Girls U9 Division 2,FC Storm GU9 Loveland Orange,https://system.gotsport.com/org_event/events/55642/schedules?team=4161062,ISC Storm Soccer Club
CPL,Girls U9 Division 2,Cincinnati United CUSC GU9 South Bay FC,https://system.gotsport.com/org_event/events/55642/schedules?team=4191963,Cincinnati United
CPL,Girls U9 Division 2,Total Futbol Academy Pre-ECNL G2017-18 Elite 2,https://system.gotsport.com/org_event/events/55642/schedules?team=4168797,Total Futbol Academy
CPL,Girls U9 Division 2,NWC Alliance 2036 Girls Elite,https://system.gotsport.com/org_event/events/55642/schedules?team=4102916,NWC Alliance Soccer Club
CPL,Girls U9 Division 3,Impact GFC GU9 Blue,https://system.gotsport.com/org_event/events/55642/schedules?team=4191097,Impact GFC
CPL,Girls U9 Division 3,FC Dayton U9 Girls Elite,https://system.gotsport.com/org_event/events/55642/schedules?team=4171629,FC Dayton
CPL,Girls U9 Division 3,Cincy SC G17-18 Elite,https://system.gotsport.com/org_event/events/55642/schedules?team=4189197,Cincy SC
CPL,Girls U9 Division 3,Mercury G2017/18 West,https://system.gotsport.com/org_event/events/55642/schedules?team=4191242,Mercury Soccer
CPL,Girls U9 Division 3,Mercury G2017/18 North,https://system.gotsport.com/org_event/events/55642/schedules?team=4191096,Mercury Soccer
CPL,Girls U9 Division 3,Kolping SC G36 Orange,https://system.gotsport.com/org_event/events/55642/schedules?team=4191140,Kolping
CPL,Girls U9 Division 4,Kings Hammer Cincinnati NKY GU9 Black,https://system.gotsport.com/org_event/events/55642/schedules?team=4122834,Kings Hammer
CPL,Girls U9 Division 4,Campbell Soccer Club U9G Noll,https://system.gotsport.com/org_event/events/55642/schedules?team=4175218,Campbell Soccer Club
CPL,Girls U9 Division 4,Cincinnati United CUSC GU9 South Courage,https://system.gotsport.com/org_event/events/55642/schedules?team=4191971,Cincinnati United
CPL,Girls U9 Division 4,Kings Hammer Cincinnati Sycamore GU9 Green,https://system.gotsport.com/org_event/events/55642/schedules?team=4155972,Kings Hammer
CPL,Girls U9 Division 4,Cincinnati West GU9 Academy Elite,https://system.gotsport.com/org_event/events/55642/schedules?team=4139188,Cincinnati West Soccer Club
CPL,Girls U9 Division 4,FC Storm GU9 Loveland White,https://system.gotsport.com/org_event/events/55642/schedules?team=4161065,ISC Storm Soccer Club
CPL,Girls U9 Division 4,Cincinnati United CUSC GU9 North LM Brighton,https://system.gotsport.com/org_event/events/55642/schedules?team=4160043,Cincinnati United
CPL,Girls U9 Division 5,NWC Alliance 2036 Girls Premier,https://system.gotsport.com/org_event/events/55642/schedules?team=4102927,NWC Alliance Soccer Club
CPL,Girls U9 Division 5,Cincinnati Elite FC GU09 Elite (2017/18),https://system.gotsport.com/org_event/events/55642/schedules?team=4171820,Cincinnati Elite
CPL,Girls U9 Division 5,Lakota FC G17/18 Red,https://system.gotsport.com/org_event/events/55642/schedules?team=4200135,Lakota FC
CPL,Girls U9 Division 5,Fairfield Optimist Lebanon Warrior Premier G17/18 Maroon,https://system.gotsport.com/org_event/events/55642/schedules?team=4191299,Fairfield Optimist
CPL,Girls U9 Division 5,Cincy SC G17-18 Orange,https://system.gotsport.com/org_event/events/55642/schedules?team=4189276,Cincy SC
CPL,Girls U9 Division 5,Mercury G2017/18 North 2,https://system.gotsport.com/org_event/events/55642/schedules?team=4156832,Mercury Soccer
CPL,Girls U9 Division 6,Total Futbol Academy G2017-18 Premier,https://system.gotsport.com/org_event/events/55642/schedules?team=4168835,Total Futbol Academy
CPL,Girls U9 Division 6,Mercury BSC Premier G17/18,https://system.gotsport.com/org_event/events/55642/schedules?team=4098965,Mercury Soccer
CPL,Girls U9 Division 6,Invictus SC G2017/18 Green,https://system.gotsport.com/org_event/events/55642/schedules?team=4225774,Invictus SC
CPL,Girls U9 Division 6,Cincinnati United CUSC GU9 North SM Burnley,https://system.gotsport.com/org_event/events/55642/schedules?team=4160035,Cincinnati United
CPL,Girls U9 Division 6,Mercury G2017/18 West 2,https://system.gotsport.com/org_event/events/55642/schedules?team=4191254,Mercury Soccer
CPL,Girls U9 Division 7,STAR Rush Cincinnati STAR Rush GU9 Blue,https://system.gotsport.com/org_event/events/55642/schedules?team=4191424,STAR SC
CPL,Girls U9 Division 7,Cincy SC G17-18 White,https://system.gotsport.com/org_event/events/55642/schedules?team=4189279,Cincy SC
CPL,Girls U9 Division 7,Madeira FC G2017/18 Orange,https://system.gotsport.com/org_event/events/55642/schedules?team=4173743,Madeira FC
CPL,Girls U9 Division 7,Elevate FC GU9 White,https://system.gotsport.com/org_event/events/55642/schedules?team=4158191,Elevate FC
CPL,Girls U9 Division 7,Invictus SC G2017/18 Navy,https://system.gotsport.com/org_event/events/55642/schedules?team=4225695,Invictus SC
CPL,Girls U9 Division 7,Independence SC U9G Shamrocks,https://system.gotsport.com/org_event/events/55642/schedules?team=4188953,Independence Soccer Club
CPL,Girls U9 Division 8,Oxford United G2017/2018,https://system.gotsport.com/org_event/events/55642/schedules?team=4189078,Oxford United
CPL,Girls U9 Division 8,Kolping SC G36 Black,https://system.gotsport.com/org_event/events/55642/schedules?team=4191144,Kolping
CPL,Girls U9 Division 8,Fairfield Optimist Lebanon Warrior Premier G17/18 White,https://system.gotsport.com/org_event/events/55642/schedules?team=4191317,Fairfield Optimist
CPL,Girls U9 Division 8,Little Miami FC U9G Gold,https://system.gotsport.com/org_event/events/55642/schedules?team=4134402,Little Miami FC
CPL,Girls U9 Division 8,Edgewood Premier FC U9 Girls,https://system.gotsport.com/org_event/events/55642/schedules?team=4192143,Edgewood Premier FC
CPL,Girls U9 Division 8,Alliance Cincinnati SC Girls U9 Academy,https://system.gotsport.com/org_event/events/55642/schedules?team=4192333,Alliance Community Soccer Club
CPL,Girls U9 Division 8,Fairfield Optimist Soccer Club G17/18 Premier,https://system.gotsport.com/org_event/events/55642/schedules?team=4191063,Fairfield Optimist
CPL,Girls U9 Division 8,Lawrenceburg Greendale Soccer Club Tigerettes,https://system.gotsport.com/org_event/events/55642/schedules?team=4269617,Lawrenceburg Greendale Soccer Club
CPL,Girls U10 Division 1,Mercury SJB G16/17 Blue Jays,https://system.gotsport.com/org_event/events/55642/schedules?team=4151830,Mercury Soccer
CPL,Girls U10 Division 1,Mercury G2016/17 Pre ECNL 1,https://system.gotsport.com/org_event/events/55642/schedules?team=4191358,Mercury Soccer
CPL,Girls U10 Division 1,Independence SC U10G Lightning,https://system.gotsport.com/org_event/events/55642/schedules?team=4188967,Independence Soccer Club
CPL,Girls U10 Division 1,Kings Hammer Cincinnati NKY GU10 Black,https://system.gotsport.com/org_event/events/55642/schedules?team=4122871,Kings Hammer
CPL,Girls U10 Division 1,Kings Hammer Cincinnati Sycamore GU10 Green,https://system.gotsport.com/org_event/events/55642/schedules?team=4155927,Kings Hammer
CPL,Girls U10 Division 1,Cincy SC G16-17 Premier,https://system.gotsport.com/org_event/events/55642/schedules?team=4189145,Cincy SC
CPL,Girls U10 Division 1,Cincinnati United Soccer Club GU10 South Angel City,https://system.gotsport.com/org_event/events/55642/schedules?team=4191979,Cincinnati United
CPL,Girls U10 Division 1,Cincinnati United Soccer Club GU10 North LM Arsenal,https://system.gotsport.com/org_event/events/55642/schedules?team=4160052,Cincinnati United
CPL,Girls U10 Division 1,Kolping SC G35 Orange,https://system.gotsport.com/org_event/events/55642/schedules?team=4191149,Kolping
CPL,Girls U10 Division 2,Northwest Cincy Soccer Coalition G16/17 Blue,https://system.gotsport.com/org_event/events/55642/schedules?team=4191179,Northwest Cincy Soccer Coalition
CPL,Girls U10 Division 2,NWC Alliance Soccer Club 2035 Girls Elite,https://system.gotsport.com/org_event/events/55642/schedules?team=4102930,NWC Alliance
CPL,Girls U10 Division 2,Fusion FC NKY GU10 Green,https://system.gotsport.com/org_event/events/55642/schedules?team=4183705,Fusion FC
CPL,Girls U10 Division 2,FC Storm GU10 Loveland Orange,https://system.gotsport.com/org_event/events/55642/schedules?team=4161087,FC Storm
CPL,Girls U10 Division 2,Cincinnati United Soccer Club GU10 North SM Aston Villa,https://system.gotsport.com/org_event/events/55642/schedules?team=4160048,Cincinnati United
CPL,Girls U10 Division 3,Cincinnati United Soccer Club GU10 North SM Burnley,https://system.gotsport.com/org_event/events/55642/schedules?team=4160050,Cincinnati United
CPL,Girls U10 Division 3,Impact GFC GU10 Blue,https://system.gotsport.com/org_event/events/55642/schedules?team=4191120,Impact GFC
CPL,Girls U10 Division 3,Mercury G2016/17 West,https://system.gotsport.com/org_event/events/55642/schedules?team=4191374,Mercury Soccer
CPL,Girls U10 Division 3,Cincy SC G16-17 Elite,https://system.gotsport.com/org_event/events/55642/schedules?team=4189154,Cincy SC
CPL,Girls U10 Division 3,Cincinnati United Soccer Club GU10 South Bay FC,https://system.gotsport.com/org_event/events/55642/schedules?team=4191983,Cincinnati United
CPL,Girls U10 Division 4,Total Futbol Academy (OH) G2016-17 Premier,https://system.gotsport.com/org_event/events/55642/schedules?team=4185635,Total Futbol Academy
CPL,Girls U10 Division 4,Lakota Futbol Club G16/17 Black,https://system.gotsport.com/org_event/events/55642/schedules?team=4183032,Lakota FC
CPL,Girls U10 Division 4,Fusion FC NKY GU10 Black,https://system.gotsport.com/org_event/events/55642/schedules?team=4183694,Fusion FC
CPL,Girls U10 Division 4,FC Dayton U10 Girls Elite,https://system.gotsport.com/org_event/events/55642/schedules?team=4171610,FC Dayton
CPL,Girls U10 Division 4,Cincy SC G16-17 Navy,https://system.gotsport.com/org_event/events/55642/schedules?team=4189157,Cincy SC
CPL,Girls U10 Division 4,Cincinnati United Soccer Club GU10 South Courage,https://system.gotsport.com/org_event/events/55642/schedules?team=4192000,Cincinnati United
CPL,Girls U10 Division 4,Fairfield Optimist Soccer Club G16/17 Elite,https://system.gotsport.com/org_event/events/55642/schedules?team=4191031,Fairfield Optimist
CPL,Girls U10 Division 4,Kolping SC G35 Black,https://system.gotsport.com/org_event/events/55642/schedules?team=4191151,Kolping
CPL,Girls U10 Division 5,Cincinnati United Soccer Club GU10 WEST ATHLETICO MADRID,https://system.gotsport.com/org_event/events/55642/schedules?team=4205197,Cincinnati United
CPL,Girls U10 Division 5,FC Storm GU10 Loveland White,https://system.gotsport.com/org_event/events/55642/schedules?team=4161872,FC Storm
CPL,Girls U10 Division 5,FC Storm GU10 IH Orange,https://system.gotsport.com/org_event/events/55642/schedules?team=4161877,FC Storm
CPL,Girls U10 Division 5,Madeira FC U10G Orange,https://system.gotsport.com/org_event/events/55642/schedules?team=4174268,Madeira FC
CPL,Girls U10 Division 5,Mercury G2016/17 North,https://system.gotsport.com/org_event/events/55642/schedules?team=4156856,Mercury Soccer
CPL,Girls U10 Division 5,Cincy SC G16-17 Orange,https://system.gotsport.com/org_event/events/55642/schedules?team=4189160,Cincy SC
CPL,Girls U10 Division 5,Fusion FC NKY GU10 White,https://system.gotsport.com/org_event/events/55642/schedules?team=4183724,Fusion FC
CPL,Girls U10 Division 5,Cincinnati United Soccer Club GU10 North LM Brighton,https://system.gotsport.com/org_event/events/55642/schedules?team=4160057,Cincinnati United
CPL,Girls U10 Division 5,Kings Hammer Cincinnati NKY GU10 Gray,https://system.gotsport.com/org_event/events/55642/schedules?team=4122897,Kings Hammer
CPL,Girls U10 Division 5,STAR Rush Cincinnati GU10 Blue,https://system.gotsport.com/org_event/events/55642/schedules?team=4191371,STAR SC
CPL,Girls U10 Division 6,Cincinnati United Soccer Club GU10 South Dash,https://system.gotsport.com/org_event/events/55642/schedules?team=4192004,Cincinnati United
CPL,Girls U10 Division 6,NWC Alliance Soccer Club 2035 Girls Premier,https://system.gotsport.com/org_event/events/55642/schedules?team=4102939,NWC Alliance
CPL,Girls U10 Division 6,Lawrenceburg Greendale Soccer Club Tsunamis,https://system.gotsport.com/org_event/events/55642/schedules?team=4130614,Lawrenceburg Greendale Soccer Club
CPL,Girls U10 Division 6,Independence SC U10G Roaring Thunder,https://system.gotsport.com/org_event/events/55642/schedules?team=4188965,Independence Soccer Club
CPL,Girls U10 Division 6,Cincinnati Elite FC GU10 Elite (2016/17),https://system.gotsport.com/org_event/events/55642/schedules?team=4171847,Cincinnati Elite
CPL,Girls U10 Division 6,Edgewood Premier FC U10 Girls,https://system.gotsport.com/org_event/events/55642/schedules?team=4192113,Edgewood Premier FC
CPL,Girls U10 Division 6,Lakota Futbol Club G16/17 Red,https://system.gotsport.com/org_event/events/55642/schedules?team=4188156,Lakota FC
CPL,Girls U10 Division 7,Oxford United FC(OH) G2016/2017,https://system.gotsport.com/org_event/events/55642/schedules?team=4189071,Oxford United FC
CPL,Girls U10 Division 7,Independence SC U10G Sporting Jaguars,https://system.gotsport.com/org_event/events/55642/schedules?team=4188960,Independence Soccer Club
CPL,Girls U10 Division 7,Cincy SC G16-17 White,https://system.gotsport.com/org_event/events/55642/schedules?team=4189163,Cincy SC
CPL,Girls U10 Division 7,Eclipse East FC G U10 Blue,https://system.gotsport.com/org_event/events/55642/schedules?team=4189996,Eclipse FC
CPL,Girls U10 Division 7,Cincinnati West GU10 Academy Elite,https://system.gotsport.com/org_event/events/55642/schedules?team=4139145,Cincinnati West Soccer Club
CPL,Girls U10 Division 7,Invictus SC G2016/17,https://system.gotsport.com/org_event/events/55642/schedules?team=4225647,Invictus SC
CPL,Girls U10 Division 7,Kings Hammer Cincinnati Sycamore GU10 Black,https://system.gotsport.com/org_event/events/55642/schedules?team=4155952,Kings Hammer
CPL,Girls U10 Division 7,Little Miami FC U10 Girls Elite,https://system.gotsport.com/org_event/events/55642/schedules?team=4237986,Little Miami FC
CPL,Girls U10 Division 8,On Goal Passion FC 2016/2017G Gray,https://system.gotsport.com/org_event/events/55642/schedules?team=4149465,On Goal Passion FC
CPL,Girls U10 Division 8,Ohio United FC G16/17 Academy,https://system.gotsport.com/org_event/events/55642/schedules?team=4192747,Ohio United FC
CPL,Girls U10 Division 8,LSO United G2016/17,https://system.gotsport.com/org_event/events/55642/schedules?team=4142797,LSO United
CPL,Girls U10 Division 8,Northwest Cincy Soccer Coalition G16/17 Orange,https://system.gotsport.com/org_event/events/55642/schedules?team=4191190,Northwest Cincy Soccer Coalition
CPL,Girls U10 Division 8,Madeira FC U10G Blue,https://system.gotsport.com/org_event/events/55642/schedules?team=4178371,Madeira FC
CPL,Girls U10 Division 8,FC Storm GU10 Loveland Black,https://system.gotsport.com/org_event/events/55642/schedules?team=4161874,FC Storm
CPL,Girls U10 Division 8,Elevate FC GU10 Blue,https://system.gotsport.com/org_event/events/55642/schedules?team=4158181,Elevate FC
CPL,Girls U10 Division 8,Campbell Soccer Club U10G Phirman,https://system.gotsport.com/org_event/events/55642/schedules?team=4175350,Campbell Soccer Club
CPL,Girls U10 Division 8,Campbell Soccer Club U10G Deinlein,https://system.gotsport.com/org_event/events/55642/schedules?team=4175332,Campbell Soccer Club
CPL,Girls U10 Division 9,Fairfield Optimist Soccer Club G16/17 Premier,https://system.gotsport.com/org_event/events/55642/schedules?team=4191035,Fairfield Optimist
CPL,Girls U10 Division 9,Lord's Gym Price Hill F.C. GU10,https://system.gotsport.com/org_event/events/55642/schedules?team=4175437,Lord's Gym
CPL,Girls U10 Division 9,Kolping SC G35 White,https://system.gotsport.com/org_event/events/55642/schedules?team=4191158,Kolping
CPL,Girls U10 Division 9,Oak Hills Youth Athletics Premier Girls U10,https://system.gotsport.com/org_event/events/55642/schedules?team=4190801,Oak Hills Youth Athletics
CPL,Girls U10 Division 9,Kings Hammer Cincinnati NKY GU10 White,https://system.gotsport.com/org_event/events/55642/schedules?team=4122913,Kings Hammer
CPL,Girls U10 Division 9,Campbell Soccer Club U10G Hickman,https://system.gotsport.com/org_event/events/55642/schedules?team=4175337,Campbell Soccer Club
CPL,Girls U11 Division 1,Independence SC U11G Dragons,https://system.gotsport.com/org_event/events/55642/schedules?team=4188969,Independence Soccer Club
CPL,Girls U11 Division 1,Cincy SC G15-16 Elite,https://system.gotsport.com/org_event/events/55642/schedules?team=4189113,Cincy SC
CPL,Girls U11 Division 1,Impact GFC GU11 Premier,https://system.gotsport.com/org_event/events/55642/schedules?team=4193400,Impact GFC
CPL,Girls U11 Division 1,Kings Hammer Cincinnati NKY GU10 Red,https://system.gotsport.com/org_event/events/55642/schedules?team=4122860,Kings Hammer
CPL,Girls U11 Division 1,Cincinnati United Soccer Club GU11 South Yellow,https://system.gotsport.com/org_event/events/55642/schedules?team=4192031,Cincinnati United
CPL,Girls U11 Division 1,Waynesville FC U11G,https://system.gotsport.com/org_event/events/55642/schedules?team=4185303,Waynesville FC
CPL,Girls U11 Division 1,Eclipse East FC Black,https://system.gotsport.com/org_event/events/55642/schedules?team=4189988,Eclipse FC
CPL,Girls U11 Division 2,Mercury G2015/16 West,https://system.gotsport.com/org_event/events/55642/schedules?team=4191523,Mercury Soccer
CPL,Girls U11 Division 2,Cincy SC G15-16 Navy,https://system.gotsport.com/org_event/events/55642/schedules?team=4189115,Cincy SC
CPL,Girls U11 Division 2,Eclipse FC Premier,https://system.gotsport.com/org_event/events/55642/schedules?team=4188383,Eclipse FC
CPL,Girls U11 Division 2,Ohio United FC G15/16 Academy,https://system.gotsport.com/org_event/events/55642/schedules?team=4192739,Ohio United FC
CPL,Girls U11 Division 2,Mercury G15/16 North,https://system.gotsport.com/org_event/events/55642/schedules?team=4156872,Mercury Soccer
CPL,Girls U11 Division 2,Lawrenceburg Greendale Soccer Club Thunder Black,https://system.gotsport.com/org_event/events/55642/schedules?team=4118914,Lawrenceburg Greendale Soccer Club
CPL,Girls U11 Division 2,Cincinnati United Soccer Club GU11 South Green,https://system.gotsport.com/org_event/events/55642/schedules?team=4192047,Cincinnati United
CPL,Girls U11 Division 3,Campbell Soccer Club U11G Noll,https://system.gotsport.com/org_event/events/55642/schedules?team=4175429,Campbell Soccer Club
CPL,Girls U11 Division 3,On Goal Passion FC 2015/2016G Gray,https://system.gotsport.com/org_event/events/55642/schedules?team=4139487,On Goal Passion FC
CPL,Girls U11 Division 3,Lakota Futbol Club G15/16 Red,https://system.gotsport.com/org_event/events/55642/schedules?team=4181497,Lakota FC
CPL,Girls U11 Division 3,Mercury BSC Premier G15/16,https://system.gotsport.com/org_event/events/55642/schedules?team=4098968,Mercury Soccer
CPL,Girls U11 Division 3,Total Futbol Academy (OH) G2015-16 Gold,https://system.gotsport.com/org_event/events/55642/schedules?team=4185653,Total Futbol Academy
CPL,Girls U11 Division 3,Independence SC U11G Thunder,https://system.gotsport.com/org_event/events/55642/schedules?team=4188973,Independence Soccer Club
CPL,Girls U11 Division 3,Cincy SC G15-16 Orange,https://system.gotsport.com/org_event/events/55642/schedules?team=4189118,Cincy SC
CPL,Girls U11 Division 3,Kings Hammer Cincinnati NKY GU11 Red,https://system.gotsport.com/org_event/events/55642/schedules?team=4122975,Kings Hammer
CPL,Girls U11 Division 3,Kings Hammer Cincinnati Warren County GU11 Blue,https://system.gotsport.com/org_event/events/55642/schedules?team=4156397,Kings Hammer
CPL,Girls U11 Division 4,Oxford United FC(OH) G2015/2016,https://system.gotsport.com/org_event/events/55642/schedules?team=4189068,Oxford United FC
CPL,Girls U11 Division 4,Total Ginga Academy U10G (KY),https://system.gotsport.com/org_event/events/55642/schedules?team=4159561,Total Ginga
CPL,Girls U11 Division 4,Cincinnati United Soccer Club GU11 WEST YELLOW,https://system.gotsport.com/org_event/events/55642/schedules?team=4205311,Cincinnati United
CPL,Girls U11 Division 4,Kings Hammer Cincinnati Sycamore GU11 Green,https://system.gotsport.com/org_event/events/55642/schedules?team=4155959,Kings Hammer
CPL,Girls U11 Division 4,Fusion FC NKY GU11 Black,https://system.gotsport.com/org_event/events/55642/schedules?team=4183778,Fusion FC
CPL,Girls U11 Division 4,Fairfield Optimist Soccer Club G15/16 Premier,https://system.gotsport.com/org_event/events/55642/schedules?team=4191021,Fairfield Optimist
CPL,Girls U11 Division 4,Cincy SC G15-16 White,https://system.gotsport.com/org_event/events/55642/schedules?team=4189295,Cincy SC
CPL,Girls U11 Division 4,Kolping SC G34 Orange,https://system.gotsport.com/org_event/events/55642/schedules?team=4191163,Kolping
CPL,Girls U11 Division 4,Kings Hammer Cincinnati NKY GU11 Black,https://system.gotsport.com/org_event/events/55642/schedules?team=4123001,Kings Hammer
CPL,Girls U11 Division 5,Pleasant Ridge Football Club G2016,https://system.gotsport.com/org_event/events/55642/schedules?team=4128666,Pleasant Ridge Football Club
CPL,Girls U11 Division 5,Little Miami FC U11 Girls Gold,https://system.gotsport.com/org_event/events/55642/schedules?team=4134405,Little Miami FC
CPL,Girls U11 Division 5,LSO United G2015/16,https://system.gotsport.com/org_event/events/55642/schedules?team=4121466,LSO United
CPL,Girls U11 Division 5,Impact GFC GU11 Blue,https://system.gotsport.com/org_event/events/55642/schedules?team=4191132,Impact GFC
CPL,Girls U11 Division 5,Fairfield Optimist Soccer Club Lebanon Warrior Premier G15/16 White,https://system.gotsport.com/org_event/events/55642/schedules?team=4191388,Fairfield Optimist
CPL,Girls U11 Division 5,FC Storm GU11 Orange,https://system.gotsport.com/org_event/events/55642/schedules?team=4166635,FC Storm
CPL,Girls U11 Division 5,Clinton Massie SAY Premier G15,https://system.gotsport.com/org_event/events/55642/schedules?team=4092068,Clinton Massie
CPL,Girls U11 Division 5,Fusion FC NKY GU11 White,https://system.gotsport.com/org_event/events/55642/schedules?team=4183786,Fusion FC
CPL,Girls U11 Division 5,Madeira FC U11G Orange,https://system.gotsport.com/org_event/events/55642/schedules?team=4182248,Madeira FC
CPL,Girls U11 Division 5,Campbell Soccer Club U11G Palazzolo,https://system.gotsport.com/org_event/events/55642/schedules?team=4175457,Campbell Soccer Club
CPL,Girls U11 Division 6,Oak Hills Youth Athletics Premier Girls U11,https://system.gotsport.com/org_event/events/55642/schedules?team=4190791,Oak Hills Youth Athletics
CPL,Girls U11 Division 6,STAR Rush Cincinnati GU11 Blue,https://system.gotsport.com/org_event/events/55642/schedules?team=4191394,STAR SC
CPL,Girls U11 Division 6,Lawrenceburg Greendale Soccer Club Thunder Orange,https://system.gotsport.com/org_event/events/55642/schedules?team=4118921,Lawrenceburg Greendale Soccer Club
CPL,Girls U11 Division 6,Elevate FC GU10 White,https://system.gotsport.com/org_event/events/55642/schedules?team=4158179,Elevate FC
CPL,Girls U11 Division 6,Lakota Futbol Club G15/16 Gray,https://system.gotsport.com/org_event/events/55642/schedules?team=4223928,Lakota FC
CPL,Girls U12 Division 1,Tempest FC Thunder,https://system.gotsport.com/org_event/events/55642/schedules?team=4113720,Tempest FC
CPL,Girls U12 Division 1,Eclipse East FC Hurricanes,https://system.gotsport.com/org_event/events/55642/schedules?team=4189984,Eclipse FC
CPL,Girls U12 Division 1,Cincy SC G14-15 Navy,https://system.gotsport.com/org_event/events/55642/schedules?team=4189102,Cincy SC
CPL,Girls U12 Division 1,Fusion FC NKY GU12 Black,https://system.gotsport.com/org_event/events/55642/schedules?team=4183888,Fusion FC
CPL,Girls U12 Division 1,Waynesville FC U12G,https://system.gotsport.com/org_event/events/55642/schedules?team=4189966,Waynesville FC
CPL,Girls U12 Division 1,Northwest Cincy Soccer Coalition G14/15 Fire,https://system.gotsport.com/org_event/events/55642/schedules?team=4190400,Northwest Cincy Soccer Coalition
CPL,Girls U12 Division 2,STAR Rush Cincinnati GU12 Blue,https://system.gotsport.com/org_event/events/55642/schedules?team=4191342,STAR SC
CPL,Girls U12 Division 2,New Richmond SC G14/15,https://system.gotsport.com/org_event/events/55642/schedules?team=4076303,New Richmond SC
CPL,Girls U12 Division 2,Mercury G2014/15 West,https://system.gotsport.com/org_event/events/55642/schedules?team=4191538,Mercury Soccer
CPL,Girls U12 Division 2,Independence SC U12G Green Dragons,https://system.gotsport.com/org_event/events/55642/schedules?team=4188977,Independence Soccer Club
CPL,Girls U12 Division 2,Kings Hammer Cincinnati NKY GU12 Red,https://system.gotsport.com/org_event/events/55642/schedules?team=4123006,Kings Hammer
CPL,Girls U12 Division 2,Campbell Soccer Club U12G Barnes,https://system.gotsport.com/org_event/events/55642/schedules?team=4175493,Campbell Soccer Club
CPL,Girls U12 Division 2,Cincy SC G14-15 Orange,https://system.gotsport.com/org_event/events/55642/schedules?team=4189105,Cincy SC
CPL,Girls U12 Division 2,Independence SC U12G Birds,https://system.gotsport.com/org_event/events/55642/schedules?team=4188979,Independence Soccer Club
CPL,Girls U12 Division 2,On Goal Passion FC 2014/2015G Gray,https://system.gotsport.com/org_event/events/55642/schedules?team=4139151,On Goal Passion FC
CPL,Girls U12 Division 3,Mercury BSC Premier G14/15,https://system.gotsport.com/org_event/events/55642/schedules?team=4098980,Mercury Soccer
CPL,Girls U12 Division 3,Fusion FC NKY GU12 White,https://system.gotsport.com/org_event/events/55642/schedules?team=4183970,Fusion FC
CPL,Girls U12 Division 3,Independence SC U12G Gators,https://system.gotsport.com/org_event/events/55642/schedules?team=4188976,Independence Soccer Club
CPL,Girls U12 Division 3,Cincinnati United Soccer Club GU12 North Yellow,https://system.gotsport.com/org_event/events/55642/schedules?team=4160060,Cincinnati United
CPL,Girls U12 Division 3,Kings Hammer Cincinnati Warren County GU12 Blue,https://system.gotsport.com/org_event/events/55642/schedules?team=4156425,Kings Hammer
CPL,Girls U12 Division 4,Ohio United FC G14/15 Chaos,https://system.gotsport.com/org_event/events/55642/schedules?team=4192730,Ohio United FC
CPL,Girls U12 Division 4,NWC Alliance Soccer Club 2033 Girls Premier,https://system.gotsport.com/org_event/events/55642/schedules?team=4103261,NWC Alliance Soccer Club
CPL,Girls U12 Division 4,NKY Gunners Athletic Club G14/15,https://system.gotsport.com/org_event/events/55642/schedules?team=4122538,NKY Gunners Athletic Club
CPL,Girls U12 Division 4,FC Storm GU12 Orange,https://system.gotsport.com/org_event/events/55642/schedules?team=4166676,FC Storm
CPL,Girls U12 Division 4,Eclipse FC Mayhem,https://system.gotsport.com/org_event/events/55642/schedules?team=4188399,Eclipse FC
CPL,Girls U12 Division 4,Cincy SC G14-15 White,https://system.gotsport.com/org_event/events/55642/schedules?team=4189109,Cincy SC
CPL,Girls U12 Division 5,Ohio United FC G14/15 Academy,https://system.gotsport.com/org_event/events/55642/schedules?team=4192726,Ohio United FC
CPL,Girls U12 Division 5,Invictus SC G2014/15,https://system.gotsport.com/org_event/events/55642/schedules?team=4225632,Invictus SC
CPL,Girls U12 Division 5,Impact GFC GU12 Blue,https://system.gotsport.com/org_event/events/55642/schedules?team=4191981,Impact GFC
CPL,Girls U12 Division 5,Fairfield Optimist Soccer Club G14/15 Black,https://system.gotsport.com/org_event/events/55642/schedules?team=4191007,Fairfield Optimist
CPL,Girls U12 Division 5,Cincinnati West GU12 Academy Red,https://system.gotsport.com/org_event/events/55642/schedules?team=4139163,Cincinnati West Soccer Club
CPL,Girls U12 Division 5,Cincinnati Grand Futbol Club Girls,https://system.gotsport.com/org_event/events/55642/schedules?team=4190381,Cincinnati Grand Futbol
CPL,Girls U12 Division 6,Cincinnati Elite FC GU12 Gold (2014/15),https://system.gotsport.com/org_event/events/55642/schedules?team=4171866,Cincinnati Elite
CPL,Girls U12 Division 6,Campbell Soccer Club U12G Ripberger,https://system.gotsport.com/org_event/events/55642/schedules?team=4175509,Campbell Soccer Club
CPL,Girls U12 Division 6,Oak Hills Youth Athletics Premier Girls U12,https://system.gotsport.com/org_event/events/55642/schedules?team=4190784,Oak Hills Youth Athletics
CPL,Girls U12 Division 6,Total Futbol Academy G2014-15 Gold,https://system.gotsport.com/org_event/events/55642/schedules?team=4185846,Total Futbol Academy
CPL,Girls U12 Division 6,Lawrenceburg Greendale Soccer Club Storm,https://system.gotsport.com/org_event/events/55642/schedules?team=4166602,Lawrenceburg Greendale Soccer Club
CPL,Girls U12 Division 7,Campbell Soccer Club U12G Kessinger,https://system.gotsport.com/org_event/events/55642/schedules?team=4175512,Campbell Soccer Club
CPL,Girls U12 Division 7,Kolping SC G33 Black,https://system.gotsport.com/org_event/events/55642/schedules?team=4191168,Kolping
CPL,Girls U12 Division 7,Edgewood Premier FC U12 Girls,https://system.gotsport.com/org_event/events/55642/schedules?team=4192120,Edgewood Premier FC
CPL,Girls U12 Division 7,Lakota Futbol Club G14/15 Gray,https://system.gotsport.com/org_event/events/55642/schedules?team=4195109,Lakota FC
CPL,Girls U12 Division 7,Monroe Premier FC U12G Avalanche,https://system.gotsport.com/org_event/events/55642/schedules?team=4075289,Monroe Premier FC
CPL,Girls U13 Division 1,Independence SC U13G United Green Rising Fury,https://system.gotsport.com/org_event/events/55642/schedules?team=4189027,Independence Soccer Club
CPL,Girls U13 Division 1,Northwest Cincy Soccer Coalition G13/14 Starz,https://system.gotsport.com/org_event/events/55642/schedules?team=4191147,Northwest Cincy Soccer Coalition
CPL,Girls U13 Division 1,Independence SC U13G Rebels,https://system.gotsport.com/org_event/events/55642/schedules?team=4189024,Independence Soccer Club
CPL,Girls U13 Division 1,Fusion FC NKY GU13 Black,https://system.gotsport.com/org_event/events/55642/schedules?team=4184005,Fusion FC
CPL,Girls U13 Division 1,Cincy SC G13-14 Navy,https://system.gotsport.com/org_event/events/55642/schedules?team=4189082,Cincy SC
CPL,Girls U13 Division 1,Cincy Galaxy SC 2015G Grey,https://system.gotsport.com/org_event/events/55642/schedules?team=4246280,Cincy Galaxy SC
CPL,Girls U13 Division 2,Butler Fury Youth Soccer Club Girls U13,https://system.gotsport.com/org_event/events/55642/schedules?team=4161803,Butler Fury Soccer Club
CPL,Girls U13 Division 2,Impact GFC GU13 Blue,https://system.gotsport.com/org_event/events/55642/schedules?team=4191266,Impact GFC
CPL,Girls U13 Division 2,Fairfield Optimist Soccer Club Lebanon Warrior Premier G14/15 Maroon,https://system.gotsport.com/org_event/events/55642/schedules?team=4192201,Fairfield Optimist
CPL,Girls U13 Division 2,Cincy SC G13-14 Orange,https://system.gotsport.com/org_event/events/55642/schedules?team=4189085,Cincy SC
CPL,Girls U13 Division 2,Cincinnati United Soccer Club GU13 WEST YELLOW,https://system.gotsport.com/org_event/events/55642/schedules?team=4205324,Cincinnati United
CPL,Girls U13 Division 2,Invictus SC G2013/14,https://system.gotsport.com/org_event/events/55642/schedules?team=4225640,Invictus SC
CPL,Girls U13 Division 2,Lawrenceburg Greendale Soccer Club United,https://system.gotsport.com/org_event/events/55642/schedules?team=4161709,Lawrenceburg Greendale Soccer Club
CPL,Girls U13 Division 3,Oxford United FC G20132014,https://system.gotsport.com/org_event/events/55642/schedules?team=4189064,Oxford United FC
CPL,Girls U13 Division 3,Lawrenceburg Greendale Soccer Club U13 Prowl,https://system.gotsport.com/org_event/events/55642/schedules?team=4120682,Lawrenceburg Greendale Soccer Club
CPL,Girls U13 Division 3,Independence SC U13G Green Geckos,https://system.gotsport.com/org_event/events/55642/schedules?team=4189017,Independence Soccer Club
CPL,Girls U13 Division 3,FC Storm GU13 Orange,https://system.gotsport.com/org_event/events/55642/schedules?team=4166690,FC Storm
CPL,Girls U13 Division 3,Eclipse East FC G13 Valkyrie's,https://system.gotsport.com/org_event/events/55642/schedules?team=4189990,Eclipse FC
CPL,Girls U13 Division 3,Fairfield Optimist Soccer Club Lebanon Warrior Premier G14/15 White,https://system.gotsport.com/org_event/events/55642/schedules?team=4192206,Fairfield Optimist
CPL,Girls U13 Division 3,Fusion FC NKY GU13 White,https://system.gotsport.com/org_event/events/55642/schedules?team=4184011,Fusion FC
CPL,Girls U13 Division 3,Cincinnati United Soccer Club GU13 North Yellow,https://system.gotsport.com/org_event/events/55642/schedules?team=4160061,Cincinnati United
CPL,Girls U13 Division 3,Campbell Soccer Club U13G Kremer,https://system.gotsport.com/org_event/events/55642/schedules?team=4175532,Campbell Soccer Club
CPL,Girls U14 Division 1,Total Futbol Academy G2012-13 Gold,https://system.gotsport.com/org_event/events/55642/schedules?team=4185838,Total Futbol Academy
CPL,Girls U14 Division 1,LSO United G2012/13,https://system.gotsport.com/org_event/events/55642/schedules?team=4199821,LSO United
CPL,Girls U14 Division 1,Ohio Galaxies FC u14 Girls Black 2,https://system.gotsport.com/org_event/events/55642/schedules?team=4192407,Ohio Galaxies FC
CPL,Girls U14 Division 1,On Goal Passion FC 2012/2013G Gray,https://system.gotsport.com/org_event/events/55642/schedules?team=4149472,On Goal Passion FC
CPL,Girls U14 Division 1,Pleasant Ridge Football Club G2013,https://system.gotsport.com/org_event/events/55642/schedules?team=4128648,Pleasant Ridge Football Club
CPL,Girls U14 Division 1,Oak Hills Youth Athletics Premier Girls U14,https://system.gotsport.com/org_event/events/55642/schedules?team=4190774,Oak Hills Youth Athletics
CPL,Girls U14 Division 1,Monroe Premier FC U14G Chaos,https://system.gotsport.com/org_event/events/55642/schedules?team=4144709,Monroe Premier FC
CPL,Girls U14 Division 1,Lawrenceburg Greendale Soccer Club Tiger Pride,https://system.gotsport.com/org_event/events/55642/schedules?team=4116486,Lawrenceburg Greendale Soccer Club
CPL,Girls U14 Division 1,Franklin Youth Soccer Association Premier FC U14 Girls,https://system.gotsport.com/org_event/events/55642/schedules?team=4182638,Franklin Youth Soccer Association
CPL,Girls U14 Division 1,Mercury G2012/13 West,https://system.gotsport.com/org_event/events/55642/schedules?team=4191546,Mercury Soccer
CPL,Girls U14 Division 1,FC Storm GU14 Orange,https://system.gotsport.com/org_event/events/55642/schedules?team=4166698,FC Storm
CPL,Girls U14/15 Division 1,Cincinnati United Soccer Club GU14 North Yellow,https://system.gotsport.com/org_event/events/55642/schedules?team=4160063,Cincinnati United
CPL,Girls U14/15 Division 1,Ohio United FC G12 Evolution,https://system.gotsport.com/org_event/events/55642/schedules?team=4192683,Ohio United FC
CPL,Girls U14/15 Division 1,Campbell Soccer Club U14G Hildebrand,https://system.gotsport.com/org_event/events/55642/schedules?team=4175570,Campbell Soccer Club
CPL,Girls U14/15 Division 1,Cincy SC G12-13 Orange,https://system.gotsport.com/org_event/events/55642/schedules?team=4189149,Cincy SC
CPL,Girls U14/15 Division 1,Campbell Soccer Club U14G Clark,https://system.gotsport.com/org_event/events/55642/schedules?team=4175564,Campbell Soccer Club
CPL,Girls U14/15 Division 1,Northwest Cincy Soccer Coalition G12/13 Phoenix,https://system.gotsport.com/org_event/events/55642/schedules?team=4190406,Northwest Cincy Soccer Coalition
CPL,Girls U14/15 Division 1,Clinton Massie Premier G12,https://system.gotsport.com/org_event/events/55642/schedules?team=4091890,Clinton Massie
CPL,Girls U14/15 Division 1,Fairfield Optimist FOSC G12/13 Premier,https://system.gotsport.com/org_event/events/55642/schedules?team=4324102,Fairfield Optimist
BPYSL,Male U11 - U11B Buckeye State,Madeira FC B2016 Orange (OH),https://system.gotsport.com/org_event/events/54982/schedules?team=4215224,Madeira FC
BPYSL,Male U11 - U11B Buckeye State,Ohio Galaxies FC Metro FC U11 Boys Rapids (OH),https://system.gotsport.com/org_event/events/54982/schedules?team=4192262,Ohio Galaxies FC
BPYSL,Male U11 - U11B Buckeye State,Cincinnati United CUSC BU11 Premier West (OH),https://system.gotsport.com/org_event/events/54982/schedules?team=4182159,Cincinnati United
BPYSL,Male U11 - U11B Buckeye State,Kings Hammer KH Elite Cincinnati BU11-2 (OH),https://system.gotsport.com/org_event/events/54982/schedules?team=4119028,Kings Hammer
BPYSL,Male U11 - U11B Buckeye State,Cincy SC B15-16 Premier (OH),https://system.gotsport.com/org_event/events/54982/schedules?team=4143749,Cincy SC
BPYSL,Male U11 - U11B Buckeye State,Cincinnati United CUSC GU11 Premier Gold (OH),https://system.gotsport.com/org_event/events/54982/schedules?team=4183722,Cincinnati United
BPYSL,Male U11 - U11B Buckeye State,NWC Alliance 2034 Boys Elite (OH),https://system.gotsport.com/org_event/events/54982/schedules?team=4295537,NWC Alliance
BPYSL,Male U11 - U11B Elite 1,SouthStars SC B15/16 Elite (OH),https://system.gotsport.com/org_event/events/54982/schedules?team=4096373,SouthStars SC
BPYSL,Male U11 - U11B Elite 1,Greene County Cosmos GC Cosmos B2015/2016 Green (OH),https://system.gotsport.com/org_event/events/54982/schedules?team=4134749,Greene County Cosmos
BPYSL,Male U11 - U11B Elite 1,Cincinnati United CUSC BU10 North SM Aberdeen (OH),https://system.gotsport.com/org_event/events/54982/schedules?team=4184473,Cincinnati United
BPYSL,Male U11 - U11B Elite 1,Cincinnati United CUSC BU11 South Elite I (OH),https://system.gotsport.com/org_event/events/54982/schedules?team=4228101,Cincinnati United
BPYSL,Male U11 - U11B Elite 1,Academia Ole 15/16 Black (OH),https://system.gotsport.com/org_event/events/54982/schedules?team=4231824,Academia Ole
BPYSL,Male U11 - U11B Elite 1,Cincinnati United CUSC BU10 South Argentinos Jrs (OH),https://system.gotsport.com/org_event/events/54982/schedules?team=4228098,Cincinnati United
BPYSL,Male U11 - U11B Elite 2,Cincy Galaxy SC 2016B Navy (OH),https://system.gotsport.com/org_event/events/54982/schedules?team=4192823,Cincy Galaxy SC
BPYSL,Male U11 - U11B Elite 2,Dayton Futbol Academy DFA 2015/2016B Gold (OH),https://system.gotsport.com/org_event/events/54982/schedules?team=4177431,Dayton Futbol Academy
BPYSL,Male U11 - U11B Elite 2,Cincinnati United CUSC BU11 North Elite 1 (OH),https://system.gotsport.com/org_event/events/54982/schedules?team=4184610,Cincinnati United
BPYSL,Male U11 - U11B Elite 2,Ohio Galaxies FC BSA Celtic U11 Boys Blue (OH),https://system.gotsport.com/org_event/events/54982/schedules?team=4190607,Ohio Galaxies FC
BPYSL,Male U11 - U11B Elite 2,Fairfield Optimist FOSC Lebanon Warrior Premier B15/16 Maroon (OH),https://system.gotsport.com/org_event/events/54982/schedules?team=4211324,Fairfield Optimist
BPYSL,Male U11 - U11B Elite 2,STAR Rush Cincinnati BU11 Blue (OH),https://system.gotsport.com/org_event/events/54982/schedules?team=4223196,STAR SC
BPYSL,Male U11 - U11B Elite 2,Warrior Soccer Club B15/16 White (OH),https://system.gotsport.com/org_event/events/54982/schedules?team=4238237,Warrior Soccer Club
BPYSL,Male U11 - U11B Elite 2,Cincy SC B15-16 Elite (OH),https://system.gotsport.com/org_event/events/54982/schedules?team=4224817,Cincy SC
BPYSL,Male U11 - U11B Elite 2,Monroe Premier FC U11B (OH),https://system.gotsport.com/org_event/events/54982/schedules?team=4137641,Monroe Premier FC
BPYSL,Male U11 - U11B Elite 2,Dayton Futbol Academy DFA 2015/2016B White (OH),https://system.gotsport.com/org_event/events/54982/schedules?team=4177415,Dayton Futbol Academy
BPYSL,Male U11 - U11B Elite 2,Kings Hammer KH Elite Cincinnati BU11-3 (KY),https://system.gotsport.com/org_event/events/54982/schedules?team=4119038,Kings Hammer
BPYSL,Male U11 - U11B Elite 2,FC Storm BU11 Premier 1 (OH),https://system.gotsport.com/org_event/events/54982/schedules?team=4172515,FC Storm
BPYSL,Male U11 - U11B Elite 2,Ohio Galaxies FC BSA Celtic U10 Boys White (OH),https://system.gotsport.com/org_event/events/54982/schedules?team=4190638,Ohio Galaxies FC
BPYSL,Male U11 - U11B Elite 2,Dayton Kroc SC B2015/2016 (OH),https://system.gotsport.com/org_event/events/54982/schedules?team=4215164,Dayton Kroc SC
BPYSL,Male U11 - U11B Premier 1,Oakwood United SC - B15/16 Gold (OH),https://system.gotsport.com/org_event/events/54982/schedules?team=4090689,Oakwood United
BPYSL,Male U11 - U11B Premier 1,NWC Alliance 2034 Boys Premier (OH),https://system.gotsport.com/org_event/events/54982/schedules?team=4100117,NWC Alliance
BPYSL,Male U11 - U11B Premier 1,Greene County Cosmos GC Cosmos B2015/2016 Grey (OH),https://system.gotsport.com/org_event/events/54982/schedules?team=4127012,Greene County Cosmos
BPYSL,Male U11 - U11B Premier 1,Kings Hammer KHA Warren County BU11 Blue (OH),https://system.gotsport.com/org_event/events/54982/schedules?team=4156348,Kings Hammer
BPYSL,Male U11 - U11B Premier 1,Club X Soccer Crew U11 (OH),https://system.gotsport.com/org_event/events/54982/schedules?team=4161957,Club X
BPYSL,Male U11 - U11B Premier 1,Total Ginga Academy U11B (OH),https://system.gotsport.com/org_event/events/54982/schedules?team=4159766,Total Ginga
BPYSL,Male U11 - U11B Premier 1,Ohio Galaxies FC BSA Celtic U10 Boys Blue (OH),https://system.gotsport.com/org_event/events/54982/schedules?team=4190653,Ohio Galaxies FC
BPYSL,Male U11 - U11B Premier 1,Bellbrook Soccer Association Ohio Fusion SC BU11/10 White (OH),https://system.gotsport.com/org_event/events/54982/schedules?team=4191146,Bellbrook Soccer Association
BPYSL,Male U11 - U11B Premier 1,Club Ohio Dayton U11B Green (OH),https://system.gotsport.com/org_event/events/54982/schedules?team=4183950,Club Ohio
BPYSL,Male U11 - U11B Premier 1,FC Storm BU11 Premier 2 (OH),https://system.gotsport.com/org_event/events/54982/schedules?team=4172678,FC Storm
BPYSL,Male U11 - U11B Premier 1,Greene County Cosmos GC Cosmos B2015/2016 White (OH),https://system.gotsport.com/org_event/events/54982/schedules?team=4139325,Greene County Cosmos
BPYSL,Male U12 - U12B Buckeye State,Cincinnati United CUSC GU12 Premier Gold (OH),https://system.gotsport.com/org_event/events/54982/schedules?team=4184288,Cincinnati United
BPYSL,Male U12 - U12B Buckeye State,Kings Hammer KH Elite Cincinnati BU11-1 (KY),https://system.gotsport.com/org_event/events/54982/schedules?team=4113992,Kings Hammer
BPYSL,Male U12 - U12B Buckeye State,Ohio Galaxies FC Metro FC U12B Rapids (OH),https://system.gotsport.com/org_event/events/54982/schedules?team=4183386,Ohio Galaxies FC
BPYSL,Male U12 - U12B Buckeye State,Cincinnati United CUSC BU12 Premier West (OH),https://system.gotsport.com/org_event/events/54982/schedules?team=4183444,Cincinnati United
BPYSL,Male U12 - U12B Buckeye State,Kolping SC B33 NLA (OH),https://system.gotsport.com/org_event/events/54982/schedules?team=4191450,Kolping
BPYSL,Male U12 - U12B Buckeye State,Club Ohio Dayton U12B Green (OH),https://system.gotsport.com/org_event/events/54982/schedules?team=4091131,Club Ohio
BPYSL,Male U12 - U12B Buckeye State,Cincy SC B14-15 Premier (OH),https://system.gotsport.com/org_event/events/54982/schedules?team=4143770,Cincy SC
BPYSL,Male U12 - U12B Elite 1,Cincinnati United CUSC BU12 South Elite I (OH),https://system.gotsport.com/org_event/events/54982/schedules?team=4228107,Cincinnati United
BPYSL,Male U12 - U12B Elite 1,Cincy SC B14-15 Elite (OH),https://system.gotsport.com/org_event/events/54982/schedules?team=4189846,Cincy SC
BPYSL,Male U12 - U12B Elite 1,Ohio United FC B14/15 Rovers Blue (OH),https://system.gotsport.com/org_event/events/54982/schedules?team=4177484,Ohio United FC
BPYSL,Male U12 - U12B Elite 1,Independence SC ISC U12B United Blue (KY),https://system.gotsport.com/org_event/events/54982/schedules?team=4180218,Independence Soccer Club
BPYSL,Male U12 - U12B Elite 1,Fusion FC NKY BU12 Green (KY),https://system.gotsport.com/org_event/events/54982/schedules?team=4183012,Fusion FC
BPYSL,Male U12 - U12B Elite 1,Cincinnati United CUSC BU12 North Elite 1 (OH),https://system.gotsport.com/org_event/events/54982/schedules?team=4184632,Cincinnati United
BPYSL,Male U12 - U12B Elite 1,FC Storm BU12 Premier 2 (OH),https://system.gotsport.com/org_event/events/54982/schedules?team=4233557,FC Storm
BPYSL,Male U12 - U12B Elite 1,Academia Ole 14/15 Black (OH),https://system.gotsport.com/org_event/events/54982/schedules?team=4231821,Academia Ole
BPYSL,Male U12 - U12B Premier 1,Troy Rattlers SC U12 Boys (OH),https://system.gotsport.com/org_event/events/54982/schedules?team=4113774,Troy Rattlers
BPYSL,Male U12 - U12B Premier 1,STAR Rush Cincinnati BU12 Blue (OH),https://system.gotsport.com/org_event/events/54982/schedules?team=4223145,STAR SC
BPYSL,Male U12 - U12B Premier 1,Kings Hammer KHA Warren County BU12 Blue (OH),https://system.gotsport.com/org_event/events/54982/schedules?team=4156375,Kings Hammer
BPYSL,Male U12 - U12B Premier 1,Madeira FC B2015 Orange (OH),https://system.gotsport.com/org_event/events/54982/schedules?team=4166816,Madeira FC
BPYSL,Male U12 - U12B Premier 1,Independence SC ISC U12B Green Titans (KY),https://system.gotsport.com/org_event/events/54982/schedules?team=4180153,Independence Soccer Club
BPYSL,Male U12 - U12B Premier 1,Cincinnati United CUSC BU12 North Elite 2 (OH),https://system.gotsport.com/org_event/events/54982/schedules?team=4184677,Cincinnati United
BPYSL,Male U12 - U12B Premier 1,Fairfield Optimist FOSC B14/15 Elite (OH),https://system.gotsport.com/org_event/events/54982/schedules?team=4211276,Fairfield Optimist
BPYSL,Male U12 - U12B Premier 1,Tipp City Youth Soccer FC Tipp Elite 2014/2015 - Mayer (OH),https://system.gotsport.com/org_event/events/54982/schedules?team=4124530,Tipp City Youth Soccer
BPYSL,Male U12 - U12B Premier 1,Kings Hammer KH Elite Cincinnati BU12-3 (KY),https://system.gotsport.com/org_event/events/54982/schedules?team=4119463,Kings Hammer
BPYSL,Male U12 - U12B Premier 1,FC Storm BU12 Premier 3 (OH),https://system.gotsport.com/org_event/events/54982/schedules?team=4172755,FC Storm
BPYSL,Male U12 - U12B Select Black,NWC Alliance 2033 Boys Elite (OH),https://system.gotsport.com/org_event/events/54982/schedules?team=4096895,NWC Alliance
BPYSL,Male U12 - U12B Select Black,Springboro Force SC B2033 (OH),https://system.gotsport.com/org_event/events/54982/schedules?team=4111902,Springboro Force SC
BPYSL,Male U12 - U12B Select Black,FC Storm BU12 Orange (OH),https://system.gotsport.com/org_event/events/54982/schedules?team=4166710,FC Storm
BPYSL,Male U12 - U12B Select Black,First Capital FC U12B JH (OH),https://system.gotsport.com/org_event/events/54982/schedules?team=4166863,First Capital FC
BPYSL,Male U12 - U12B Select Black,Club Ohio Dayton U12B Black (OH),https://system.gotsport.com/org_event/events/54982/schedules?team=4184054,Club Ohio
BPYSL,Male U12 - U12B Select Black,Dayton Futbol Academy DFA 2014/2015B Gold (OH),https://system.gotsport.com/org_event/events/54982/schedules?team=4177476,Dayton Futbol Academy
BPYSL,Male U12 - U12B Select Black,Butler United SC BUSC B14/15 Purple (OH),https://system.gotsport.com/org_event/events/54982/schedules?team=4185929,Butler United Soccer Club
BPYSL,Male U12 - U12B Select Black,Greene County Cosmos GC Cosmos B2014/2015 Green (OH),https://system.gotsport.com/org_event/events/54982/schedules?team=4195308,Greene County Cosmos
BPYSL,Male U12 - U12B Select Black,Bellbrook Soccer Association Ohio Fusion SC BU12 Blue (OH),https://system.gotsport.com/org_event/events/54982/schedules?team=4213463,Bellbrook Soccer Association
BPYSL,Male U12 - U12B Select Black,Cincinnati West CWSC BU12 Academy Elite (OH),https://system.gotsport.com/org_event/events/54982/schedules?team=4138241,Cincinnati West Soccer Club
BPYSL,Male U12 - U12B Select Black,Panthers FC U12 Pival (OH),https://system.gotsport.com/org_event/events/54982/schedules?team=4266107,Panthers FC
BPYSL,Male U13 - U13B Buckeye State,Kings Hammer KH Elite Cincinnati BU12-1 (OH),https://system.gotsport.com/org_event/events/54982/schedules?team=4119043,Kings Hammer
BPYSL,Male U13 - U13B Buckeye State,Warrior Soccer Club B13/14 Elite (OH),https://system.gotsport.com/org_event/events/54982/schedules?team=4147109,Warrior Soccer Club
BPYSL,Male U13 - U13B Buckeye State,Total Ginga Academy U13B (OH),https://system.gotsport.com/org_event/events/54982/schedules?team=4159456,Total Ginga
BPYSL,Male U13 - U13B Buckeye State,FC Storm BU13 Premier 1 (OH),https://system.gotsport.com/org_event/events/54982/schedules?team=4172789,FC Storm
BPYSL,Male U13 - U13B Buckeye State,Independence SC ISC U13B United Blue Wolves (KY),https://system.gotsport.com/org_event/events/54982/schedules?team=4180256,Independence Soccer Club
BPYSL,Male U13 - U13B Buckeye State,STAR Rush Cincinnati BU13 Blue (OH),https://system.gotsport.com/org_event/events/54982/schedules?team=4223102,STAR SC
BPYSL,Male U13 - U13B Buckeye State,Cincinnati United CUSC BU13 North Elite 1 (OH),https://system.gotsport.com/org_event/events/54982/schedules?team=4184687,Cincinnati United
BPYSL,Male U13 - U13B Buckeye State,Cincinnati United CUSC BU13 South Elite I (OH),https://system.gotsport.com/org_event/events/54982/schedules?team=4228111,Cincinnati United
BPYSL,Male U13 - U13B Elite 1,Cincy SC B13-14 Elite (OH),https://system.gotsport.com/org_event/events/54982/schedules?team=4144244,Cincy SC
BPYSL,Male U13 - U13B Elite 1,Independence SC ISC U13B United Green (KY),https://system.gotsport.com/org_event/events/54982/schedules?team=4179956,Independence Soccer Club
BPYSL,Male U13 - U13B Elite 1,FC Dayton U13 Boys Navy (OH),https://system.gotsport.com/org_event/events/54982/schedules?team=4198157,FC Dayton
BPYSL,Male U13 - U13B Elite 1,Real Soccer FC B2014 (OH),https://system.gotsport.com/org_event/events/54982/schedules?team=4226552,Real Soccer FC
BPYSL,Male U13 - U13B Elite 1,Cincinnati United CUSC BU13 South Yellow (OH),https://system.gotsport.com/org_event/events/54982/schedules?team=4228118,Cincinnati United
BPYSL,Male U13 - U13B Elite 1,Alliance Cincinnati SC ACSC Boys U13 Academy Gold (OH),https://system.gotsport.com/org_event/events/54982/schedules?team=4192125,Alliance Community Soccer Club
BPYSL,Male U13 - U13B Elite 1,Dayton Titans (OH),https://system.gotsport.com/org_event/events/54982/schedules?team=4107571,Dayton Titans
BPYSL,Male U13 - U13B Elite 1,Fusion FC NKY BU13 Green (KY),https://system.gotsport.com/org_event/events/54982/schedules?team=4183207,Fusion FC
BPYSL,Male U13 - U13B Elite 1,Ohio Galaxies FC U13 Boys Black 2 (OH),https://system.gotsport.com/org_event/events/54982/schedules?team=4191027,Ohio Galaxies FC
BPYSL,Male U13 - U13B Premier 1,Warrior Soccer Club B13/14 Premier (OH),https://system.gotsport.com/org_event/events/54982/schedules?team=4092715,Warrior Soccer Club
BPYSL,Male U13 - U13B Premier 1,Kings Hammer KH Elite Cincinnati BU12-2 (KY),https://system.gotsport.com/org_event/events/54982/schedules?team=4119061,Kings Hammer
BPYSL,Male U13 - U13B Premier 1,Lakota FC B13/14 Red (OH),https://system.gotsport.com/org_event/events/54982/schedules?team=4145132,Lakota FC
BPYSL,Male U13 - U13B Premier 1,Kings Hammer KHA NKY BU13 Red (KY),https://system.gotsport.com/org_event/events/54982/schedules?team=4181077,Kings Hammer
BPYSL,Male U13 - U13B Premier 1,Cincinnati United CUSC BU13 North Elite 2 (OH),https://system.gotsport.com/org_event/events/54982/schedules?team=4189648,Cincinnati United
BPYSL,Male U13 - U13B Premier 1,Ohio United FC B13/14 (OH),https://system.gotsport.com/org_event/events/54982/schedules?team=4193969,Ohio United FC
BPYSL,Male U13 - U13B Premier 1,FC Dayton U12 Boys Elite (OH),https://system.gotsport.com/org_event/events/54982/schedules?team=4137556,FC Dayton
BPYSL,Male U13 - U13B Premier 1,Ohio Galaxies FC BSA Celtic u12 Boys Blue (OH),https://system.gotsport.com/org_event/events/54982/schedules?team=4190595,Ohio Galaxies FC
BPYSL,Male U13 - U13B Premier 1,Club Ohio North U13B Green (OH),https://system.gotsport.com/org_event/events/54982/schedules?team=4171920,Club Ohio
BPYSL,Male U13 - U13B Premier 1,SouthStars SC B13/14 Elite (OH),https://system.gotsport.com/org_event/events/54982/schedules?team=4186354,SouthStars SC
BPYSL,Male U13 - U13b Select Black,NWC Alliance Soccer Club 2032 Boys Elite (OH),https://system.gotsport.com/org_event/events/54982/schedules?team=4096798,NWC Alliance
BPYSL,Male U13 - U13b Select Black,Northern Alliance SC B2014 (OH),https://system.gotsport.com/org_event/events/54982/schedules?team=4112518,Northern Alliance Soccer Club
BPYSL,Male U13 - U13b Select Black,Oakwood United SC - B13/14 Gold (OH),https://system.gotsport.com/org_event/events/54982/schedules?team=4133752,Oakwood United SC
BPYSL,Male U13 - U13b Select Black,Butler United SC B13/14 Purple Cobras (OH),https://system.gotsport.com/org_event/events/54982/schedules?team=4134652,Butler United Soccer Club
BPYSL,Male U13 - U13b Select Black,Greene County Cosmos B2013/2014 Green (OH),https://system.gotsport.com/org_event/events/54982/schedules?team=4163647,Greene County Cosmos
BPYSL,Male U13 - U13b Select Black,Ohio Galaxies FC u13 Boys Red (OH),https://system.gotsport.com/org_event/events/54982/schedules?team=4191068,Ohio Galaxies FC
BPYSL,Male U13 - U13b Select Black,FC Storm BU13 Premier 2 (OH),https://system.gotsport.com/org_event/events/54982/schedules?team=4172813,FC Storm
BPYSL,Male U13 - U13b Select Black,Dayton Kroc SC B2013/2014 (OH),https://system.gotsport.com/org_event/events/54982/schedules?team=4215140,Dayton Kroc SC
BPYSL,Male U13 - U13b Select Black,Bellbrook Soccer Association Ohio Fusion SC BU13 Blue (OH),https://system.gotsport.com/org_event/events/54982/schedules?team=4187147,Bellbrook Soccer Association
BPYSL,Male U13 - U13b Select Black,Greene County Cosmos B2013/2014 White (OH),https://system.gotsport.com/org_event/events/54982/schedules?team=4163799,Greene County Cosmos
BPYSL,Male U13 - U13b Select Black,Total Futbol Academy B2013-14 Premier (OH),https://system.gotsport.com/org_event/events/54982/schedules?team=4177839,Total Futbol Academy
BPYSL,Male U13 - U13b Select Black,Panthers FC U13 Pival (OH),https://system.gotsport.com/org_event/events/54982/schedules?team=4266126,Panthers FC
BPYSL,Male U13 - U13B Select Red,Madeira FC B2014 Blue (OH),https://system.gotsport.com/org_event/events/54982/schedules?team=4135574,Madeira FC
BPYSL,Male U13 - U13B Select Red,Cincinnati West BU13 Academy Elite (OH),https://system.gotsport.com/org_event/events/54982/schedules?team=4142047,Cincinnati West Soccer Club
BPYSL,Male U13 - U13B Select Red,On Goal Passion FC 2013/2014B Gray (OH),https://system.gotsport.com/org_event/events/54982/schedules?team=4148153,On Goal Passion FC
BPYSL,Male U13 - U13B Select Red,Butler Fury Soccer Club Youth Boys 2014 White (OH),https://system.gotsport.com/org_event/events/54982/schedules?team=4161067,Butler Fury Soccer Club
BPYSL,Male U13 - U13B Select Red,Kolping SC B32 Orange (OH),https://system.gotsport.com/org_event/events/54982/schedules?team=4191494,Kolping
BPYSL,Male U13 - U13B Select Red,Kings Hammer Cincinnati Warren County BU13 Black (OH),https://system.gotsport.com/org_event/events/54982/schedules?team=4191678,Kings Hammer
BPYSL,Male U13 - U13B Select Red,Kings Hammer Cincinnati Sycamore BU13 Green (OH),https://system.gotsport.com/org_event/events/54982/schedules?team=4191760,Kings Hammer
BPYSL,Male U13 - U13B Select Red,Nationals FC Courage (OH),https://system.gotsport.com/org_event/events/54982/schedules?team=4203185,Nationals FC
BPYSL,Male U13 - U13B Select Red,Fairfield Optimist Soccer Club Lebanon Warrior Premier B13/14 Maroon (OH),https://system.gotsport.com/org_event/events/54982/schedules?team=4211449,Fairfield Optimist
BPYSL,Male U13 - U13B Select Red,Mercury B2013/14 West (OH),https://system.gotsport.com/org_event/events/54982/schedules?team=4219564,Mercury Soccer
BPYSL,Male U13 - U13B Select Red,Fusion FC NKY BU13 Black (KY),https://system.gotsport.com/org_event/events/54982/schedules?team=4183157,Fusion FC
BPYSL,Male U14 - U14B Buckeye State,Oakwood United SC - B12/13 Gold (OH),https://system.gotsport.com/org_event/events/54982/schedules?team=4091200,Oakwood United SC
BPYSL,Male U14 - U14B Buckeye State,Troy Rattlers B13/14 Black (OH),https://system.gotsport.com/org_event/events/54982/schedules?team=4113320,Troy Rattlers
BPYSL,Male U14 - U14B Buckeye State,Cincinnati United Soccer Club BU14 North Elite 1 (OH),https://system.gotsport.com/org_event/events/54982/schedules?team=4184692,Cincinnati United
BPYSL,Male U14 - U14B Buckeye State,FC Storm BU14 Premier 1 (OH),https://system.gotsport.com/org_event/events/54982/schedules?team=4172863,FC Storm
BPYSL,Male U14 - U14B Buckeye State,Fusion FC NKY BU14 Green (KY),https://system.gotsport.com/org_event/events/54982/schedules?team=4183295,Fusion FC
BPYSL,Male U14 - U14B Buckeye State,Cincinnati United Soccer Club BU14 South Elite I (OH),https://system.gotsport.com/org_event/events/54982/schedules?team=4228133,Cincinnati United
BPYSL,Male U14 - U14B Elite 1,Little Miami FC U14 Boys Elite (OH),https://system.gotsport.com/org_event/events/54982/schedules?team=4135353,Little Miami FC
BPYSL,Male U14 - U14B Elite 1,Madeira FC B2013 Orange (OH),https://system.gotsport.com/org_event/events/54982/schedules?team=4167946,Madeira FC
BPYSL,Male U14 - U14B Elite 1,Greene County Cosmos B2012/2013 White (OH),https://system.gotsport.com/org_event/events/54982/schedules?team=4169812,Greene County Cosmos
BPYSL,Male U14 - U14B Elite 1,FC Storm BU14 Premier 2 (OH),https://system.gotsport.com/org_event/events/54982/schedules?team=4172877,FC Storm
BPYSL,Male U14 - U14B Elite 1,Inner Cincinnati SA U14 - Black (OH),https://system.gotsport.com/org_event/events/54982/schedules?team=4190882,Inner Cincinnati SA
BPYSL,Male U14 - U14B Elite 1,Alliance Cincinnati SC Boys U14 Academy Gold (OH),https://system.gotsport.com/org_event/events/54982/schedules?team=4192199,Alliance Community Soccer Club
BPYSL,Male U14 - U14B Elite 1,Oxford United FC B2012/2013 (OH),https://system.gotsport.com/org_event/events/54982/schedules?team=4189129,Oxford United FC
BPYSL,Male U14 - U14B Elite 1,Total Futbol Academy B2012-13 Premier (OH),https://system.gotsport.com/org_event/events/54982/schedules?team=4167561,Total Futbol Academy
BPYSL,Male U14 - U14B Elite 2,Independence SC U14B United Blue (KY),https://system.gotsport.com/org_event/events/54982/schedules?team=4180279,Independence Soccer Club
BPYSL,Male U14 - U14B Elite 2,Cincinnati United Soccer Club BU14 North Elite 2 (OH),https://system.gotsport.com/org_event/events/54982/schedules?team=4184695,Cincinnati United
BPYSL,Male U14 - U14B Elite 2,Ohio Galaxies FC U14 Boys Black 2 (OH),https://system.gotsport.com/org_event/events/54982/schedules?team=4191092,Ohio Galaxies FC
BPYSL,Male U14 - U14B Elite 2,STAR Rush Cincinnati BU14 Blue (OH),https://system.gotsport.com/org_event/events/54982/schedules?team=4223014,STAR SC
BPYSL,Male U14 - U14B Elite 2,Butler Fury Soccer Club Youth Boys 2013 White (OH),https://system.gotsport.com/org_event/events/54982/schedules?team=4088728,Butler Fury Soccer Club
BPYSL,Male U14 - U14B Elite 2,Campbell Soccer Club U14B Chang (KY),https://system.gotsport.com/org_event/events/54982/schedules?team=4175582,Campbell Soccer Club
BPYSL,Male U14 - U14B Premier 1,Lakota Futbol Club B12/13 Red (OH),https://system.gotsport.com/org_event/events/54982/schedules?team=4089946,Lakota FC
BPYSL,Male U14 - U14B Premier 1,Monroe Premier FC U14B Thunder (OH),https://system.gotsport.com/org_event/events/54982/schedules?team=4128681,Monroe Premier FC
BPYSL,Male U14 - U14B Premier 1,Cincinnati West BU14 Academy Elite (OH),https://system.gotsport.com/org_event/events/54982/schedules?team=4141580,Cincinnati West Soccer Club
BPYSL,Male U14 - U14B Premier 1,Kings Hammer Cincinnati NKY BU14 Red (KY),https://system.gotsport.com/org_event/events/54982/schedules?team=4181081,Kings Hammer
BPYSL,Male U14 - U14B Premier 1,Fusion FC NKY BU14 Black (KY),https://system.gotsport.com/org_event/events/54982/schedules?team=4183250,Fusion FC
BPYSL,Male U14 - U14B Premier 1,Cincy SC B12-13 Elite (OH),https://system.gotsport.com/org_event/events/54982/schedules?team=4143855,Cincy SC
BPYSL,Male U14 - U14B Premier 1,Dayton Kroc SC B2012/2013 (OH),https://system.gotsport.com/org_event/events/54982/schedules?team=4195552,Dayton Kroc SC
BPYSL,Male U14 - U14B Premier 1,FC Dayton Boys U14 Navy (OH),https://system.gotsport.com/org_event/events/54982/schedules?team=4198335,FC Dayton
BPYSL,Male U14 - U14B Premier 1,Fairfield Optimist Soccer Club B12/13 Premier (OH),https://system.gotsport.com/org_event/events/54982/schedules?team=4211225,Fairfield Optimist
BPYSL,Male U14 - U14B Premier 1,Olimpia USA Soccer Purple U14 Academy (OH),https://system.gotsport.com/org_event/events/54982/schedules?team=4155629,Olimpia USA Soccer
BPYSL,Male U14 - U14B Select Black,Butler United SC B12/13 Alliance (OH),https://system.gotsport.com/org_event/events/54982/schedules?team=4191856,Butler United Soccer Club
BPYSL,Male U14 - U14B Select Black,Ohio United FC B12 Force Blue (OH),https://system.gotsport.com/org_event/events/54982/schedules?team=4114738,Ohio United FC
BPYSL,Male U14 - U14B Select Black,Ohio Galaxies FC u14 Boys Red (OH),https://system.gotsport.com/org_event/events/54982/schedules?team=4191109,Ohio Galaxies FC
BPYSL,Male U14 - U14B Select Black,FC Dem Kanam U14B (OH),https://system.gotsport.com/org_event/events/54982/schedules?team=4239217,FC Dem Kanam
BPYSL,Male U14 - U14B Select Black,Springfield Thunder SC B2013 Navy (OH),https://system.gotsport.com/org_event/events/54982/schedules?team=4144833,Springfield Thunder SC
BPYSL,Male U14 - U14B Select Black,Warrior Soccer Club B12/13 White (OH),https://system.gotsport.com/org_event/events/54982/schedules?team=4095021,Warrior Soccer Club
BPYSL,Male U14 - U14B Select Red,Fusion FC NKY BU14 White (KY),https://system.gotsport.com/org_event/events/54982/schedules?team=4183322,Fusion FC
BPYSL,Male U14 - U14B Select Red,Mercury BSC Premier B12/13 (OH),https://system.gotsport.com/org_event/events/54982/schedules?team=4092505,Mercury Soccer
BPYSL,Male U14 - U14B Select Red,Kings Hammer Cincinnati Warren County BU14 Black (OH),https://system.gotsport.com/org_event/events/54982/schedules?team=4191753,Kings Hammer
BPYSL,Male U14 - U14B Select Red,Mercury B2012/13 West (OH),https://system.gotsport.com/org_event/events/54982/schedules?team=4231449,Mercury Soccer
BPYSL,Male U14 - U14B Select Red,Cincinnati United Soccer Club BU14 South Yellow (OH),https://system.gotsport.com/org_event/events/54982/schedules?team=4228139,Cincinnati United
BPYSL,Male U14 - U14B Select Red,Kings Hammer Cincinnati Sycamore BU14 Green (OH),https://system.gotsport.com/org_event/events/54982/schedules?team=4191769,Kings Hammer
BPYSL,Male U15 - U15B Buckeye State,NWC Alliance Soccer Club 2031 Boys Elite (OH),https://system.gotsport.com/org_event/events/54982/schedules?team=4095268,NWC Alliance
BPYSL,Male U15 - U15B Buckeye State,Ohio United FC Price Hill West B12 (OH),https://system.gotsport.com/org_event/events/54982/schedules?team=4177452,Ohio United FC
BPYSL,Male U15 - U15B Buckeye State,Butler United SC B11/12 Gray Wolves (OH),https://system.gotsport.com/org_event/events/54982/schedules?team=4180471,Butler United Soccer Club
BPYSL,Male U15 - U15B Buckeye State,Oakwood United SC - B11/12 Gold (OH),https://system.gotsport.com/org_event/events/54982/schedules?team=4207519,Oakwood United SC
BPYSL,Male U15 - U15B Buckeye State,Ohio Galaxies FC ECNL RL B2012/13 (OH),https://system.gotsport.com/org_event/events/54982/schedules?team=4245463,Ohio Galaxies FC
BPYSL,Male U15 - U15B Premier 1,Springboro Force SC B2031 (OH),https://system.gotsport.com/org_event/events/54982/schedules?team=4137554,Springboro Force SC
BPYSL,Male U15 - U15B Premier 1,Olimpia USA Soccer 2012/2011 Fall 2026 Academy (OH),https://system.gotsport.com/org_event/events/54982/schedules?team=4155232,Olimpia USA Soccer
BPYSL,Male U15 - U15B Premier 1,Troy Renegades B12 (OH),https://system.gotsport.com/org_event/events/54982/schedules?team=4166851,Troy Renegades
BPYSL,Male U15 - U15B Premier 1,Southwest SC B12 Gold (OH),https://system.gotsport.com/org_event/events/54982/schedules?team=4189743,Southwest SC
BPYSL,Male U15 - U15B Premier 1,Inner Cincinnati SA U14/U15 - White (OH),https://system.gotsport.com/org_event/events/54982/schedules?team=4190915,Inner Cincinnati SA
BPYSL,Male U15 - U15B Premier 1,Bellbrook Soccer Association Ohio Fusion SC BU14 (OH),https://system.gotsport.com/org_event/events/54982/schedules?team=4187231,Bellbrook Soccer Association
BPYSL,Female U11 - U11G Buckeye State,Tipp City Youth Soccer FC Tipp Storm 2016 (OH),https://system.gotsport.com/org_event/events/54982/schedules?team=4097114,Tipp City Youth Soccer
BPYSL,Female U11 - U11G Buckeye State,NWC Alliance Soccer Club 2034 Girls Elite (OH),https://system.gotsport.com/org_event/events/54982/schedules?team=4103134,NWC Alliance
BPYSL,Female U11 - U11G Buckeye State,Lakota Futbol Club Pre-ECNL G2015/16 Black (OH),https://system.gotsport.com/org_event/events/54982/schedules?team=4188933,Lakota FC
BPYSL,Female U11 - U11G Buckeye State,Bellbrook Soccer Association Ohio Fusion SC GU11 Blue (OH),https://system.gotsport.com/org_event/events/54982/schedules?team=4176323,Bellbrook Soccer Association
BPYSL,Female U11 - U11G Buckeye State,Kings Hammer Cincinnati Elite Cincinnati GU11-1 (KY),https://system.gotsport.com/org_event/events/54982/schedules?team=4119477,Kings Hammer
BPYSL,Female U11 - U11G Buckeye State,Cincinnati United Soccer Club GU11 Premier Silver (OH),https://system.gotsport.com/org_event/events/54982/schedules?team=4183780,Cincinnati United
BPYSL,Female U11 - U11G Elite 1,FC Storm GU11 Premier 1 (OH),https://system.gotsport.com/org_event/events/54982/schedules?team=4172711,FC Storm
BPYSL,Female U11 - U11G Elite 1,Cincy SC G15-16 Premier (OH),https://system.gotsport.com/org_event/events/54982/schedules?team=4189067,Cincy SC
BPYSL,Female U11 - U11G Elite 1,Oakwood United SC - G15/16 Gold (OH),https://system.gotsport.com/org_event/events/54982/schedules?team=4092897,Oakwood United SC
BPYSL,Female U11 - U11G Elite 1,Fusion FC NKY GU11 Green (KY),https://system.gotsport.com/org_event/events/54982/schedules?team=4182822,Fusion FC
BPYSL,Female U11 - U11G Elite 1,Ohio Galaxies FC BSA Celtic U10 Girls White (OH),https://system.gotsport.com/org_event/events/54982/schedules?team=4190544,Ohio Galaxies FC
BPYSL,Female U11 - U11G Elite 1,Cincinnati United Soccer Club GU11 Premier South (OH),https://system.gotsport.com/org_event/events/54982/schedules?team=4184001,Cincinnati United
BPYSL,Female U11 - U11G Elite 1,Cincinnati United Soccer Club GU11 Premier North (OH),https://system.gotsport.com/org_event/events/54982/schedules?team=4183945,Cincinnati United
BPYSL,Female U11 - U11G Elite 1,Ohio Galaxies FC BSA Celtic U11 Girls Blue (OH),https://system.gotsport.com/org_event/events/54982/schedules?team=4190517,Ohio Galaxies FC
BPYSL,Female U11 - U11G Premier 1,NWC Alliance Soccer Club 2034 Girls Premier (OH),https://system.gotsport.com/org_event/events/54982/schedules?team=4103173,NWC Alliance
BPYSL,Female U11 - U11G Premier 1,Kings Hammer Cincinnati Elite Cincinnati GU11-2 (OH),https://system.gotsport.com/org_event/events/54982/schedules?team=4119517,Kings Hammer
BPYSL,Female U11 - U11G Premier 1,Warrior Soccer Club G15/16 White (OH),https://system.gotsport.com/org_event/events/54982/schedules?team=4125916,Warrior Soccer Club
BPYSL,Female U11 - U11G Premier 1,Little Miami FC U11G Elite (OH),https://system.gotsport.com/org_event/events/54982/schedules?team=4134379,Little Miami FC
BPYSL,Female U11 - U11G Premier 1,Greene County Cosmos G2015/2016 Green (OH),https://system.gotsport.com/org_event/events/54982/schedules?team=4143673,Greene County Cosmos
BPYSL,Female U11 - U11G Premier 1,Fairfield Optimist Soccer Club G15/16 Elite (OH),https://system.gotsport.com/org_event/events/54982/schedules?team=4211146,Fairfield Optimist
BPYSL,Female U11 - U11G Premier 1,Northwest Cincy Soccer Coalition G15/16 Blue (OH),https://system.gotsport.com/org_event/events/54982/schedules?team=4190284,Northwest Cincy Soccer Coalition
BPYSL,Female U11 - U11G Premier 1,FC Storm GU11 Premier 2 (OH),https://system.gotsport.com/org_event/events/54982/schedules?team=4172727,FC Storm
BPYSL,Female U11 - U11G Premier 1,Fairfield Optimist Lebanon Warrior Premier G15/16 Maroon (OH),https://system.gotsport.com/org_event/events/54982/schedules?team=4211432,Fairfield Optimist
BPYSL,Female U11 - U11G Premier 1,Ohio Galaxies FC BSA Celtic U10 Girls Blue (OH),https://system.gotsport.com/org_event/events/54982/schedules?team=4190570,Ohio Galaxies FC
BPYSL,Female U11 - U11G Premier 1,Cincinnati United GU11 North Elite 1 (OH),https://system.gotsport.com/org_event/events/54982/schedules?team=4184513,Cincinnati United
BPYSL,Female U12 - U12G Buckeye State,Cincy Galaxy SC 2015G Grey (OH),https://system.gotsport.com/org_event/events/54982/schedules?team=4170718,Cincy Galaxy SC
BPYSL,Female U12 - U12G Buckeye State,Fusion FC NKY GU12 Green (KY),https://system.gotsport.com/org_event/events/54982/schedules?team=4183059,Fusion FC
BPYSL,Female U12 - U12G Buckeye State,Kolping SC G33 NLA (OH),https://system.gotsport.com/org_event/events/54982/schedules?team=4191345,Kolping
BPYSL,Female U12 - U12G Buckeye State,Cincinnati United GU12 Premier Silver (OH),https://system.gotsport.com/org_event/events/54982/schedules?team=4184303,Cincinnati United
BPYSL,Female U12 - U12G Buckeye State,Cincy SC G14-15 Premier (OH),https://system.gotsport.com/org_event/events/54982/schedules?team=4189048,Cincy SC
BPYSL,Female U12 - U12G Elite 1,Lakota FC G14/15 Red (OH),https://system.gotsport.com/org_event/events/54982/schedules?team=4178160,Lakota FC
BPYSL,Female U12 - U12G Elite 1,Waynesville FC U12G (OH),https://system.gotsport.com/org_event/events/54982/schedules?team=4189957,Waynesville FC
BPYSL,Female U12 - U12G Elite 1,Cincinnati United GU12 Premier North (OH),https://system.gotsport.com/org_event/events/54982/schedules?team=4184335,Cincinnati United
BPYSL,Female U12 - U12G Elite 1,Cincinnati United GU12 Premier South (OH),https://system.gotsport.com/org_event/events/54982/schedules?team=4184355,Cincinnati United
BPYSL,Female U12 - U12G Elite 1,Impact GFC GU12 Premier (OH),https://system.gotsport.com/org_event/events/54982/schedules?team=4192039,Impact GFC
BPYSL,Female U12 - U12G Elite 1,SouthStars SC G33/34 Elite (OH),https://system.gotsport.com/org_event/events/54982/schedules?team=4123188,SouthStars SC
BPYSL,Female U12 - U12G Premier 1,Total Ginga Academy U12G (OH),https://system.gotsport.com/org_event/events/54982/schedules?team=4189244,Total Ginga
BPYSL,Female U12 - U12G Premier 1,Cincinnati United GU12 North Elite 1 (OH),https://system.gotsport.com/org_event/events/54982/schedules?team=4184524,Cincinnati United
BPYSL,Female U12 - U12G Premier 1,Cincy SC G14-15 Elite (OH),https://system.gotsport.com/org_event/events/54982/schedules?team=4189060,Cincy SC
BPYSL,Female U12 - U12G Premier 1,Oakwood United SC G14/15 Gold (OH),https://system.gotsport.com/org_event/events/54982/schedules?team=4125757,Oakwood United
BPYSL,Female U12 - U12G Premier 1,Lawrenceburg Greendale Soccer Club Lightning (OH),https://system.gotsport.com/org_event/events/54982/schedules?team=4118952,Lawrenceburg Greendale Soccer Club
BPYSL,Female U12 - U12G Premier 1,NWC Alliance 2033 Girls Elite (OH),https://system.gotsport.com/org_event/events/54982/schedules?team=4103206,NWC Alliance
BPYSL,Female U12 - U12G Premier 1,Eclipse FC Elite (OH),https://system.gotsport.com/org_event/events/54982/schedules?team=4138297,Eclipse FC
BPYSL,Female U12 - U12G Premier 1,Dayton Futbol Academy 2014/2015G Gold (OH),https://system.gotsport.com/org_event/events/54982/schedules?team=4177287,Dayton Futbol Academy
BPYSL,Female U12 - U12G Select Red,FC Storm GU12 Premier 3 (OH),https://system.gotsport.com/org_event/events/54982/schedules?team=4172772,FC Storm
BPYSL,Female U12 - U12G Select Red,Cincinnati United GU12 South Elite I (OH),https://system.gotsport.com/org_event/events/54982/schedules?team=4228024,Cincinnati United
BPYSL,Female U12 - U12G Select Red,Little Miami FC U12 Girls Elite (OH),https://system.gotsport.com/org_event/events/54982/schedules?team=4134375,Little Miami FC
BPYSL,Female U12 - U12G Select Red,Nationals FC Strikers (OH),https://system.gotsport.com/org_event/events/54982/schedules?team=4197830,Nationals FC
BPYSL,Female U12 - U12G Select Red,Fairfield Optimist G14/15 Premier (OH),https://system.gotsport.com/org_event/events/54982/schedules?team=4211094,Fairfield Optimist
BPYSL,Female U12 - U12G Select Red,Total Futbol Academy G2014-15 Premier (OH),https://system.gotsport.com/org_event/events/54982/schedules?team=4206371,Total Futbol Academy
BPYSL,Female U12 - U12G Select Red,Mercury SJB Premier G15 Blue Jays (OH),https://system.gotsport.com/org_event/events/54982/schedules?team=4099258,Mercury Soccer
BPYSL,Female U12 - U12G Select Red,Shelby County Youth Soccer WOU G15 Black (OH),https://system.gotsport.com/org_event/events/54982/schedules?team=4089297,Shelby County Youth Soccer
BPYSL,Female U12 - U12G Select Black,Dayton Kroc SC G2014/2015 (OH),https://system.gotsport.com/org_event/events/54982/schedules?team=4215193,Dayton Kroc SC
BPYSL,Female U12 - U12G Select Black,FC Dayton U12 Girls Navy (OH),https://system.gotsport.com/org_event/events/54982/schedules?team=4137526,FC Dayton
BPYSL,Female U12 - U12G Select Black,Springboro Force SC G2033 (OH),https://system.gotsport.com/org_event/events/54982/schedules?team=4137665,Springboro Force SC
BPYSL,Female U12 - U12G Select Black,Bellbrook Soccer Association Ohio Fusion SC GU12 (OH),https://system.gotsport.com/org_event/events/54982/schedules?team=4176378,Bellbrook Soccer Association
BPYSL,Female U12 - U12G Select Black,Ohio Galaxies FC BSA Celtic u12 Girls Red (OH),https://system.gotsport.com/org_event/events/54982/schedules?team=4190501,Ohio Galaxies FC
BPYSL,Female U12 - U12G Select Black,NWC Alliance 2033 Girls Premier (OH),https://system.gotsport.com/org_event/events/54982/schedules?team=4103244,NWC Alliance
BPYSL,Female U12 - U12G Select Black,Greene County Cosmos G2014/2015 Green (OH),https://system.gotsport.com/org_event/events/54982/schedules?team=4183666,Greene County Cosmos
BPYSL,Female U12 - U12G Select Black,SouthStars SC G14/15 White (OH),https://system.gotsport.com/org_event/events/54982/schedules?team=4173509,SouthStars SC
BPYSL,Female U13 - U13G Buckeye State,Greene County Cosmos G2013/2014 Green (OH),https://system.gotsport.com/org_event/events/54982/schedules?team=4133397,Greene County Cosmos
BPYSL,Female U13 - U13G Buckeye State,Little Miami FC U13 Girls Elite (OH),https://system.gotsport.com/org_event/events/54982/schedules?team=4135357,Little Miami FC
BPYSL,Female U13 - U13G Buckeye State,Independence SC U13G United Blue (KY),https://system.gotsport.com/org_event/events/54982/schedules?team=4197421,Independence Soccer Club
BPYSL,Female U13 - U13G Buckeye State,Mercury BSC Premier G13/14 (OH),https://system.gotsport.com/org_event/events/54982/schedules?team=4086680,Mercury Soccer
BPYSL,Female U13 - U13G Buckeye State,Kings Hammer Elite Cincinnati GU12-1 (KY),https://system.gotsport.com/org_event/events/54982/schedules?team=4119537,Kings Hammer
BPYSL,Female U13 - U13G Buckeye State,Lakota FC G2014/15 Black (OH),https://system.gotsport.com/org_event/events/54982/schedules?team=4150563,Lakota FC
BPYSL,Female U13 - U13G Buckeye State,Cincinnati United GU13 North Elite 1 (OH),https://system.gotsport.com/org_event/events/54982/schedules?team=4184531,Cincinnati United
BPYSL,Female U13 - U13G Buckeye State,Total Futbol Academy G2013-14 Premier (OH),https://system.gotsport.com/org_event/events/54982/schedules?team=4192848,Total Futbol Academy
BPYSL,Female U13 - U13G Buckeye State,Cincinnati United GU13 South Elite I (OH),https://system.gotsport.com/org_event/events/54982/schedules?team=4228083,Cincinnati United
BPYSL,Female U13 - U13G Premier 1,FC Dayton Pre-ECNL RL G2014/15 (OH),https://system.gotsport.com/org_event/events/54982/schedules?team=4137455,FC Dayton
BPYSL,Female U13 - U13G Premier 1,Kings Hammer NKY GU13 Red (KY),https://system.gotsport.com/org_event/events/54982/schedules?team=4181063,Kings Hammer
BPYSL,Female U13 - U13G Premier 1,Butler United SC G13/14 Purple (OH),https://system.gotsport.com/org_event/events/54982/schedules?team=4165874,Butler United Soccer Club
BPYSL,Female U13 - U13G Premier 1,Oakwood United SC G13/14 Gold (OH),https://system.gotsport.com/org_event/events/54982/schedules?team=4168139,Oakwood United
BPYSL,Female U13 - U13G Premier 1,FC Storm GU13 Premier 2 (OH),https://system.gotsport.com/org_event/events/54982/schedules?team=4172833,FC Storm
BPYSL,Female U13 - U13G Premier 1,Butler United SC FC Tipp 2014/2015 - Lightning (OH),https://system.gotsport.com/org_event/events/54982/schedules?team=4158888,Butler United Soccer Club
BPYSL,Female U13 - U13G Premier 1,Cincy SC G13-14 Elite (OH),https://system.gotsport.com/org_event/events/54982/schedules?team=4189040,Cincy SC
BPYSL,Female U13 - U13G Select Black,Springboro Force SC G2032 (OH),https://system.gotsport.com/org_event/events/54982/schedules?team=4091136,Springboro Force SC
BPYSL,Female U13 - U13G Select Black,NWC Alliance 2032 Girls Premier (OH),https://system.gotsport.com/org_event/events/54982/schedules?team=4103336,NWC Alliance
BPYSL,Female U13 - U13G Select Black,Butler United SC G14/15 Purple Diamonds (OH),https://system.gotsport.com/org_event/events/54982/schedules?team=4175098,Butler United Soccer Club
BPYSL,Female U13 - U13G Select Black,Dynamo FC 2014/15 Girls Red (IN),https://system.gotsport.com/org_event/events/54982/schedules?team=4160358,Dynamo FC
BPYSL,Female U13 - U13G Select Black,Club X Elite U13 (OH),https://system.gotsport.com/org_event/events/54982/schedules?team=4161948,Club X
BPYSL,Female U13 - U13G Select Black,Warrior Soccer Club G13/14 White (OH),https://system.gotsport.com/org_event/events/54982/schedules?team=4166464,Warrior Soccer Club
BPYSL,Female U13 - U13G Select Black,Springfield Thunder SC G2014 (OH),https://system.gotsport.com/org_event/events/54982/schedules?team=4168366,Springfield Thunder
BPYSL,Female U13 - U13G Select Black,Ohio Galaxies FC BSA Celtic U12 Girls Blue (OH),https://system.gotsport.com/org_event/events/54982/schedules?team=4190480,Ohio Galaxies FC
BPYSL,Female U13 - U13G Select Black,Troy Rattlers G13/14 (OH),https://system.gotsport.com/org_event/events/54982/schedules?team=4127989,Troy Rattlers
BPYSL,Female U13 - U13G Select Black,Greene County Cosmos G2013/2014 White (OH),https://system.gotsport.com/org_event/events/54982/schedules?team=4133439,Greene County Cosmos
BPYSL,Female U13 - U13G Select Black,Butler United SC G13/14 Blaze (OH),https://system.gotsport.com/org_event/events/54982/schedules?team=4168341,Butler United Soccer Club
BPYSL,Female U13 - U13G Select Black,Panthers FC 2014 Girls (OH),https://system.gotsport.com/org_event/events/54982/schedules?team=4266074,Panthers FC
BPYSL,Female U13 - U13G Select Red,Lakota FC G13/14 Red (OH),https://system.gotsport.com/org_event/events/54982/schedules?team=4139247,Lakota FC
BPYSL,Female U13 - U13G Select Red,On Goal Passion FC 2013/2014G Gray (OH),https://system.gotsport.com/org_event/events/54982/schedules?team=4149549,On Goal Passion FC
BPYSL,Female U13 - U13G Select Red,Eclipse FC Thundercats (OH),https://system.gotsport.com/org_event/events/54982/schedules?team=4143543,Eclipse FC
BPYSL,Female U13 - U13G Select Red,Madeira FC G2014 Orange (OH),https://system.gotsport.com/org_event/events/54982/schedules?team=4174106,Madeira FC
BPYSL,Female U13 - U13G Select Red,Cincinnati West GU13 Academy Red (OH),https://system.gotsport.com/org_event/events/54982/schedules?team=4186730,Cincinnati West Soccer Club
BPYSL,Female U13 - U13G Select Red,Kings Hammer Sycamore GU13 Green (OH),https://system.gotsport.com/org_event/events/54982/schedules?team=4191775,Kings Hammer
BPYSL,Female U13 - U13G Select Red,Kolping SC G32 Orange (OH),https://system.gotsport.com/org_event/events/54982/schedules?team=4191380,Kolping
BPYSL,Female U13 - U13G Select Red,Fairfield Optimist G13/14 Premier (OH),https://system.gotsport.com/org_event/events/54982/schedules?team=4211031,Fairfield Optimist
BPYSL,Female U13 - U13G Select Red,Kings Hammer Elite Cincinnati GU12-2 (KY),https://system.gotsport.com/org_event/events/54982/schedules?team=4119545,Kings Hammer
BPYSL,Female U13 - U13G Select Red,Alliance Cincinnati SC Girls U13 Academy (OH),https://system.gotsport.com/org_event/events/54982/schedules?team=4192152,Alliance Community Soccer Club
BPYSL,Female U13 - U13G Select Red,Independence SC U13G United Green Rising Fury (KY),https://system.gotsport.com/org_event/events/54982/schedules?team=4197461,Independence Soccer Club
BPYSL,Female U14 - U14G Buckeye State,Butler United SC G12/13 Gray Bombers (OH),https://system.gotsport.com/org_event/events/54982/schedules?team=4151164,Butler United Soccer Club
BPYSL,Female U14 - U14G Buckeye State,Lakota FC G12/13 Black (OH),https://system.gotsport.com/org_event/events/54982/schedules?team=4151395,Lakota FC
BPYSL,Female U14 - U14G Buckeye State,FC Storm GU14 Premier 1 (OH),https://system.gotsport.com/org_event/events/54982/schedules?team=4172908,FC Storm
BPYSL,Female U14 - U14G Buckeye State,Nationals FC Elite G12/13 (OH),https://system.gotsport.com/org_event/events/54982/schedules?team=4181405,Nationals FC
BPYSL,Female U14 - U14G Buckeye State,Fusion FC NKY GU14 Green (KY),https://system.gotsport.com/org_event/events/54982/schedules?team=4183376,Fusion FC
BPYSL,Female U14 - U14G Buckeye State,Kolping SC G31 Orange (OH),https://system.gotsport.com/org_event/events/54982/schedules?team=4191416,Kolping
BPYSL,Female U14 - U14G Buckeye State,Cincinnati West GU14 Academy Red (OH),https://system.gotsport.com/org_event/events/54982/schedules?team=4192741,Cincinnati West Soccer Club
BPYSL,Female U14 - U14G Buckeye State,Bellbrook Soccer Association Ohio Fusion SC GU14/13 Blue (OH),https://system.gotsport.com/org_event/events/54982/schedules?team=4193017,Bellbrook Soccer Association
BPYSL,Female U14 - U14G Buckeye State,Independence SC U14G United Blue (KY),https://system.gotsport.com/org_event/events/54982/schedules?team=4197378,Independence Soccer Club
BPYSL,Female U14 - U14G Buckeye State,Little Miami FC U14 Girls Elite (OH),https://system.gotsport.com/org_event/events/54982/schedules?team=4199318,Little Miami FC
BPYSL,Female U14 - U14G Buckeye State,Cincy SC G12-13 Elite (OH),https://system.gotsport.com/org_event/events/54982/schedules?team=4189032,Cincy SC
BPYSL,Female U14 - U14G Elite 1,Butler United SC G12/13 Hurricanes (OH),https://system.gotsport.com/org_event/events/54982/schedules?team=4114691,Butler United Soccer Club
BPYSL,Female U14 - U14G Elite 1,Oakwood United SC G12/13 Gold (OH),https://system.gotsport.com/org_event/events/54982/schedules?team=4120656,Oakwood United
BPYSL,Female U14 - U14G Elite 1,Kings Hammer NKY GU14 Red (KY),https://system.gotsport.com/org_event/events/54982/schedules?team=4181071,Kings Hammer
BPYSL,Female U14 - U14G Elite 1,Fusion FC NKY GU14 Black (KY),https://system.gotsport.com/org_event/events/54982/schedules?team=4183349,Fusion FC
BPYSL,Female U14 - U14G Elite 1,Cincinnati United GU14 North Elite 1 (OH),https://system.gotsport.com/org_event/events/54982/schedules?team=4184561,Cincinnati United
BPYSL,Female U14 - U14G Elite 1,Total Futbol Academy G2012-13 Premier (OH),https://system.gotsport.com/org_event/events/54982/schedules?team=4192786,Total Futbol Academy
BPYSL,Female U14 - U14G Elite 1,Cincinnati United Gu14 South Elite I (OH),https://system.gotsport.com/org_event/events/54982/schedules?team=4228090,Cincinnati United
BPYSL,Female U14 - U14G Elite 1,STAR Rush GU14 Blue (OH),https://system.gotsport.com/org_event/events/54982/schedules?team=4223278,STAR SC
BPYSL,Female U14 - U14G Elite 1,Tempest FC G12 Premier (OH),https://system.gotsport.com/org_event/events/54982/schedules?team=4138211,Tempest FC
BPYSL,Female U14 - U14G Premier 1,Greene County Cosmos G2012/2013 Green (OH),https://system.gotsport.com/org_event/events/54982/schedules?team=4116114,Greene County Cosmos
BPYSL,Female U14 - U14G Premier 1,Shelby Youth Soccer Shelby Storm 2013G (OH),https://system.gotsport.com/org_event/events/54982/schedules?team=4124838,Shelby Youth Soccer
BPYSL,Female U14 - U14G Premier 1,Total Ginga Academy U14G (KY),https://system.gotsport.com/org_event/events/54982/schedules?team=4159775,Total Ginga
BPYSL,Female U14 - U14G Premier 1,Lakota FC G12/13 Red (OH),https://system.gotsport.com/org_event/events/54982/schedules?team=4177875,Lakota FC
BPYSL,Female U14 - U14G Premier 1,Independence SC U14G United Green Regulators (KY),https://system.gotsport.com/org_event/events/54982/schedules?team=4197209,Independence Soccer Club
BPYSL,Female U14 - U14G Premier 1,Impact GFC GU14 Blue (OH),https://system.gotsport.com/org_event/events/54982/schedules?team=4195500,Impact GFC
BPYSL,Female U14 - U14G Premier 1,Nationals FC Gold G12/13 (OH),https://system.gotsport.com/org_event/events/54982/schedules?team=4203184,Nationals FC
BPYSL,Female U14 - U14G Premier 1,Shelby County Youth Soccer WOU G12/13 (OH),https://system.gotsport.com/org_event/events/54982/schedules?team=4188463,Shelby County Youth Soccer
BPYSL,Female U14 - U14G Premier 1,Bellbrook Soccer Association Ohio Fusion SC GU14/13 Black (OH),https://system.gotsport.com/org_event/events/54982/schedules?team=4119384,Ohio Fusion SC
BPYSL,Female U14 - U14G Select Red,Cincinnati Elite FC GU14 Gold (2012/13) (OH),https://system.gotsport.com/org_event/events/54982/schedules?team=4171881,Cincinnati Elite
BPYSL,Female U14 - U14G Select Red,FC Storm GU14 Premier 2 (OH),https://system.gotsport.com/org_event/events/54982/schedules?team=4172915,FC Storm
BPYSL,Female U14 - U14G Select Red,Cincy SC G12-13 Navy (OH),https://system.gotsport.com/org_event/events/54982/schedules?team=4189025,Cincy SC
BPYSL,Female U14 - U14G Select Red,Fairfield Optimist SC FOSC G12/13 Premier (OH),https://system.gotsport.com/org_event/events/54982/schedules?team=4180486,Fairfield Optimist
BPYSL,Female U14 - U14G Select Red,Kolping SC G31 Fall (OH),https://system.gotsport.com/org_event/events/54982/schedules?team=4191437,Kolping
BPYSL,Female U14 - U14G Select Red,Cincinnati United SC CUSC Gu14 South Elite II (OH),https://system.gotsport.com/org_event/events/54982/schedules?team=4228092,Cincinnati United
BPYSL,Female U14 - U14G Select Red,Mercury BSC Premier G12/13 (OH),https://system.gotsport.com/org_event/events/54982/schedules?team=4086211,Mercury Soccer
BPYSL,Female U14 - U14G Select Silver,Mercury BSC Premier G12/13 Yellow (OH),https://system.gotsport.com/org_event/events/54982/schedules?team=4228193,Mercury Soccer
BPYSL,Female U14 - U14G Select Silver,Fusion FC NKY GU14 White (KY),https://system.gotsport.com/org_event/events/54982/schedules?team=4183398,Fusion FC
BPYSL,Female U14 - U14G Select Silver,Kolping SC G31 Black (OH),https://system.gotsport.com/org_event/events/54982/schedules?team=4191425,Kolping
BPYSL,Female U14 - U14G Select Silver,STAR Rush Cincinnati U14G Blue (OH),https://system.gotsport.com/org_event/events/54982/schedules?team=4223233,STAR SC
BPYSL,Female U14 - U14G Select Silver,ISC Storm G12 Lightning (OH),https://system.gotsport.com/org_event/events/54982/schedules?team=4227385,ISC Storm Soccer Club
BPYSL,Female U15 - U15G Elite 1,Lawrenceburg Greendale SC LGSC Ambush (OH),https://system.gotsport.com/org_event/events/54982/schedules?team=4161797,Lawrenceburg Greendale Soccer Club
BPYSL,Female U15 - U15G Elite 1,Eclipse FC Thunder (OH),https://system.gotsport.com/org_event/events/54982/schedules?team=4201984,Eclipse FC
BPYSL,Female U15 - U15G Elite 1,Dayton Futbol Academy DFA 2012/2013G Elite (OH),https://system.gotsport.com/org_event/events/54982/schedules?team=4177355,Dayton Futbol Academy
BPYSL,Female U15 - U15G Elite 1,Independence SC U15G Shadow Strikers (KY),https://system.gotsport.com/org_event/events/54982/schedules?team=4196930,Independence Soccer Club
BPYSL,Female U15 - U14/U15G Select Black,Marauders Premier FC G13/14 (OH),https://system.gotsport.com/org_event/events/54982/schedules?team=4094209,Marauders Premier FC
BPYSL,Female U15 - U14/U15G Select Black,NWC Alliance 2031 Girls Premier (OH),https://system.gotsport.com/org_event/events/54982/schedules?team=4103747,NWC Alliance
BPYSL,Female U15 - U14/U15G Select Black,Troy Rattlers SC U14 Girls (OH),https://system.gotsport.com/org_event/events/54982/schedules?team=4113944,Troy Rattlers
BPYSL,Female U15 - U14/U15G Select Black,Springboro Force SC G2031 (OH),https://system.gotsport.com/org_event/events/54982/schedules?team=4137646,Springboro Force SC
BPYSL,Female U15 - U14/U15G Select Black,Northern Alliance SC U14 (OH),https://system.gotsport.com/org_event/events/54982/schedules?team=4151122,Northern Alliance Soccer Club
BPYSL,Female U15 - U14/U15G Select Black,Oakwood United SC - G12/13 Navy (OH),https://system.gotsport.com/org_event/events/54982/schedules?team=4168039,Oakwood United
BPYSL,Female U15 - U14/U15G Select Black,Warrior SC G12/13 White (OH),https://system.gotsport.com/org_event/events/54982/schedules?team=4187252,Warrior Soccer Club
BPYSL,Female U15 - U14/U15G Select Black,SouthStars SC G12/13 (OH),https://system.gotsport.com/org_event/events/54982/schedules?team=4142509,SouthStars SC
BPYSL,Female U15 - U14/U15G Select Black,PC United SC G12/13 (OH),https://system.gotsport.com/org_event/events/54982/schedules?team=4160944,PC United SC
BPYSL,Female U15 - U14/U15G Select Black,Dayton Futbol Academy DFA 2012/2013G Premier (OH),https://system.gotsport.com/org_event/events/54982/schedules?team=4177383,Dayton Futbol Academy
